{
  "1": {
    "Precision": [
      0.45792482980957383,
      0.37206714987310346,
      0.24668058385155617,
      0.15415701806147125,
      0.08714393433081802
    ],
    "Recall": [
      1.0,
      1.0,
      1.0,
      1.0,
      1.0
    ],
    "False": [
      50.083333333333336,
      50.083333333333336,
      35.940401632914174,
      35.940401632914174,
      23.893555091467483
    ],
    "Delay": [
      155.96428571428572,
      181.24,
      221.0,
      230.15384615384616,
      217.66666666666666
    ]
  },
  "2": {
    "Precision": [
      0.45792482980957383,
      0.37206714987310346,
      0.24668058385155617,
      0.15415701806147125,
      0.08714393433081802
    ],
    "Recall": [
      1.0,
      1.0,
      1.0,
      1.0,
      1.0
    ],
    "False": [
      50.083333333333336,
      50.083333333333336,
      35.940401632914174,
      35.940401632914174,
      23.893555091467483
    ],
    "Delay": [
      155.96428571428572,
      181.24,
      221.0,
      230.15384615384616,
      217.66666666666666
    ]
  },
  "3": {
    "Precision": [
      0.45792482980957383,
      0.37206714987310346,
      0.24668058385155617,
      0.15415701806147125,
      0.08714393433081802
    ],
    "Recall": [
      1.0,
      1.0,
      1.0,
      1.0,
      1.0
    ],
    "False": [
      50.083333333333336,
      50.083333333333336,
      35.940401632914174,
      35.940401632914174,
      23.893555091467483
    ],
    "Delay": [
      155.96428571428572,
      181.24,
      221.0,
      230.15384615384616,
      217.66666666666666
    ]
  },
  "4": {
    "Precision": [
      0.45792482980957383,
      0.37206714987310346,
      0.24668058385155617,
      0.15415701806147125,
      0.08714393433081802
    ],
    "Recall": [
      1.0,
      1.0,
      1.0,
      1.0,
      1.0
    ],
    "False": [
      50.083333333333336,
      50.083333333333336,
      35.940401632914174,
      35.940401632914174,
      23.893555091467483
    ],
    "Delay": [
      155.96428571428572,
      181.24,
      221.0,
      230.15384615384616,
      217.66666666666666
    ]
  },
  "5": {
    "Precision": [
      0.45792482980957383,
      0.37206714987310346,
      0.24668058385155617,
      0.15415701806147125,
      0.08714393433081802
    ],
    "Recall": [
      1.0,
      1.0,
      1.0,
      1.0,
      1.0
    ],
    "False": [
      50.083333333333336,
      50.083333333333336,
      35.940401632914174,
      35.940401632914174,
      23.893555091467483
    ],
    "Delay": [
      155.96428571428572,
      181.24,
      221.0,
      230.15384615384616,
      217.66666666666666
    ]
  }
}