{
  "1": {
    "Precision": [
      0.6047171246278258,
      0.5669949459217655,
      0.4751302731581583,
      0.39971249195896064,
      0.2789334264761646
    ],
    "Recall": [
      1.0,
      1.0,
      1.0,
      1.0,
      1.0
    ],
    "False": [
      47.03333333333333,
      47.03333333333333,
      41.89961244236811,
      41.89961244236811,
      36.75520648916113
    ],
    "Delay": [
      43.733333333333334,
      52.06896551724138,
      74.16666666666667,
      87.80952380952381,
      110.61111111111111
    ]
  },
  "2": {
    "Precision": [
      0.6047171246278258,
      0.5669949459217655,
      0.4751302731581583,
      0.39971249195896064,
      0.2789334264761646
    ],
    "Recall": [
      1.0,
      1.0,
      1.0,
      1.0,
      1.0
    ],
    "False": [
      47.03333333333333,
      47.03333333333333,
      41.89961244236811,
      41.89961244236811,
      36.75520648916113
    ],
    "Delay": [
      43.733333333333334,
      52.06896551724138,
      74.16666666666667,
      87.80952380952381,
      110.61111111111111
    ]
  },
  "3": {
    "Precision": [
      0.6047171246278258,
      0.5669949459217655,
      0.4751302731581583,
      0.39971249195896064,
      0.2789334264761646
    ],
    "Recall": [
      1.0,
      1.0,
      1.0,
      1.0,
      1.0
    ],
    "False": [
      47.03333333333333,
      47.03333333333333,
      41.89961244236811,
      41.89961244236811,
      36.75520648916113
    ],
    "Delay": [
      43.733333333333334,
      52.06896551724138,
      74.16666666666667,
      87.80952380952381,
      110.61111111111111
    ]
  },
  "4": {
    "Precision": [
      0.6047171246278258,
      0.5669949459217655,
      0.4751302731581583,
      0.39971249195896064,
      0.2789334264761646
    ],
    "Recall": [
      1.0,
      1.0,
      1.0,
      1.0,
      1.0
    ],
    "False": [
      47.03333333333333,
      47.03333333333333,
      41.89961244236811,
      41.89961244236811,
      36.75520648916113
    ],
    "Delay": [
      43.733333333333334,
      52.06896551724138,
      74.16666666666667,
      87.80952380952381,
      110.61111111111111
    ]
  },
  "5": {
    "Precision": [
      0.6047171246278258,
      0.5669949459217655,
      0.4751302731581583,
      0.39971249195896064,
      0.2789334264761646
    ],
    "Recall": [
      1.0,
      1.0,
      1.0,
      1.0,
      1.0
    ],
    "False": [
      47.03333333333333,
      47.03333333333333,
      41.89961244236811,
      41.89961244236811,
      36.75520648916113
    ],
    "Delay": [
      43.733333333333334,
      52.06896551724138,
      74.16666666666667,
      87.80952380952381,
      110.61111111111111
    ]
  }
}