{
  "1": {
    "Precision": [
      0.9901098901098901,
      0.9859943977591037,
      0.9625,
      0.8714285714285716,
      NaN
    ],
    "False": [
      0.6,
      0.6,
      0.0,
      0.0,
      3.0000000000000004
    ]
  },
  "2": {
    "Precision": [
      0.9901098901098901,
      0.9859943977591037,
      0.9625,
      0.8714285714285716,
      NaN
    ],
    "False": [
      0.6,
      0.6,
      0.0,
      0.0,
      3.0000000000000004
    ]
  },
  "3": {
    "Precision": [
      0.9901098901098901,
      0.9859943977591037,
      0.9625,
      0.8714285714285716,
      NaN
    ],
    "False": [
      0.6,
      0.6,
      0.0,
      0.0,
      3.0000000000000004
    ]
  },
  "4": {
    "Precision": [
      0.9901098901098901,
      0.9859943977591037,
      0.9625,
      0.8714285714285716,
      NaN
    ],
    "False": [
      0.6,
      0.6,
      0.0,
      0.0,
      3.0000000000000004
    ]
  },
  "5": {
    "Precision": [
      0.9901098901098901,
      0.9859943977591037,
      0.9625,
      0.8714285714285716,
      NaN
    ],
    "False": [
      0.6,
      0.6,
      0.0,
      0.0,
      3.0000000000000004
    ]
  }
}