{
  "1": {
    "Precision": [
      0.80564571527694,
      0.7834709470767312,
      0.7437020385643826,
      0.7066633277282374,
      0.6047339514577418
    ],
    "Recall": [
      1.0,
      1.0,
      1.0,
      1.0,
      1.0
    ],
    "False": [
      13.45,
      13.45,
      0.0,
      0.0,
      9.873129842945385
    ],
    "Delay": [
      80.75,
      90.75,
      105.75,
      115.75,
      130.75
    ]
  },
  "2": {
    "Precision": [
      0.80564571527694,
      0.7834709470767312,
      0.7437020385643826,
      0.7066633277282374,
      0.6047339514577418
    ],
    "Recall": [
      1.0,
      1.0,
      1.0,
      1.0,
      1.0
    ],
    "False": [
      13.45,
      13.45,
      0.0,
      0.0,
      9.873129842945385
    ],
    "Delay": [
      80.75,
      90.75,
      105.75,
      115.75,
      130.75
    ]
  },
  "3": {
    "Precision": [
      0.80564571527694,
      0.7834709470767312,
      0.7437020385643826,
      0.7066633277282374,
      0.6047339514577418
    ],
    "Recall": [
      1.0,
      1.0,
      1.0,
      1.0,
      1.0
    ],
    "False": [
      13.45,
      13.45,
      0.0,
      0.0,
      9.873129842945385
    ],
    "Delay": [
      80.75,
      90.75,
      105.75,
      115.75,
      130.75
    ]
  },
  "4": {
    "Precision": [
      0.80564571527694,
      0.7834709470767312,
      0.7437020385643826,
      0.7066633277282374,
      0.6047339514577418
    ],
    "Recall": [
      1.0,
      1.0,
      1.0,
      1.0,
      1.0
    ],
    "False": [
      13.45,
      13.45,
      0.0,
      0.0,
      9.873129842945385
    ],
    "Delay": [
      80.75,
      90.75,
      105.75,
      115.75,
      130.75
    ]
  },
  "5": {
    "Precision": [
      0.80564571527694,
      0.7834709470767312,
      0.7437020385643826,
      0.7066633277282374,
      0.6047339514577418
    ],
    "Recall": [
      1.0,
      1.0,
      1.0,
      1.0,
      1.0
    ],
    "False": [
      13.45,
      13.45,
      0.0,
      0.0,
      9.873129842945385
    ],
    "Delay": [
      80.75,
      90.75,
      105.75,
      115.75,
      130.75
    ]
  }
}