{
  "1": {
    "Precision": [
      0.8708902009730228,
      0.868227972815246,
      0.8500091225951432,
      0.8069423082691547,
      0.7635761217189516
    ],
    "Recall": [
      1.0,
      1.0,
      1.0,
      1.0,
      1.0
    ],
    "False": [
      13.96,
      13.96,
      0.0,
      0.0,
      15.195183673998875
    ],
    "Delay": [
      56.25,
      62.5,
      74.375,
      86.14285714285714,
      94.0
    ]
  },
  "2": {
    "Precision": [
      0.8708902009730228,
      0.868227972815246,
      0.8500091225951432,
      0.8069423082691547,
      0.7635761217189516
    ],
    "Recall": [
      1.0,
      1.0,
      1.0,
      1.0,
      1.0
    ],
    "False": [
      13.96,
      13.96,
      0.0,
      0.0,
      15.195183673998875
    ],
    "Delay": [
      56.25,
      62.5,
      74.375,
      86.14285714285714,
      94.0
    ]
  },
  "3": {
    "Precision": [
      0.8708902009730228,
      0.868227972815246,
      0.8500091225951432,
      0.8069423082691547,
      0.7635761217189516
    ],
    "Recall": [
      1.0,
      1.0,
      1.0,
      1.0,
      1.0
    ],
    "False": [
      13.96,
      13.96,
      0.0,
      0.0,
      15.195183673998875
    ],
    "Delay": [
      56.25,
      62.5,
      74.375,
      86.14285714285714,
      94.0
    ]
  },
  "4": {
    "Precision": [
      0.8708902009730228,
      0.868227972815246,
      0.8500091225951432,
      0.8069423082691547,
      0.7635761217189516
    ],
    "Recall": [
      1.0,
      1.0,
      1.0,
      1.0,
      1.0
    ],
    "False": [
      13.96,
      13.96,
      0.0,
      0.0,
      15.195183673998875
    ],
    "Delay": [
      56.25,
      62.5,
      74.375,
      86.14285714285714,
      94.0
    ]
  },
  "5": {
    "Precision": [
      0.8708902009730228,
      0.868227972815246,
      0.8500091225951432,
      0.8069423082691547,
      0.7635761217189516
    ],
    "Recall": [
      1.0,
      1.0,
      1.0,
      1.0,
      1.0
    ],
    "False": [
      13.96,
      13.96,
      0.0,
      0.0,
      15.195183673998875
    ],
    "Delay": [
      56.25,
      62.5,
      74.375,
      86.14285714285714,
      94.0
    ]
  }
}