{
  "1": {
    "Precision": [
      0.6077058761254002,
      0.5696913585224953,
      0.4751302731581583,
      0.39971249195896064,
      0.2789334264761646
    ],
    "Recall": [
      1.0,
      1.0,
      1.0,
      1.0,
      1.0
    ],
    "False": [
      47.03333333333333,
      47.03333333333333,
      41.89961244236811,
      41.89961244236811,
      36.75520648916113
    ],
    "Delay": [
      45.12903225806452,
      53.56666666666667,
      74.16666666666667,
      87.80952380952381,
      110.61111111111111
    ]
  },
  "2": {
    "Precision": [
      0.6077058761254002,
      0.5696913585224953,
      0.4751302731581583,
      0.39971249195896064,
      0.2789334264761646
    ],
    "Recall": [
      1.0,
      1.0,
      1.0,
      1.0,
      1.0
    ],
    "False": [
      47.03333333333333,
      47.03333333333333,
      41.89961244236811,
      41.89961244236811,
      36.75520648916113
    ],
    "Delay": [
      45.12903225806452,
      53.56666666666667,
      74.16666666666667,
      87.80952380952381,
      110.61111111111111
    ]
  },
  "3": {
    "Precision": [
      0.6077058761254002,
      0.5696913585224953,
      0.4751302731581583,
      0.39971249195896064,
      0.2789334264761646
    ],
    "Recall": [
      1.0,
      1.0,
      1.0,
      1.0,
      1.0
    ],
    "False": [
      47.03333333333333,
      47.03333333333333,
      41.89961244236811,
      41.89961244236811,
      36.75520648916113
    ],
    "Delay": [
      45.12903225806452,
      53.56666666666667,
      74.16666666666667,
      87.80952380952381,
      110.61111111111111
    ]
  },
  "4": {
    "Precision": [
      0.6077058761254002,
      0.5696913585224953,
      0.4751302731581583,
      0.39971249195896064,
      0.2789334264761646
    ],
    "Recall": [
      1.0,
      1.0,
      1.0,
      1.0,
      1.0
    ],
    "False": [
      47.03333333333333,
      47.03333333333333,
      41.89961244236811,
      41.89961244236811,
      36.75520648916113
    ],
    "Delay": [
      45.12903225806452,
      53.56666666666667,
      74.16666666666667,
      87.80952380952381,
      110.61111111111111
    ]
  },
  "5": {
    "Precision": [
      0.6077058761254002,
      0.5696913585224953,
      0.4751302731581583,
      0.39971249195896064,
      0.2789334264761646
    ],
    "Recall": [
      1.0,
      1.0,
      1.0,
      1.0,
      1.0
    ],
    "False": [
      47.03333333333333,
      47.03333333333333,
      41.89961244236811,
      41.89961244236811,
      36.75520648916113
    ],
    "Delay": [
      45.12903225806452,
      53.56666666666667,
      74.16666666666667,
      87.80952380952381,
      110.61111111111111
    ]
  }
}