{
  "1": {
    "Precision": [
      0.5270838089906993,
      0.43709900393808354,
      0.3053783813024271,
      0.19832555827687723,
      0.1058245556287031
    ],
    "Recall": [
      1.0,
      1.0,
      1.0,
      1.0,
      1.0
    ],
    "False": [
      39.61666666666667,
      39.61666666666667,
      26.81914401779057,
      26.81914401779057,
      18.771912809733774
    ],
    "Delay": [
      160.92592592592592,
      188.70833333333334,
      227.44444444444446,
      240.54545454545453,
      232.5
    ]
  },
  "2": {
    "Precision": [
      0.5270838089906993,
      0.43709900393808354,
      0.3053783813024271,
      0.19832555827687723,
      0.1058245556287031
    ],
    "Recall": [
      1.0,
      1.0,
      1.0,
      1.0,
      1.0
    ],
    "False": [
      39.61666666666667,
      39.61666666666667,
      26.81914401779057,
      26.81914401779057,
      18.771912809733774
    ],
    "Delay": [
      160.92592592592592,
      188.70833333333334,
      227.44444444444446,
      240.54545454545453,
      232.5
    ]
  },
  "3": {
    "Precision": [
      0.5270838089906993,
      0.43709900393808354,
      0.3053783813024271,
      0.19832555827687723,
      0.1058245556287031
    ],
    "Recall": [
      1.0,
      1.0,
      1.0,
      1.0,
      1.0
    ],
    "False": [
      39.61666666666667,
      39.61666666666667,
      26.81914401779057,
      26.81914401779057,
      18.771912809733774
    ],
    "Delay": [
      160.92592592592592,
      188.70833333333334,
      227.44444444444446,
      240.54545454545453,
      232.5
    ]
  },
  "4": {
    "Precision": [
      0.5270838089906993,
      0.43709900393808354,
      0.3053783813024271,
      0.19832555827687723,
      0.1058245556287031
    ],
    "Recall": [
      1.0,
      1.0,
      1.0,
      1.0,
      1.0
    ],
    "False": [
      39.61666666666667,
      39.61666666666667,
      26.81914401779057,
      26.81914401779057,
      18.771912809733774
    ],
    "Delay": [
      160.92592592592592,
      188.70833333333334,
      227.44444444444446,
      240.54545454545453,
      232.5
    ]
  },
  "5": {
    "Precision": [
      0.5270838089906993,
      0.43709900393808354,
      0.3053783813024271,
      0.19832555827687723,
      0.1058245556287031
    ],
    "Recall": [
      1.0,
      1.0,
      1.0,
      1.0,
      1.0
    ],
    "False": [
      39.61666666666667,
      39.61666666666667,
      26.81914401779057,
      26.81914401779057,
      18.771912809733774
    ],
    "Delay": [
      160.92592592592592,
      188.70833333333334,
      227.44444444444446,
      240.54545454545453,
      232.5
    ]
  }
}