{
  "1": {
    "Precision": [
      0.7630400848175842,
      0.7161607322236005,
      0.665404204586333,
      0.6186344630284105,
      0.4975132829135126
    ],
    "Recall": [
      1.0,
      1.0,
      1.0,
      1.0,
      1.0
    ],
    "False": [
      14.05,
      14.05,
      0.0,
      0.0,
      4.296746162533935
    ],
    "Delay": [
      94.35714285714286,
      111.23076923076923,
      126.23076923076923,
      136.23076923076923,
      151.23076923076923
    ]
  },
  "2": {
    "Precision": [
      0.7630400848175842,
      0.7161607322236005,
      0.665404204586333,
      0.6186344630284105,
      0.4975132829135126
    ],
    "Recall": [
      1.0,
      1.0,
      1.0,
      1.0,
      1.0
    ],
    "False": [
      14.05,
      14.05,
      0.0,
      0.0,
      4.296746162533935
    ],
    "Delay": [
      94.35714285714286,
      111.23076923076923,
      126.23076923076923,
      136.23076923076923,
      151.23076923076923
    ]
  },
  "3": {
    "Precision": [
      0.7630400848175842,
      0.7161607322236005,
      0.665404204586333,
      0.6186344630284105,
      0.4975132829135126
    ],
    "Recall": [
      1.0,
      1.0,
      1.0,
      1.0,
      1.0
    ],
    "False": [
      14.05,
      14.05,
      0.0,
      0.0,
      4.296746162533935
    ],
    "Delay": [
      94.35714285714286,
      111.23076923076923,
      126.23076923076923,
      136.23076923076923,
      151.23076923076923
    ]
  },
  "4": {
    "Precision": [
      0.7630400848175842,
      0.7161607322236005,
      0.665404204586333,
      0.6186344630284105,
      0.4975132829135126
    ],
    "Recall": [
      1.0,
      1.0,
      1.0,
      1.0,
      1.0
    ],
    "False": [
      14.05,
      14.05,
      0.0,
      0.0,
      4.296746162533935
    ],
    "Delay": [
      94.35714285714286,
      111.23076923076923,
      126.23076923076923,
      136.23076923076923,
      151.23076923076923
    ]
  },
  "5": {
    "Precision": [
      0.7630400848175842,
      0.7161607322236005,
      0.665404204586333,
      0.6186344630284105,
      0.4975132829135126
    ],
    "Recall": [
      1.0,
      1.0,
      1.0,
      1.0,
      1.0
    ],
    "False": [
      14.05,
      14.05,
      0.0,
      0.0,
      4.296746162533935
    ],
    "Delay": [
      94.35714285714286,
      111.23076923076923,
      126.23076923076923,
      136.23076923076923,
      151.23076923076923
    ]
  }
}