{
  "1": {
    "Precision": [
      0.44244161908636,
      0.36158281280227944,
      0.2370560014221101,
      0.1467196976486172,
      0.08359181609061243
    ],
    "Recall": [
      1.0,
      1.0,
      1.0,
      1.0,
      1.0
    ],
    "False": [
      49.05,
      49.05,
      39.302189735823404,
      39.302189735823404,
      30.354952657808393
    ],
    "Delay": [
      174.51724137931035,
      203.07692307692307,
      237.05555555555554,
      256.72727272727275,
      277.0
    ]
  },
  "2": {
    "Precision": [
      0.44244161908636,
      0.36158281280227944,
      0.2370560014221101,
      0.1467196976486172,
      0.08359181609061243
    ],
    "Recall": [
      1.0,
      1.0,
      1.0,
      1.0,
      1.0
    ],
    "False": [
      49.05,
      49.05,
      39.302189735823404,
      39.302189735823404,
      30.354952657808393
    ],
    "Delay": [
      174.51724137931035,
      203.07692307692307,
      237.05555555555554,
      256.72727272727275,
      277.0
    ]
  },
  "3": {
    "Precision": [
      0.44244161908636,
      0.36158281280227944,
      0.2370560014221101,
      0.1467196976486172,
      0.08359181609061243
    ],
    "Recall": [
      1.0,
      1.0,
      1.0,
      1.0,
      1.0
    ],
    "False": [
      49.05,
      49.05,
      39.302189735823404,
      39.302189735823404,
      30.354952657808393
    ],
    "Delay": [
      174.51724137931035,
      203.07692307692307,
      237.05555555555554,
      256.72727272727275,
      277.0
    ]
  },
  "4": {
    "Precision": [
      0.44244161908636,
      0.36158281280227944,
      0.2370560014221101,
      0.1467196976486172,
      0.08359181609061243
    ],
    "Recall": [
      1.0,
      1.0,
      1.0,
      1.0,
      1.0
    ],
    "False": [
      49.05,
      49.05,
      39.302189735823404,
      39.302189735823404,
      30.354952657808393
    ],
    "Delay": [
      174.51724137931035,
      203.07692307692307,
      237.05555555555554,
      256.72727272727275,
      277.0
    ]
  },
  "5": {
    "Precision": [
      0.44244161908636,
      0.36158281280227944,
      0.2370560014221101,
      0.1467196976486172,
      0.08359181609061243
    ],
    "Recall": [
      1.0,
      1.0,
      1.0,
      1.0,
      1.0
    ],
    "False": [
      49.05,
      49.05,
      39.302189735823404,
      39.302189735823404,
      30.354952657808393
    ],
    "Delay": [
      174.51724137931035,
      203.07692307692307,
      237.05555555555554,
      256.72727272727275,
      277.0
    ]
  }
}