{
  "1": {
    "Precision": [
      0.5428909868012858,
      0.5063437752987865,
      0.41579214850172247,
      0.34018533847552457,
      0.2327587309270722
    ],
    "Recall": [
      1.0,
      1.0,
      1.0,
      1.0,
      1.0
    ],
    "False": [
      62.0,
      62.0,
      54.24704197173813,
      54.24704197173813,
      46.403192010148445
    ],
    "Delay": [
      39.407407407407405,
      48.2962962962963,
      68.81818181818181,
      82.1,
      104.3529411764706
    ]
  },
  "2": {
    "Precision": [
      0.5428909868012858,
      0.5063437752987865,
      0.41579214850172247,
      0.34018533847552457,
      0.2327587309270722
    ],
    "Recall": [
      1.0,
      1.0,
      1.0,
      1.0,
      1.0
    ],
    "False": [
      62.0,
      62.0,
      54.24704197173813,
      54.24704197173813,
      46.403192010148445
    ],
    "Delay": [
      39.407407407407405,
      48.2962962962963,
      68.81818181818181,
      82.1,
      104.3529411764706
    ]
  },
  "3": {
    "Precision": [
      0.5428909868012858,
      0.5063437752987865,
      0.41579214850172247,
      0.34018533847552457,
      0.2327587309270722
    ],
    "Recall": [
      1.0,
      1.0,
      1.0,
      1.0,
      1.0
    ],
    "False": [
      62.0,
      62.0,
      54.24704197173813,
      54.24704197173813,
      46.403192010148445
    ],
    "Delay": [
      39.407407407407405,
      48.2962962962963,
      68.81818181818181,
      82.1,
      104.3529411764706
    ]
  },
  "4": {
    "Precision": [
      0.5428909868012858,
      0.5063437752987865,
      0.41579214850172247,
      0.34018533847552457,
      0.2327587309270722
    ],
    "Recall": [
      1.0,
      1.0,
      1.0,
      1.0,
      1.0
    ],
    "False": [
      62.0,
      62.0,
      54.24704197173813,
      54.24704197173813,
      46.403192010148445
    ],
    "Delay": [
      39.407407407407405,
      48.2962962962963,
      68.81818181818181,
      82.1,
      104.3529411764706
    ]
  },
  "5": {
    "Precision": [
      0.5428909868012858,
      0.5063437752987865,
      0.41579214850172247,
      0.34018533847552457,
      0.2327587309270722
    ],
    "Recall": [
      1.0,
      1.0,
      1.0,
      1.0,
      1.0
    ],
    "False": [
      62.0,
      62.0,
      54.24704197173813,
      54.24704197173813,
      46.403192010148445
    ],
    "Delay": [
      39.407407407407405,
      48.2962962962963,
      68.81818181818181,
      82.1,
      104.3529411764706
    ]
  }
}