{
  "1": {
    "Precision": [
      0.9914285714285714,
      0.9882352941176471,
      0.9722222222222222,
      0.9,
      NaN
    ],
    "False": [
      0.6,
      0.6,
      0.0,
      0.0,
      3.0000000000000004
    ]
  },
  "2": {
    "Precision": [
      0.9914285714285714,
      0.9882352941176471,
      0.9722222222222222,
      0.9,
      NaN
    ],
    "False": [
      0.6,
      0.6,
      0.0,
      0.0,
      3.0000000000000004
    ]
  },
  "3": {
    "Precision": [
      0.9914285714285714,
      0.9882352941176471,
      0.9722222222222222,
      0.9,
      NaN
    ],
    "False": [
      0.6,
      0.6,
      0.0,
      0.0,
      3.0000000000000004
    ]
  },
  "4": {
    "Precision": [
      0.9914285714285714,
      0.9882352941176471,
      0.9722222222222222,
      0.9,
      NaN
    ],
    "False": [
      0.6,
      0.6,
      0.0,
      0.0,
      3.0000000000000004
    ]
  },
  "5": {
    "Precision": [
      0.9914285714285714,
      0.9882352941176471,
      0.9722222222222222,
      0.9,
      NaN
    ],
    "False": [
      0.6,
      0.6,
      0.0,
      0.0,
      3.0000000000000004
    ]
  }
}