{
  "1": {
    "Precision": [
      0.8409623270870648,
      0.9149602355532276,
      0.8937451423519536,
      0.8718577369394067,
      0.7996167013814072
    ],
    "Recall": [
      1.0,
      1.0,
      1.0,
      1.0,
      1.0
    ],
    "False": [
      3.75,
      3.75,
      3.3720299758492853,
      3.3720299758492853,
      2.961918194640339
    ],
    "Delay": [
      54.583333333333336,
      64.58333333333333,
      79.58333333333333,
      89.58333333333333,
      104.58333333333333
    ]
  },
  "2": {
    "Precision": [
      0.8409623270870648,
      0.9149602355532276,
      0.8937451423519536,
      0.8718577369394067,
      0.7996167013814072
    ],
    "Recall": [
      1.0,
      1.0,
      1.0,
      1.0,
      1.0
    ],
    "False": [
      3.75,
      3.75,
      3.3720299758492853,
      3.3720299758492853,
      2.961918194640339
    ],
    "Delay": [
      54.583333333333336,
      64.58333333333333,
      79.58333333333333,
      89.58333333333333,
      104.58333333333333
    ]
  },
  "3": {
    "Precision": [
      0.8409623270870648,
      0.9149602355532276,
      0.8937451423519536,
      0.8718577369394067,
      0.7996167013814072
    ],
    "Recall": [
      1.0,
      1.0,
      1.0,
      1.0,
      1.0
    ],
    "False": [
      3.75,
      3.75,
      3.3720299758492853,
      3.3720299758492853,
      2.961918194640339
    ],
    "Delay": [
      54.583333333333336,
      64.58333333333333,
      79.58333333333333,
      89.58333333333333,
      104.58333333333333
    ]
  },
  "4": {
    "Precision": [
      0.8409623270870648,
      0.9149602355532276,
      0.8937451423519536,
      0.8718577369394067,
      0.7996167013814072
    ],
    "Recall": [
      1.0,
      1.0,
      1.0,
      1.0,
      1.0
    ],
    "False": [
      3.75,
      3.75,
      3.3720299758492853,
      3.3720299758492853,
      2.961918194640339
    ],
    "Delay": [
      54.583333333333336,
      64.58333333333333,
      79.58333333333333,
      89.58333333333333,
      104.58333333333333
    ]
  },
  "5": {
    "Precision": [
      0.8409623270870648,
      0.9149602355532276,
      0.8937451423519536,
      0.8718577369394067,
      0.7996167013814072
    ],
    "Recall": [
      1.0,
      1.0,
      1.0,
      1.0,
      1.0
    ],
    "False": [
      3.75,
      3.75,
      3.3720299758492853,
      3.3720299758492853,
      2.961918194640339
    ],
    "Delay": [
      54.583333333333336,
      64.58333333333333,
      79.58333333333333,
      89.58333333333333,
      104.58333333333333
    ]
  }
}