{
  "1": {
    "Precision": [
      0.7944591607358834,
      0.7863704745848608,
      0.7439978704089516,
      0.6788393088393089,
      0.7373730924971126
    ],
    "Recall": [
      1.0,
      1.0,
      1.0,
      1.0,
      1.0
    ],
    "False": [
      17.0,
      17.0,
      15.945600218165378,
      15.945600218165378,
      14.68981575105078
    ],
    "Delay": [
      52.0,
      56.0,
      66.66666666666667,
      74.66666666666667,
      92.45454545454545
    ]
  },
  "2": {
    "Precision": [
      0.7944591607358834,
      0.7863704745848608,
      0.7439978704089516,
      0.6788393088393089,
      0.7373730924971126
    ],
    "Recall": [
      1.0,
      1.0,
      1.0,
      1.0,
      1.0
    ],
    "False": [
      17.0,
      17.0,
      15.945600218165378,
      15.945600218165378,
      14.68981575105078
    ],
    "Delay": [
      52.0,
      56.0,
      66.66666666666667,
      74.66666666666667,
      92.45454545454545
    ]
  },
  "3": {
    "Precision": [
      0.7944591607358834,
      0.7863704745848608,
      0.7439978704089516,
      0.6788393088393089,
      0.7373730924971126
    ],
    "Recall": [
      1.0,
      1.0,
      1.0,
      1.0,
      1.0
    ],
    "False": [
      17.0,
      17.0,
      15.945600218165378,
      15.945600218165378,
      14.68981575105078
    ],
    "Delay": [
      52.0,
      56.0,
      66.66666666666667,
      74.66666666666667,
      92.45454545454545
    ]
  },
  "4": {
    "Precision": [
      0.7944591607358834,
      0.7863704745848608,
      0.7439978704089516,
      0.6788393088393089,
      0.7373730924971126
    ],
    "Recall": [
      1.0,
      1.0,
      1.0,
      1.0,
      1.0
    ],
    "False": [
      17.0,
      17.0,
      15.945600218165378,
      15.945600218165378,
      14.68981575105078
    ],
    "Delay": [
      52.0,
      56.0,
      66.66666666666667,
      74.66666666666667,
      92.45454545454545
    ]
  },
  "5": {
    "Precision": [
      0.7944591607358834,
      0.7863704745848608,
      0.7439978704089516,
      0.6788393088393089,
      0.7373730924971126
    ],
    "Recall": [
      1.0,
      1.0,
      1.0,
      1.0,
      1.0
    ],
    "False": [
      17.0,
      17.0,
      15.945600218165378,
      15.945600218165378,
      14.68981575105078
    ],
    "Delay": [
      52.0,
      56.0,
      66.66666666666667,
      74.66666666666667,
      92.45454545454545
    ]
  }
}