{
  "1": {
    "Precision": [
      0.5427995012358647,
      0.5064730483287478,
      0.416206158694176,
      0.3382743794940056,
      0.2334928752499973
    ],
    "Recall": [
      1.0,
      1.0,
      1.0,
      1.0,
      1.0
    ],
    "False": [
      64.0,
      64.0,
      54.73153886287538,
      54.73153886287538,
      45.72790414543575
    ],
    "Delay": [
      38.34615384615385,
      47.19230769230769,
      68.42857142857143,
      82.10526315789474,
      104.8125
    ]
  },
  "2": {
    "Precision": [
      0.5427995012358647,
      0.5064730483287478,
      0.416206158694176,
      0.3382743794940056,
      0.2334928752499973
    ],
    "Recall": [
      1.0,
      1.0,
      1.0,
      1.0,
      1.0
    ],
    "False": [
      64.0,
      64.0,
      54.73153886287538,
      54.73153886287538,
      45.72790414543575
    ],
    "Delay": [
      38.34615384615385,
      47.19230769230769,
      68.42857142857143,
      82.10526315789474,
      104.8125
    ]
  },
  "3": {
    "Precision": [
      0.5427995012358647,
      0.5064730483287478,
      0.416206158694176,
      0.3382743794940056,
      0.2334928752499973
    ],
    "Recall": [
      1.0,
      1.0,
      1.0,
      1.0,
      1.0
    ],
    "False": [
      64.0,
      64.0,
      54.73153886287538,
      54.73153886287538,
      45.72790414543575
    ],
    "Delay": [
      38.34615384615385,
      47.19230769230769,
      68.42857142857143,
      82.10526315789474,
      104.8125
    ]
  },
  "4": {
    "Precision": [
      0.5427995012358647,
      0.5064730483287478,
      0.416206158694176,
      0.3382743794940056,
      0.2334928752499973
    ],
    "Recall": [
      1.0,
      1.0,
      1.0,
      1.0,
      1.0
    ],
    "False": [
      64.0,
      64.0,
      54.73153886287538,
      54.73153886287538,
      45.72790414543575
    ],
    "Delay": [
      38.34615384615385,
      47.19230769230769,
      68.42857142857143,
      82.10526315789474,
      104.8125
    ]
  },
  "5": {
    "Precision": [
      0.5427995012358647,
      0.5064730483287478,
      0.416206158694176,
      0.3382743794940056,
      0.2334928752499973
    ],
    "Recall": [
      1.0,
      1.0,
      1.0,
      1.0,
      1.0
    ],
    "False": [
      64.0,
      64.0,
      54.73153886287538,
      54.73153886287538,
      45.72790414543575
    ],
    "Delay": [
      38.34615384615385,
      47.19230769230769,
      68.42857142857143,
      82.10526315789474,
      104.8125
    ]
  }
}