{
  "1": {
    "Precision": [
      0.842021197193611,
      0.9410442670455186,
      0.9265406162464986,
      0.9115319865319865,
      0.8582051282051282
    ],
    "Recall": [
      1.0,
      1.0,
      1.0,
      1.0,
      1.0
    ],
    "False": [
      2.85,
      2.85,
      2.654603239561079,
      2.654603239561079,
      2.4489795918367347
    ],
    "Delay": [
      48.5,
      58.5,
      73.5,
      83.5,
      98.5
    ]
  },
  "2": {
    "Precision": [
      0.842021197193611,
      0.9410442670455186,
      0.9265406162464986,
      0.9115319865319865,
      0.8582051282051282
    ],
    "Recall": [
      1.0,
      1.0,
      1.0,
      1.0,
      1.0
    ],
    "False": [
      2.85,
      2.85,
      2.654603239561079,
      2.654603239561079,
      2.4489795918367347
    ],
    "Delay": [
      48.5,
      58.5,
      73.5,
      83.5,
      98.5
    ]
  },
  "3": {
    "Precision": [
      0.842021197193611,
      0.9410442670455186,
      0.9265406162464986,
      0.9115319865319865,
      0.8582051282051282
    ],
    "Recall": [
      1.0,
      1.0,
      1.0,
      1.0,
      1.0
    ],
    "False": [
      2.85,
      2.85,
      2.654603239561079,
      2.654603239561079,
      2.4489795918367347
    ],
    "Delay": [
      48.5,
      58.5,
      73.5,
      83.5,
      98.5
    ]
  },
  "4": {
    "Precision": [
      0.842021197193611,
      0.9410442670455186,
      0.9265406162464986,
      0.9115319865319865,
      0.8582051282051282
    ],
    "Recall": [
      1.0,
      1.0,
      1.0,
      1.0,
      1.0
    ],
    "False": [
      2.85,
      2.85,
      2.654603239561079,
      2.654603239561079,
      2.4489795918367347
    ],
    "Delay": [
      48.5,
      58.5,
      73.5,
      83.5,
      98.5
    ]
  },
  "5": {
    "Precision": [
      0.842021197193611,
      0.9410442670455186,
      0.9265406162464986,
      0.9115319865319865,
      0.8582051282051282
    ],
    "Recall": [
      1.0,
      1.0,
      1.0,
      1.0,
      1.0
    ],
    "False": [
      2.85,
      2.85,
      2.654603239561079,
      2.654603239561079,
      2.4489795918367347
    ],
    "Delay": [
      48.5,
      58.5,
      73.5,
      83.5,
      98.5
    ]
  }
}