{
  "1": {
    "Precision": [
      0.8345343207257649,
      0.8302250114806422,
      0.8011614794269484,
      0.7594331470968765,
      0.7635761217189516
    ],
    "Recall": [
      1.0,
      1.0,
      1.0,
      1.0,
      1.0
    ],
    "False": [
      16.64,
      16.64,
      15.565235649422547,
      15.565235649422547,
      14.28742476427384
    ],
    "Delay": [
      54.30769230769231,
      58.92307692307692,
      68.92307692307692,
      76.61538461538461,
      95.88888888888889
    ]
  },
  "2": {
    "Precision": [
      0.8345343207257649,
      0.8302250114806422,
      0.8011614794269484,
      0.7594331470968765,
      0.7635761217189516
    ],
    "Recall": [
      1.0,
      1.0,
      1.0,
      1.0,
      1.0
    ],
    "False": [
      16.64,
      16.64,
      15.565235649422547,
      15.565235649422547,
      14.28742476427384
    ],
    "Delay": [
      54.30769230769231,
      58.92307692307692,
      68.92307692307692,
      76.61538461538461,
      95.88888888888889
    ]
  },
  "3": {
    "Precision": [
      0.8345343207257649,
      0.8302250114806422,
      0.8011614794269484,
      0.7594331470968765,
      0.7635761217189516
    ],
    "Recall": [
      1.0,
      1.0,
      1.0,
      1.0,
      1.0
    ],
    "False": [
      16.64,
      16.64,
      15.565235649422547,
      15.565235649422547,
      14.28742476427384
    ],
    "Delay": [
      54.30769230769231,
      58.92307692307692,
      68.92307692307692,
      76.61538461538461,
      95.88888888888889
    ]
  },
  "4": {
    "Precision": [
      0.8345343207257649,
      0.8302250114806422,
      0.8011614794269484,
      0.7594331470968765,
      0.7635761217189516
    ],
    "Recall": [
      1.0,
      1.0,
      1.0,
      1.0,
      1.0
    ],
    "False": [
      16.64,
      16.64,
      15.565235649422547,
      15.565235649422547,
      14.28742476427384
    ],
    "Delay": [
      54.30769230769231,
      58.92307692307692,
      68.92307692307692,
      76.61538461538461,
      95.88888888888889
    ]
  },
  "5": {
    "Precision": [
      0.8345343207257649,
      0.8302250114806422,
      0.8011614794269484,
      0.7594331470968765,
      0.7635761217189516
    ],
    "Recall": [
      1.0,
      1.0,
      1.0,
      1.0,
      1.0
    ],
    "False": [
      16.64,
      16.64,
      15.565235649422547,
      15.565235649422547,
      14.28742476427384
    ],
    "Delay": [
      54.30769230769231,
      58.92307692307692,
      68.92307692307692,
      76.61538461538461,
      95.88888888888889
    ]
  }
}