{
  "1": {
    "Precision": [
      0.7963321807471426,
      0.7880353280533883,
      0.7465634240691397,
      0.6837802730894836,
      0.7373730924971126
    ],
    "Recall": [
      1.0,
      1.0,
      1.0,
      1.0,
      1.0
    ],
    "False": [
      17.0,
      17.0,
      15.945600218165378,
      15.945600218165378,
      14.68981575105078
    ],
    "Delay": [
      60.0,
      64.375,
      75.3125,
      83.4375,
      92.45454545454545
    ]
  },
  "2": {
    "Precision": [
      0.7963321807471426,
      0.7880353280533883,
      0.7465634240691397,
      0.6837802730894836,
      0.7373730924971126
    ],
    "Recall": [
      1.0,
      1.0,
      1.0,
      1.0,
      1.0
    ],
    "False": [
      17.0,
      17.0,
      15.945600218165378,
      15.945600218165378,
      14.68981575105078
    ],
    "Delay": [
      60.0,
      64.375,
      75.3125,
      83.4375,
      92.45454545454545
    ]
  },
  "3": {
    "Precision": [
      0.7963321807471426,
      0.7880353280533883,
      0.7465634240691397,
      0.6837802730894836,
      0.7373730924971126
    ],
    "Recall": [
      1.0,
      1.0,
      1.0,
      1.0,
      1.0
    ],
    "False": [
      17.0,
      17.0,
      15.945600218165378,
      15.945600218165378,
      14.68981575105078
    ],
    "Delay": [
      60.0,
      64.375,
      75.3125,
      83.4375,
      92.45454545454545
    ]
  },
  "4": {
    "Precision": [
      0.7963321807471426,
      0.7880353280533883,
      0.7465634240691397,
      0.6837802730894836,
      0.7373730924971126
    ],
    "Recall": [
      1.0,
      1.0,
      1.0,
      1.0,
      1.0
    ],
    "False": [
      17.0,
      17.0,
      15.945600218165378,
      15.945600218165378,
      14.68981575105078
    ],
    "Delay": [
      60.0,
      64.375,
      75.3125,
      83.4375,
      92.45454545454545
    ]
  },
  "5": {
    "Precision": [
      0.7963321807471426,
      0.7880353280533883,
      0.7465634240691397,
      0.6837802730894836,
      0.7373730924971126
    ],
    "Recall": [
      1.0,
      1.0,
      1.0,
      1.0,
      1.0
    ],
    "False": [
      17.0,
      17.0,
      15.945600218165378,
      15.945600218165378,
      14.68981575105078
    ],
    "Delay": [
      60.0,
      64.375,
      75.3125,
      83.4375,
      92.45454545454545
    ]
  }
}