{
  "1": {
    "Precision": [
      0.837936593864608,
      0.8194990028345837,
      0.7860451698723241,
      0.7546059559928702,
      0.6639083504215082
    ],
    "Recall": [
      1.0,
      1.0,
      1.0,
      1.0,
      1.0
    ],
    "False": [
      12.3,
      12.3,
      0.0,
      0.0,
      8.67132157740427
    ],
    "Delay": [
      61.7,
      71.7,
      86.7,
      96.7,
      111.7
    ]
  },
  "2": {
    "Precision": [
      0.837936593864608,
      0.8194990028345837,
      0.7860451698723241,
      0.7546059559928702,
      0.6639083504215082
    ],
    "Recall": [
      1.0,
      1.0,
      1.0,
      1.0,
      1.0
    ],
    "False": [
      12.3,
      12.3,
      0.0,
      0.0,
      8.67132157740427
    ],
    "Delay": [
      61.7,
      71.7,
      86.7,
      96.7,
      111.7
    ]
  },
  "3": {
    "Precision": [
      0.837936593864608,
      0.8194990028345837,
      0.7860451698723241,
      0.7546059559928702,
      0.6639083504215082
    ],
    "Recall": [
      1.0,
      1.0,
      1.0,
      1.0,
      1.0
    ],
    "False": [
      12.3,
      12.3,
      0.0,
      0.0,
      8.67132157740427
    ],
    "Delay": [
      61.7,
      71.7,
      86.7,
      96.7,
      111.7
    ]
  },
  "4": {
    "Precision": [
      0.837936593864608,
      0.8194990028345837,
      0.7860451698723241,
      0.7546059559928702,
      0.6639083504215082
    ],
    "Recall": [
      1.0,
      1.0,
      1.0,
      1.0,
      1.0
    ],
    "False": [
      12.3,
      12.3,
      0.0,
      0.0,
      8.67132157740427
    ],
    "Delay": [
      61.7,
      71.7,
      86.7,
      96.7,
      111.7
    ]
  },
  "5": {
    "Precision": [
      0.837936593864608,
      0.8194990028345837,
      0.7860451698723241,
      0.7546059559928702,
      0.6639083504215082
    ],
    "Recall": [
      1.0,
      1.0,
      1.0,
      1.0,
      1.0
    ],
    "False": [
      12.3,
      12.3,
      0.0,
      0.0,
      8.67132157740427
    ],
    "Delay": [
      61.7,
      71.7,
      86.7,
      96.7,
      111.7
    ]
  }
}