{
  "1": {
    "Precision": [
      0.5540929266264133,
      0.5186317832161639,
      0.42790282318771344,
      0.35192409612340464,
      0.24401251742362084
    ],
    "Recall": [
      1.0,
      1.0,
      1.0,
      1.0,
      1.0
    ],
    "False": [
      59.95,
      59.95,
      50.99716415568859,
      50.99716415568859,
      42.39284143502738
    ],
    "Delay": [
      40.035714285714285,
      48.607142857142854,
      68.95652173913044,
      82.1,
      104.3529411764706
    ]
  },
  "2": {
    "Precision": [
      0.5540929266264133,
      0.5186317832161639,
      0.42790282318771344,
      0.35192409612340464,
      0.24401251742362084
    ],
    "Recall": [
      1.0,
      1.0,
      1.0,
      1.0,
      1.0
    ],
    "False": [
      59.95,
      59.95,
      50.99716415568859,
      50.99716415568859,
      42.39284143502738
    ],
    "Delay": [
      40.035714285714285,
      48.607142857142854,
      68.95652173913044,
      82.1,
      104.3529411764706
    ]
  },
  "3": {
    "Precision": [
      0.5540929266264133,
      0.5186317832161639,
      0.42790282318771344,
      0.35192409612340464,
      0.24401251742362084
    ],
    "Recall": [
      1.0,
      1.0,
      1.0,
      1.0,
      1.0
    ],
    "False": [
      59.95,
      59.95,
      50.99716415568859,
      50.99716415568859,
      42.39284143502738
    ],
    "Delay": [
      40.035714285714285,
      48.607142857142854,
      68.95652173913044,
      82.1,
      104.3529411764706
    ]
  },
  "4": {
    "Precision": [
      0.5540929266264133,
      0.5186317832161639,
      0.42790282318771344,
      0.35192409612340464,
      0.24401251742362084
    ],
    "Recall": [
      1.0,
      1.0,
      1.0,
      1.0,
      1.0
    ],
    "False": [
      59.95,
      59.95,
      50.99716415568859,
      50.99716415568859,
      42.39284143502738
    ],
    "Delay": [
      40.035714285714285,
      48.607142857142854,
      68.95652173913044,
      82.1,
      104.3529411764706
    ]
  },
  "5": {
    "Precision": [
      0.5540929266264133,
      0.5186317832161639,
      0.42790282318771344,
      0.35192409612340464,
      0.24401251742362084
    ],
    "Recall": [
      1.0,
      1.0,
      1.0,
      1.0,
      1.0
    ],
    "False": [
      59.95,
      59.95,
      50.99716415568859,
      50.99716415568859,
      42.39284143502738
    ],
    "Delay": [
      40.035714285714285,
      48.607142857142854,
      68.95652173913044,
      82.1,
      104.3529411764706
    ]
  }
}