{
  "1": {
    "Precision": [
      0.466089133914226,
      0.3806354284843189,
      0.25559319870326874,
      0.15778436974927848,
      0.08359181609061243
    ],
    "Recall": [
      1.0,
      1.0,
      1.0,
      1.0,
      1.0
    ],
    "False": [
      47.333333333333336,
      47.333333333333336,
      34.72540160292108,
      34.72540160292108,
      23.646456257440907
    ],
    "Delay": [
      171.85714285714286,
      199.84,
      237.33333333333334,
      256.72727272727275,
      277.0
    ]
  },
  "2": {
    "Precision": [
      0.466089133914226,
      0.3806354284843189,
      0.25559319870326874,
      0.15778436974927848,
      0.08359181609061243
    ],
    "Recall": [
      1.0,
      1.0,
      1.0,
      1.0,
      1.0
    ],
    "False": [
      47.333333333333336,
      47.333333333333336,
      34.72540160292108,
      34.72540160292108,
      23.646456257440907
    ],
    "Delay": [
      171.85714285714286,
      199.84,
      237.33333333333334,
      256.72727272727275,
      277.0
    ]
  },
  "3": {
    "Precision": [
      0.466089133914226,
      0.3806354284843189,
      0.25559319870326874,
      0.15778436974927848,
      0.08359181609061243
    ],
    "Recall": [
      1.0,
      1.0,
      1.0,
      1.0,
      1.0
    ],
    "False": [
      47.333333333333336,
      47.333333333333336,
      34.72540160292108,
      34.72540160292108,
      23.646456257440907
    ],
    "Delay": [
      171.85714285714286,
      199.84,
      237.33333333333334,
      256.72727272727275,
      277.0
    ]
  },
  "4": {
    "Precision": [
      0.466089133914226,
      0.3806354284843189,
      0.25559319870326874,
      0.15778436974927848,
      0.08359181609061243
    ],
    "Recall": [
      1.0,
      1.0,
      1.0,
      1.0,
      1.0
    ],
    "False": [
      47.333333333333336,
      47.333333333333336,
      34.72540160292108,
      34.72540160292108,
      23.646456257440907
    ],
    "Delay": [
      171.85714285714286,
      199.84,
      237.33333333333334,
      256.72727272727275,
      277.0
    ]
  },
  "5": {
    "Precision": [
      0.466089133914226,
      0.3806354284843189,
      0.25559319870326874,
      0.15778436974927848,
      0.08359181609061243
    ],
    "Recall": [
      1.0,
      1.0,
      1.0,
      1.0,
      1.0
    ],
    "False": [
      47.333333333333336,
      47.333333333333336,
      34.72540160292108,
      34.72540160292108,
      23.646456257440907
    ],
    "Delay": [
      171.85714285714286,
      199.84,
      237.33333333333334,
      256.72727272727275,
      277.0
    ]
  }
}