{
  "5": {
    "Precision": [
      0.6753246753246753,
      0.7150837988826816,
      0.75,
      0.7697594501718213,
      0.7845528455284553
    ],
    "Recall": [
      1,
      1,
      1,
      1,
      1
    ],
    "False": [
      128.57142857142858,
      107.42857142857143,
      88.57142857142857,
      70.0,
      56.57142857142857
    ],
    "Delay": [
      38.5,
      38.5,
      38.55952380952381,
      38.857142857142854,
      39.69047619047619
    ]
  },
  "15": {
    "Precision": [
      0.6753246753246753,
      0.7150837988826816,
      0.75,
      0.7697594501718213,
      0.7845528455284553
    ],
    "Recall": [
      1,
      1,
      1,
      1,
      1
    ],
    "False": [
      128.57142857142858,
      107.42857142857143,
      88.57142857142857,
      70.0,
      56.57142857142857
    ],
    "Delay": [
      38.5,
      38.5,
      38.55952380952381,
      38.857142857142854,
      39.69047619047619
    ]
  },
  "30": {
    "Precision": [
      0.6753246753246753,
      0.7150837988826816,
      0.75,
      0.7697594501718213,
      0.7845528455284553
    ],
    "Recall": [
      1,
      1,
      1,
      1,
      1
    ],
    "False": [
      128.57142857142858,
      107.42857142857143,
      88.57142857142857,
      70.0,
      56.57142857142857
    ],
    "Delay": [
      38.5,
      38.5,
      38.55952380952381,
      38.857142857142854,
      39.69047619047619
    ]
  },
  "40": {
    "Precision": [
      0.6753246753246753,
      0.7150837988826816,
      0.75,
      0.7697594501718213,
      0.7845528455284553
    ],
    "Recall": [
      1,
      1,
      1,
      1,
      1
    ],
    "False": [
      128.57142857142858,
      107.42857142857143,
      88.57142857142857,
      70.0,
      56.57142857142857
    ],
    "Delay": [
      38.5,
      38.5,
      38.55952380952381,
      38.857142857142854,
      39.69047619047619
    ]
  },
  "55": {
    "Precision": [
      0.6753246753246753,
      0.7150837988826816,
      0.75,
      0.7697594501718213,
      0.7845528455284553
    ],
    "Recall": [
      1,
      1,
      1,
      1,
      1
    ],
    "False": [
      128.57142857142858,
      107.42857142857143,
      88.57142857142857,
      70.0,
      56.57142857142857
    ],
    "Delay": [
      38.5,
      38.5,
      38.55952380952381,
      38.857142857142854,
      39.69047619047619
    ]
  }
}