{
  "5": {
    "Precision": [
      0.676829268292683,
      0.7152317880794702,
      0.7490909090909091,
      0.7713178294573644,
      0.7662337662337663
    ],
    "Recall": [
      1,
      1,
      1,
      1,
      1
    ],
    "False": [
      108.6,
      88.8,
      71.2,
      62.4,
      55.8
    ],
    "Delay": [
      40.1,
      40.1,
      40.1,
      40.1,
      40.516666666666666
    ]
  },
  "15": {
    "Precision": [
      0.676829268292683,
      0.7152317880794702,
      0.7490909090909091,
      0.7713178294573644,
      0.7662337662337663
    ],
    "Recall": [
      1,
      1,
      1,
      1,
      1
    ],
    "False": [
      108.6,
      88.8,
      71.2,
      62.4,
      55.8
    ],
    "Delay": [
      40.1,
      40.1,
      40.1,
      40.1,
      40.516666666666666
    ]
  },
  "30": {
    "Precision": [
      0.676829268292683,
      0.7152317880794702,
      0.7490909090909091,
      0.7713178294573644,
      0.7662337662337663
    ],
    "Recall": [
      1,
      1,
      1,
      1,
      1
    ],
    "False": [
      108.6,
      88.8,
      71.2,
      62.4,
      55.8
    ],
    "Delay": [
      40.1,
      40.1,
      40.1,
      40.1,
      40.516666666666666
    ]
  },
  "40": {
    "Precision": [
      0.676829268292683,
      0.7152317880794702,
      0.7490909090909091,
      0.7713178294573644,
      0.7662337662337663
    ],
    "Recall": [
      1,
      1,
      1,
      1,
      1
    ],
    "False": [
      108.6,
      88.8,
      71.2,
      62.4,
      55.8
    ],
    "Delay": [
      40.1,
      40.1,
      40.1,
      40.1,
      40.516666666666666
    ]
  },
  "55": {
    "Precision": [
      0.676829268292683,
      0.7152317880794702,
      0.7490909090909091,
      0.7713178294573644,
      0.7662337662337663
    ],
    "Recall": [
      1,
      1,
      1,
      1,
      1
    ],
    "False": [
      108.6,
      88.8,
      71.2,
      62.4,
      55.8
    ],
    "Delay": [
      40.1,
      40.1,
      40.1,
      40.1,
      40.516666666666666
    ]
  }
}