{
  "5": {
    "Precision": [
      0.5795918367346938,
      0.6199095022624435,
      0.6268656716417911,
      0.6566265060240963,
      0.7674418604651163
    ],
    "Recall": [
      1,
      1,
      1,
      1,
      1
    ],
    "False": [
      105.41666666666667,
      88.0,
      78.83333333333333,
      59.583333333333336,
      21.083333333333332
    ],
    "Delay": [
      50.25,
      50.28472222222222,
      50.63194444444444,
      51.361111111111114,
      57.19117647058823
    ]
  },
  "15": {
    "Precision": [
      0.5795918367346938,
      0.6199095022624435,
      0.6268656716417911,
      0.6566265060240963,
      0.7674418604651163
    ],
    "Recall": [
      1,
      1,
      1,
      1,
      1
    ],
    "False": [
      105.41666666666667,
      88.0,
      78.83333333333333,
      59.583333333333336,
      21.083333333333332
    ],
    "Delay": [
      50.25,
      50.28472222222222,
      50.63194444444444,
      51.361111111111114,
      57.19117647058823
    ]
  },
  "30": {
    "Precision": [
      0.5795918367346938,
      0.6199095022624435,
      0.6268656716417911,
      0.6566265060240963,
      0.7674418604651163
    ],
    "Recall": [
      1,
      1,
      1,
      1,
      1
    ],
    "False": [
      105.41666666666667,
      88.0,
      78.83333333333333,
      59.583333333333336,
      21.083333333333332
    ],
    "Delay": [
      50.25,
      50.28472222222222,
      50.63194444444444,
      51.361111111111114,
      57.19117647058823
    ]
  },
  "40": {
    "Precision": [
      0.5795918367346938,
      0.6199095022624435,
      0.6268656716417911,
      0.6566265060240963,
      0.7674418604651163
    ],
    "Recall": [
      1,
      1,
      1,
      1,
      1
    ],
    "False": [
      105.41666666666667,
      88.0,
      78.83333333333333,
      59.583333333333336,
      21.083333333333332
    ],
    "Delay": [
      50.25,
      50.28472222222222,
      50.63194444444444,
      51.361111111111114,
      57.19117647058823
    ]
  },
  "55": {
    "Precision": [
      0.5795918367346938,
      0.6199095022624435,
      0.6268656716417911,
      0.6566265060240963,
      0.7674418604651163
    ],
    "Recall": [
      1,
      1,
      1,
      1,
      1
    ],
    "False": [
      105.41666666666667,
      88.0,
      78.83333333333333,
      59.583333333333336,
      21.083333333333332
    ],
    "Delay": [
      50.25,
      50.28472222222222,
      50.63194444444444,
      51.361111111111114,
      57.19117647058823
    ]
  }
}