{
  "5": {
    "Precision": [
      0.4396984924623116,
      0.5878136200716846,
      0.6220472440944882,
      0.640625,
      0.6571428571428571
    ],
    "Recall": [
      1,
      1,
      1,
      1,
      1
    ],
    "False": [
      467.8333333333333,
      119.58333333333333,
      53.166666666666664,
      28.416666666666668,
      16.5
    ],
    "Delay": [
      42.229166666666664,
      46.53472222222222,
      49.03361344537815,
      57.81,
      62.3728813559322
    ]
  },
  "15": {
    "Precision": [
      0.4396984924623116,
      0.5878136200716846,
      0.6220472440944882,
      0.640625,
      0.6571428571428571
    ],
    "Recall": [
      1,
      1,
      1,
      1,
      1
    ],
    "False": [
      467.8333333333333,
      119.58333333333333,
      53.166666666666664,
      28.416666666666668,
      16.5
    ],
    "Delay": [
      42.229166666666664,
      46.53472222222222,
      49.03361344537815,
      57.81,
      62.3728813559322
    ]
  },
  "30": {
    "Precision": [
      0.4396984924623116,
      0.5878136200716846,
      0.6220472440944882,
      0.640625,
      0.6571428571428571
    ],
    "Recall": [
      1,
      1,
      1,
      1,
      1
    ],
    "False": [
      467.8333333333333,
      119.58333333333333,
      53.166666666666664,
      28.416666666666668,
      16.5
    ],
    "Delay": [
      42.229166666666664,
      46.53472222222222,
      49.03361344537815,
      57.81,
      62.3728813559322
    ]
  },
  "40": {
    "Precision": [
      0.4396984924623116,
      0.5878136200716846,
      0.6220472440944882,
      0.640625,
      0.6571428571428571
    ],
    "Recall": [
      1,
      1,
      1,
      1,
      1
    ],
    "False": [
      467.8333333333333,
      119.58333333333333,
      53.166666666666664,
      28.416666666666668,
      16.5
    ],
    "Delay": [
      42.229166666666664,
      46.53472222222222,
      49.03361344537815,
      57.81,
      62.3728813559322
    ]
  },
  "55": {
    "Precision": [
      0.4396984924623116,
      0.5878136200716846,
      0.6220472440944882,
      0.640625,
      0.6571428571428571
    ],
    "Recall": [
      1,
      1,
      1,
      1,
      1
    ],
    "False": [
      467.8333333333333,
      119.58333333333333,
      53.166666666666664,
      28.416666666666668,
      16.5
    ],
    "Delay": [
      42.229166666666664,
      46.53472222222222,
      49.03361344537815,
      57.81,
      62.3728813559322
    ]
  }
}