{
  "1": {
    "Precision": [
      0.8545454545454545,
      0.813953488372093,
      0.7575757575757576,
      0.7037037037037037,
      0.6190476190476191
    ],
    "Recall": [
      1,
      1,
      1,
      1,
      1
    ],
    "False": [
      43.81666666666667,
      43.81666666666667,
      35.876701898880086,
      35.876701898880086,
      25.991591953863843
    ],
    "Delay": [
      30.416666666666668,
      40.758620689655174,
      55.672413793103445,
      69.12068965517241,
      81.6842105263158
    ]
  },
  "2": {
    "Precision": [
      0.8545454545454545,
      0.813953488372093,
      0.7575757575757576,
      0.7037037037037037,
      0.6190476190476191
    ],
    "Recall": [
      1,
      1,
      1,
      1,
      1
    ],
    "False": [
      43.81666666666667,
      43.81666666666667,
      35.876701898880086,
      35.876701898880086,
      25.991591953863843
    ],
    "Delay": [
      30.416666666666668,
      40.758620689655174,
      55.672413793103445,
      69.12068965517241,
      81.6842105263158
    ]
  },
  "3": {
    "Precision": [
      0.8545454545454545,
      0.813953488372093,
      0.7575757575757576,
      0.7037037037037037,
      0.6190476190476191
    ],
    "Recall": [
      1,
      1,
      1,
      1,
      1
    ],
    "False": [
      43.81666666666667,
      43.81666666666667,
      35.876701898880086,
      35.876701898880086,
      25.991591953863843
    ],
    "Delay": [
      30.416666666666668,
      40.758620689655174,
      55.672413793103445,
      69.12068965517241,
      81.6842105263158
    ]
  },
  "4": {
    "Precision": [
      0.8545454545454545,
      0.813953488372093,
      0.7575757575757576,
      0.7037037037037037,
      0.6190476190476191
    ],
    "Recall": [
      1,
      1,
      1,
      1,
      1
    ],
    "False": [
      43.81666666666667,
      43.81666666666667,
      35.876701898880086,
      35.876701898880086,
      25.991591953863843
    ],
    "Delay": [
      30.416666666666668,
      40.758620689655174,
      55.672413793103445,
      69.12068965517241,
      81.6842105263158
    ]
  },
  "5": {
    "Precision": [
      0.8545454545454545,
      0.813953488372093,
      0.7575757575757576,
      0.7037037037037037,
      0.6190476190476191
    ],
    "Recall": [
      1,
      1,
      1,
      1,
      1
    ],
    "False": [
      43.81666666666667,
      43.81666666666667,
      35.876701898880086,
      35.876701898880086,
      25.991591953863843
    ],
    "Delay": [
      30.416666666666668,
      40.758620689655174,
      55.672413793103445,
      69.12068965517241,
      81.6842105263158
    ]
  }
}