{
  "1": {
    "Precision": [
      0.7730061349693251,
      0.7628205128205128,
      0.7533333333333333,
      0.7338129496402878,
      0.6967213114754098
    ],
    "Recall": [
      1,
      1,
      1,
      1,
      1
    ],
    "False": [
      50.24,
      50.24,
      49.19919466665151,
      49.19919466665151,
      48.222923238892605
    ],
    "Delay": [
      14.6,
      24.6,
      39.8,
      50.6,
      64.6
    ]
  },
  "2": {
    "Precision": [
      0.7730061349693251,
      0.7628205128205128,
      0.7533333333333333,
      0.7338129496402878,
      0.6967213114754098
    ],
    "Recall": [
      1,
      1,
      1,
      1,
      1
    ],
    "False": [
      50.24,
      50.24,
      49.19919466665151,
      49.19919466665151,
      48.222923238892605
    ],
    "Delay": [
      14.6,
      24.6,
      39.8,
      50.6,
      64.6
    ]
  },
  "3": {
    "Precision": [
      0.7730061349693251,
      0.7628205128205128,
      0.7533333333333333,
      0.7338129496402878,
      0.6967213114754098
    ],
    "Recall": [
      1,
      1,
      1,
      1,
      1
    ],
    "False": [
      50.24,
      50.24,
      49.19919466665151,
      49.19919466665151,
      48.222923238892605
    ],
    "Delay": [
      14.6,
      24.6,
      39.8,
      50.6,
      64.6
    ]
  },
  "4": {
    "Precision": [
      0.7730061349693251,
      0.7628205128205128,
      0.7533333333333333,
      0.7338129496402878,
      0.6967213114754098
    ],
    "Recall": [
      1,
      1,
      1,
      1,
      1
    ],
    "False": [
      50.24,
      50.24,
      49.19919466665151,
      49.19919466665151,
      48.222923238892605
    ],
    "Delay": [
      14.6,
      24.6,
      39.8,
      50.6,
      64.6
    ]
  },
  "5": {
    "Precision": [
      0.7730061349693251,
      0.7628205128205128,
      0.7533333333333333,
      0.7338129496402878,
      0.6967213114754098
    ],
    "Recall": [
      1,
      1,
      1,
      1,
      1
    ],
    "False": [
      50.24,
      50.24,
      49.19919466665151,
      49.19919466665151,
      48.222923238892605
    ],
    "Delay": [
      14.6,
      24.6,
      39.8,
      50.6,
      64.6
    ]
  }
}