{
  "1": {
    "Precision": [
      0.8029739776951673,
      0.7862903225806451,
      0.7546296296296297,
      0.7309644670050761,
      0.6900584795321637
    ],
    "Recall": [
      1,
      1,
      1,
      1,
      1
    ],
    "False": [
      95.25714285714285,
      95.25714285714285,
      90.26667602062959,
      90.26667602062959,
      85.5562261612585
    ],
    "Delay": [
      11.0,
      21.0,
      36.0,
      46.42857142857143,
      61.714285714285715
    ]
  },
  "2": {
    "Precision": [
      0.8029739776951673,
      0.7862903225806451,
      0.7546296296296297,
      0.7309644670050761,
      0.6900584795321637
    ],
    "Recall": [
      1,
      1,
      1,
      1,
      1
    ],
    "False": [
      95.25714285714285,
      95.25714285714285,
      90.26667602062959,
      90.26667602062959,
      85.5562261612585
    ],
    "Delay": [
      11.0,
      21.0,
      36.0,
      46.42857142857143,
      61.714285714285715
    ]
  },
  "3": {
    "Precision": [
      0.8029739776951673,
      0.7862903225806451,
      0.7546296296296297,
      0.7309644670050761,
      0.6900584795321637
    ],
    "Recall": [
      1,
      1,
      1,
      1,
      1
    ],
    "False": [
      95.25714285714285,
      95.25714285714285,
      90.26667602062959,
      90.26667602062959,
      85.5562261612585
    ],
    "Delay": [
      11.0,
      21.0,
      36.0,
      46.42857142857143,
      61.714285714285715
    ]
  },
  "4": {
    "Precision": [
      0.8029739776951673,
      0.7862903225806451,
      0.7546296296296297,
      0.7309644670050761,
      0.6900584795321637
    ],
    "Recall": [
      1,
      1,
      1,
      1,
      1
    ],
    "False": [
      95.25714285714285,
      95.25714285714285,
      90.26667602062959,
      90.26667602062959,
      85.5562261612585
    ],
    "Delay": [
      11.0,
      21.0,
      36.0,
      46.42857142857143,
      61.714285714285715
    ]
  },
  "5": {
    "Precision": [
      0.8029739776951673,
      0.7862903225806451,
      0.7546296296296297,
      0.7309644670050761,
      0.6900584795321637
    ],
    "Recall": [
      1,
      1,
      1,
      1,
      1
    ],
    "False": [
      95.25714285714285,
      95.25714285714285,
      90.26667602062959,
      90.26667602062959,
      85.5562261612585
    ],
    "Delay": [
      11.0,
      21.0,
      36.0,
      46.42857142857143,
      61.714285714285715
    ]
  }
}