{
  "1": {
    "Precision": [
      1,
      1,
      1,
      1,
      1
    ],
    "Recall": [
      1,
      1,
      1,
      1,
      1
    ],
    "False": [
      13.933333333333334,
      13.933333333333334,
      0.0,
      0.0,
      2.609206410481145
    ],
    "Delay": [
      55.225806451612904,
      60.333333333333336,
      70.83333333333333,
      81.92857142857143,
      100.86363636363636
    ]
  },
  "2": {
    "Precision": [
      1,
      1,
      1,
      1,
      1
    ],
    "Recall": [
      1,
      1,
      1,
      1,
      1
    ],
    "False": [
      13.933333333333334,
      13.933333333333334,
      0.0,
      0.0,
      2.609206410481145
    ],
    "Delay": [
      55.225806451612904,
      60.333333333333336,
      70.83333333333333,
      81.92857142857143,
      100.86363636363636
    ]
  },
  "3": {
    "Precision": [
      1,
      1,
      1,
      1,
      1
    ],
    "Recall": [
      1,
      1,
      1,
      1,
      1
    ],
    "False": [
      13.933333333333334,
      13.933333333333334,
      0.0,
      0.0,
      2.609206410481145
    ],
    "Delay": [
      55.225806451612904,
      60.333333333333336,
      70.83333333333333,
      81.92857142857143,
      100.86363636363636
    ]
  },
  "4": {
    "Precision": [
      1,
      1,
      1,
      1,
      1
    ],
    "Recall": [
      1,
      1,
      1,
      1,
      1
    ],
    "False": [
      13.933333333333334,
      13.933333333333334,
      0.0,
      0.0,
      2.609206410481145
    ],
    "Delay": [
      55.225806451612904,
      60.333333333333336,
      70.83333333333333,
      81.92857142857143,
      100.86363636363636
    ]
  },
  "5": {
    "Precision": [
      1,
      1,
      1,
      1,
      1
    ],
    "Recall": [
      1,
      1,
      1,
      1,
      1
    ],
    "False": [
      13.933333333333334,
      13.933333333333334,
      0.0,
      0.0,
      2.609206410481145
    ],
    "Delay": [
      55.225806451612904,
      60.333333333333336,
      70.83333333333333,
      81.92857142857143,
      100.86363636363636
    ]
  }
}