{
  "1": {
    "Precision": [
      1,
      0.5714285714285714,
      1,
      1,
      1
    ],
    "Recall": [
      1,
      1,
      1,
      1,
      1
    ],
    "False": [
      0.9,
      0.9,
      0.0,
      0.0,
      1.700404858299595
    ],
    "Delay": [
      120.2,
      64.66666666666667,
      157.25,
      82.75,
      100.66666666666667
    ]
  },
  "2": {
    "Precision": [
      1,
      0.5714285714285714,
      1,
      1,
      1
    ],
    "Recall": [
      1,
      1,
      1,
      1,
      1
    ],
    "False": [
      0.9,
      0.9,
      0.0,
      0.0,
      1.700404858299595
    ],
    "Delay": [
      120.2,
      64.66666666666667,
      157.25,
      82.75,
      100.66666666666667
    ]
  },
  "3": {
    "Precision": [
      1,
      0.5714285714285714,
      1,
      1,
      1
    ],
    "Recall": [
      1,
      1,
      1,
      1,
      1
    ],
    "False": [
      0.9,
      0.9,
      0.0,
      0.0,
      1.700404858299595
    ],
    "Delay": [
      120.2,
      64.66666666666667,
      157.25,
      82.75,
      100.66666666666667
    ]
  },
  "4": {
    "Precision": [
      1,
      0.5714285714285714,
      1,
      1,
      1
    ],
    "Recall": [
      1,
      1,
      1,
      1,
      1
    ],
    "False": [
      0.9,
      0.9,
      0.0,
      0.0,
      1.700404858299595
    ],
    "Delay": [
      120.2,
      64.66666666666667,
      157.25,
      82.75,
      100.66666666666667
    ]
  },
  "5": {
    "Precision": [
      1,
      0.5714285714285714,
      1,
      1,
      1
    ],
    "Recall": [
      1,
      1,
      1,
      1,
      1
    ],
    "False": [
      0.9,
      0.9,
      0.0,
      0.0,
      1.700404858299595
    ],
    "Delay": [
      120.2,
      64.66666666666667,
      157.25,
      82.75,
      100.66666666666667
    ]
  }
}