{
  "5": {
    "Precision": [
      0.5630498533724341,
      0.6287625418060201,
      0.6628787878787878,
      0.6915887850467289,
      0.8018867924528302
    ],
    "Recall": [
      1,
      1,
      1,
      1,
      1
    ],
    "False": [
      154.0,
      117.33333333333333,
      93.5,
      70.58333333333333,
      23.833333333333332
    ],
    "Delay": [
      49.833333333333336,
      49.86805555555556,
      50.21527777777778,
      50.90972222222222,
      58.0
    ]
  },
  "15": {
    "Precision": [
      0.5630498533724341,
      0.6287625418060201,
      0.6628787878787878,
      0.6915887850467289,
      0.8018867924528302
    ],
    "Recall": [
      1,
      1,
      1,
      1,
      1
    ],
    "False": [
      154.0,
      117.33333333333333,
      93.5,
      70.58333333333333,
      23.833333333333332
    ],
    "Delay": [
      49.833333333333336,
      49.86805555555556,
      50.21527777777778,
      50.90972222222222,
      58.0
    ]
  },
  "30": {
    "Precision": [
      0.5630498533724341,
      0.6287625418060201,
      0.6628787878787878,
      0.6915887850467289,
      0.8018867924528302
    ],
    "Recall": [
      1,
      1,
      1,
      1,
      1
    ],
    "False": [
      154.0,
      117.33333333333333,
      93.5,
      70.58333333333333,
      23.833333333333332
    ],
    "Delay": [
      49.833333333333336,
      49.86805555555556,
      50.21527777777778,
      50.90972222222222,
      58.0
    ]
  },
  "40": {
    "Precision": [
      0.5630498533724341,
      0.6287625418060201,
      0.6628787878787878,
      0.6915887850467289,
      0.8018867924528302
    ],
    "Recall": [
      1,
      1,
      1,
      1,
      1
    ],
    "False": [
      154.0,
      117.33333333333333,
      93.5,
      70.58333333333333,
      23.833333333333332
    ],
    "Delay": [
      49.833333333333336,
      49.86805555555556,
      50.21527777777778,
      50.90972222222222,
      58.0
    ]
  },
  "55": {
    "Precision": [
      0.5630498533724341,
      0.6287625418060201,
      0.6628787878787878,
      0.6915887850467289,
      0.8018867924528302
    ],
    "Recall": [
      1,
      1,
      1,
      1,
      1
    ],
    "False": [
      154.0,
      117.33333333333333,
      93.5,
      70.58333333333333,
      23.833333333333332
    ],
    "Delay": [
      49.833333333333336,
      49.86805555555556,
      50.21527777777778,
      50.90972222222222,
      58.0
    ]
  }
}