{
  "5": {
    "Precision": [
      0.5772357723577236,
      0.7131147540983607,
      0.7719298245614035,
      0.6944444444444444,
      0.65
    ],
    "Recall": [
      1,
      1,
      1,
      1,
      1
    ],
    "False": [
      120.66666666666667,
      42.166666666666664,
      19.25,
      16.5,
      10.083333333333334
    ],
    "Delay": [
      66.25694444444444,
      66.91176470588235,
      59.758620689655174,
      63.52459016393443,
      61.486486486486484
    ]
  },
  "15": {
    "Precision": [
      0.5772357723577236,
      0.7131147540983607,
      0.7719298245614035,
      0.6944444444444444,
      0.65
    ],
    "Recall": [
      1,
      1,
      1,
      1,
      1
    ],
    "False": [
      120.66666666666667,
      42.166666666666664,
      19.25,
      16.5,
      10.083333333333334
    ],
    "Delay": [
      66.25694444444444,
      66.91176470588235,
      59.758620689655174,
      63.52459016393443,
      61.486486486486484
    ]
  },
  "30": {
    "Precision": [
      0.5772357723577236,
      0.7131147540983607,
      0.7719298245614035,
      0.6944444444444444,
      0.65
    ],
    "Recall": [
      1,
      1,
      1,
      1,
      1
    ],
    "False": [
      120.66666666666667,
      42.166666666666664,
      19.25,
      16.5,
      10.083333333333334
    ],
    "Delay": [
      66.25694444444444,
      66.91176470588235,
      59.758620689655174,
      63.52459016393443,
      61.486486486486484
    ]
  },
  "40": {
    "Precision": [
      0.5772357723577236,
      0.7131147540983607,
      0.7719298245614035,
      0.6944444444444444,
      0.65
    ],
    "Recall": [
      1,
      1,
      1,
      1,
      1
    ],
    "False": [
      120.66666666666667,
      42.166666666666664,
      19.25,
      16.5,
      10.083333333333334
    ],
    "Delay": [
      66.25694444444444,
      66.91176470588235,
      59.758620689655174,
      63.52459016393443,
      61.486486486486484
    ]
  },
  "55": {
    "Precision": [
      0.5772357723577236,
      0.7131147540983607,
      0.7719298245614035,
      0.6944444444444444,
      0.65
    ],
    "Recall": [
      1,
      1,
      1,
      1,
      1
    ],
    "False": [
      120.66666666666667,
      42.166666666666664,
      19.25,
      16.5,
      10.083333333333334
    ],
    "Delay": [
      66.25694444444444,
      66.91176470588235,
      59.758620689655174,
      63.52459016393443,
      61.486486486486484
    ]
  }
}