{
  "5": {
    "Precision": [
      0.7019230769230769,
      0.7393617021276596,
      0.7739130434782608,
      0.7947882736156352,
      0.8129770992366412
    ],
    "Recall": [
      1,
      1,
      1,
      1,
      1
    ],
    "False": [
      131.85714285714286,
      105.42857142857143,
      85.57142857142857,
      68.14285714285714,
      54.714285714285715
    ],
    "Delay": [
      38.5,
      38.5,
      38.55952380952381,
      38.857142857142854,
      39.57142857142857
    ]
  },
  "15": {
    "Precision": [
      0.7019230769230769,
      0.7393617021276596,
      0.7739130434782608,
      0.7947882736156352,
      0.8129770992366412
    ],
    "Recall": [
      1,
      1,
      1,
      1,
      1
    ],
    "False": [
      131.85714285714286,
      105.42857142857143,
      85.57142857142857,
      68.14285714285714,
      54.714285714285715
    ],
    "Delay": [
      38.5,
      38.5,
      38.55952380952381,
      38.857142857142854,
      39.57142857142857
    ]
  },
  "30": {
    "Precision": [
      0.7019230769230769,
      0.7393617021276596,
      0.7739130434782608,
      0.7947882736156352,
      0.8129770992366412
    ],
    "Recall": [
      1,
      1,
      1,
      1,
      1
    ],
    "False": [
      131.85714285714286,
      105.42857142857143,
      85.57142857142857,
      68.14285714285714,
      54.714285714285715
    ],
    "Delay": [
      38.5,
      38.5,
      38.55952380952381,
      38.857142857142854,
      39.57142857142857
    ]
  },
  "40": {
    "Precision": [
      0.7019230769230769,
      0.7393617021276596,
      0.7739130434782608,
      0.7947882736156352,
      0.8129770992366412
    ],
    "Recall": [
      1,
      1,
      1,
      1,
      1
    ],
    "False": [
      131.85714285714286,
      105.42857142857143,
      85.57142857142857,
      68.14285714285714,
      54.714285714285715
    ],
    "Delay": [
      38.5,
      38.5,
      38.55952380952381,
      38.857142857142854,
      39.57142857142857
    ]
  },
  "55": {
    "Precision": [
      0.7019230769230769,
      0.7393617021276596,
      0.7739130434782608,
      0.7947882736156352,
      0.8129770992366412
    ],
    "Recall": [
      1,
      1,
      1,
      1,
      1
    ],
    "False": [
      131.85714285714286,
      105.42857142857143,
      85.57142857142857,
      68.14285714285714,
      54.714285714285715
    ],
    "Delay": [
      38.5,
      38.5,
      38.55952380952381,
      38.857142857142854,
      39.57142857142857
    ]
  }
}