{
  "5": {
    "Precision": [
      0.688953488372093,
      0.7215189873417721,
      0.743859649122807,
      0.7649253731343284,
      0.7717842323651453
    ],
    "Recall": [
      1,
      1,
      1,
      1,
      1
    ],
    "False": [
      109.2,
      91.4,
      76.0,
      67.2,
      58.0
    ],
    "Delay": [
      39.1,
      39.1,
      39.1,
      39.1,
      39.516666666666666
    ]
  },
  "15": {
    "Precision": [
      0.688953488372093,
      0.7215189873417721,
      0.743859649122807,
      0.7649253731343284,
      0.7717842323651453
    ],
    "Recall": [
      1,
      1,
      1,
      1,
      1
    ],
    "False": [
      109.2,
      91.4,
      76.0,
      67.2,
      58.0
    ],
    "Delay": [
      39.1,
      39.1,
      39.1,
      39.1,
      39.516666666666666
    ]
  },
  "30": {
    "Precision": [
      0.688953488372093,
      0.7215189873417721,
      0.743859649122807,
      0.7649253731343284,
      0.7717842323651453
    ],
    "Recall": [
      1,
      1,
      1,
      1,
      1
    ],
    "False": [
      109.2,
      91.4,
      76.0,
      67.2,
      58.0
    ],
    "Delay": [
      39.1,
      39.1,
      39.1,
      39.1,
      39.516666666666666
    ]
  },
  "40": {
    "Precision": [
      0.688953488372093,
      0.7215189873417721,
      0.743859649122807,
      0.7649253731343284,
      0.7717842323651453
    ],
    "Recall": [
      1,
      1,
      1,
      1,
      1
    ],
    "False": [
      109.2,
      91.4,
      76.0,
      67.2,
      58.0
    ],
    "Delay": [
      39.1,
      39.1,
      39.1,
      39.1,
      39.516666666666666
    ]
  },
  "55": {
    "Precision": [
      0.688953488372093,
      0.7215189873417721,
      0.743859649122807,
      0.7649253731343284,
      0.7717842323651453
    ],
    "Recall": [
      1,
      1,
      1,
      1,
      1
    ],
    "False": [
      109.2,
      91.4,
      76.0,
      67.2,
      58.0
    ],
    "Delay": [
      39.1,
      39.1,
      39.1,
      39.1,
      39.516666666666666
    ]
  }
}