OutlierDenStream,bravo,Decrease
44,15,65.90909091
33,15,54.54545455
28,13,53.57142857
24,11,54.16666667
20,7,65
,,58.63852814