{
  "5": {
    "Precision": [
      0.5662650602409639,
      0.6326530612244898,
      0.656934306569343,
      0.6695652173913044,
      0.8135593220338984
    ],
    "Recall": [
      1,
      1,
      1,
      1,
      1
    ],
    "False": [
      76.08333333333333,
      56.833333333333336,
      49.5,
      39.416666666666664,
      11.916666666666666
    ],
    "Delay": [
      54.833333333333336,
      54.86805555555556,
      55.25,
      56.43055555555556,
      60.36
    ]
  },
  "15": {
    "Precision": [
      0.5662650602409639,
      0.6326530612244898,
      0.656934306569343,
      0.6695652173913044,
      0.8135593220338984
    ],
    "Recall": [
      1,
      1,
      1,
      1,
      1
    ],
    "False": [
      76.08333333333333,
      56.833333333333336,
      49.5,
      39.416666666666664,
      11.916666666666666
    ],
    "Delay": [
      54.833333333333336,
      54.86805555555556,
      55.25,
      56.43055555555556,
      60.36
    ]
  },
  "30": {
    "Precision": [
      0.5662650602409639,
      0.6326530612244898,
      0.656934306569343,
      0.6695652173913044,
      0.8135593220338984
    ],
    "Recall": [
      1,
      1,
      1,
      1,
      1
    ],
    "False": [
      76.08333333333333,
      56.833333333333336,
      49.5,
      39.416666666666664,
      11.916666666666666
    ],
    "Delay": [
      54.833333333333336,
      54.86805555555556,
      55.25,
      56.43055555555556,
      60.36
    ]
  },
  "40": {
    "Precision": [
      0.5662650602409639,
      0.6326530612244898,
      0.656934306569343,
      0.6695652173913044,
      0.8135593220338984
    ],
    "Recall": [
      1,
      1,
      1,
      1,
      1
    ],
    "False": [
      76.08333333333333,
      56.833333333333336,
      49.5,
      39.416666666666664,
      11.916666666666666
    ],
    "Delay": [
      54.833333333333336,
      54.86805555555556,
      55.25,
      56.43055555555556,
      60.36
    ]
  },
  "55": {
    "Precision": [
      0.5662650602409639,
      0.6326530612244898,
      0.656934306569343,
      0.6695652173913044,
      0.8135593220338984
    ],
    "Recall": [
      1,
      1,
      1,
      1,
      1
    ],
    "False": [
      76.08333333333333,
      56.833333333333336,
      49.5,
      39.416666666666664,
      11.916666666666666
    ],
    "Delay": [
      54.833333333333336,
      54.86805555555556,
      55.25,
      56.43055555555556,
      60.36
    ]
  }
}