{
  "5": {
    "Precision": [
      0.5849056603773585,
      0.8198198198198198,
      0.9245283018867925,
      0.9615384615384616,
      0.9230769230769231
    ],
    "Recall": [
      1,
      1,
      1,
      1,
      1
    ],
    "False": [
      96.91666666666667,
      26.583333333333332,
      7.333333333333333,
      4.583333333333333,
      2.75
    ],
    "Delay": [
      69.56666666666666,
      70.87931034482759,
      62.729729729729726,
      64.45098039215686,
      67.625
    ]
  },
  "15": {
    "Precision": [
      0.5849056603773585,
      0.8198198198198198,
      0.9245283018867925,
      0.9615384615384616,
      0.9230769230769231
    ],
    "Recall": [
      1,
      1,
      1,
      1,
      1
    ],
    "False": [
      96.91666666666667,
      26.583333333333332,
      7.333333333333333,
      4.583333333333333,
      2.75
    ],
    "Delay": [
      69.56666666666666,
      70.87931034482759,
      62.729729729729726,
      64.45098039215686,
      67.625
    ]
  },
  "30": {
    "Precision": [
      0.5849056603773585,
      0.8198198198198198,
      0.9245283018867925,
      0.9615384615384616,
      0.9230769230769231
    ],
    "Recall": [
      1,
      1,
      1,
      1,
      1
    ],
    "False": [
      96.91666666666667,
      26.583333333333332,
      7.333333333333333,
      4.583333333333333,
      2.75
    ],
    "Delay": [
      69.56666666666666,
      70.87931034482759,
      62.729729729729726,
      64.45098039215686,
      67.625
    ]
  },
  "40": {
    "Precision": [
      0.5849056603773585,
      0.8198198198198198,
      0.9245283018867925,
      0.9615384615384616,
      0.9230769230769231
    ],
    "Recall": [
      1,
      1,
      1,
      1,
      1
    ],
    "False": [
      96.91666666666667,
      26.583333333333332,
      7.333333333333333,
      4.583333333333333,
      2.75
    ],
    "Delay": [
      69.56666666666666,
      70.87931034482759,
      62.729729729729726,
      64.45098039215686,
      67.625
    ]
  },
  "55": {
    "Precision": [
      0.5849056603773585,
      0.8198198198198198,
      0.9245283018867925,
      0.9615384615384616,
      0.9230769230769231
    ],
    "Recall": [
      1,
      1,
      1,
      1,
      1
    ],
    "False": [
      96.91666666666667,
      26.583333333333332,
      7.333333333333333,
      4.583333333333333,
      2.75
    ],
    "Delay": [
      69.56666666666666,
      70.87931034482759,
      62.729729729729726,
      64.45098039215686,
      67.625
    ]
  }
}