{
  "5": {
    "Precision": [
      0.676923076923077,
      0.7197640117994101,
      0.7425742574257426,
      0.7535714285714286,
      0.7550200803212851
    ],
    "Recall": [
      1,
      1,
      1,
      1,
      1
    ],
    "False": [
      128.6,
      99.6,
      82.8,
      75.0,
      65.8
    ],
    "Delay": [
      35.1,
      35.1,
      35.1,
      35.266666666666666,
      35.68333333333333
    ]
  },
  "15": {
    "Precision": [
      0.676923076923077,
      0.7197640117994101,
      0.7425742574257426,
      0.7535714285714286,
      0.7550200803212851
    ],
    "Recall": [
      1,
      1,
      1,
      1,
      1
    ],
    "False": [
      128.6,
      99.6,
      82.8,
      75.0,
      65.8
    ],
    "Delay": [
      35.1,
      35.1,
      35.1,
      35.266666666666666,
      35.68333333333333
    ]
  },
  "30": {
    "Precision": [
      0.676923076923077,
      0.7197640117994101,
      0.7425742574257426,
      0.7535714285714286,
      0.7550200803212851
    ],
    "Recall": [
      1,
      1,
      1,
      1,
      1
    ],
    "False": [
      128.6,
      99.6,
      82.8,
      75.0,
      65.8
    ],
    "Delay": [
      35.1,
      35.1,
      35.1,
      35.266666666666666,
      35.68333333333333
    ]
  },
  "40": {
    "Precision": [
      0.676923076923077,
      0.7197640117994101,
      0.7425742574257426,
      0.7535714285714286,
      0.7550200803212851
    ],
    "Recall": [
      1,
      1,
      1,
      1,
      1
    ],
    "False": [
      128.6,
      99.6,
      82.8,
      75.0,
      65.8
    ],
    "Delay": [
      35.1,
      35.1,
      35.1,
      35.266666666666666,
      35.68333333333333
    ]
  },
  "55": {
    "Precision": [
      0.676923076923077,
      0.7197640117994101,
      0.7425742574257426,
      0.7535714285714286,
      0.7550200803212851
    ],
    "Recall": [
      1,
      1,
      1,
      1,
      1
    ],
    "False": [
      128.6,
      99.6,
      82.8,
      75.0,
      65.8
    ],
    "Delay": [
      35.1,
      35.1,
      35.1,
      35.266666666666666,
      35.68333333333333
    ]
  }
}