{
  "5": {
    "Precision": [
      0.6769911504424779,
      0.7352185089974294,
      0.7694524495677233,
      0.7870967741935484,
      0.8075471698113208
    ],
    "Recall": [
      1,
      1,
      1,
      1,
      1
    ],
    "False": [
      153.71428571428572,
      112.71428571428571,
      90.14285714285714,
      73.57142857142857,
      59.285714285714285
    ],
    "Delay": [
      38.5,
      38.5,
      38.55952380952381,
      38.857142857142854,
      39.63095238095238
    ]
  },
  "15": {
    "Precision": [
      0.6769911504424779,
      0.7352185089974294,
      0.7694524495677233,
      0.7870967741935484,
      0.8075471698113208
    ],
    "Recall": [
      1,
      1,
      1,
      1,
      1
    ],
    "False": [
      153.71428571428572,
      112.71428571428571,
      90.14285714285714,
      73.57142857142857,
      59.285714285714285
    ],
    "Delay": [
      38.5,
      38.5,
      38.55952380952381,
      38.857142857142854,
      39.63095238095238
    ]
  },
  "30": {
    "Precision": [
      0.6769911504424779,
      0.7352185089974294,
      0.7694524495677233,
      0.7870967741935484,
      0.8075471698113208
    ],
    "Recall": [
      1,
      1,
      1,
      1,
      1
    ],
    "False": [
      153.71428571428572,
      112.71428571428571,
      90.14285714285714,
      73.57142857142857,
      59.285714285714285
    ],
    "Delay": [
      38.5,
      38.5,
      38.55952380952381,
      38.857142857142854,
      39.63095238095238
    ]
  },
  "40": {
    "Precision": [
      0.6769911504424779,
      0.7352185089974294,
      0.7694524495677233,
      0.7870967741935484,
      0.8075471698113208
    ],
    "Recall": [
      1,
      1,
      1,
      1,
      1
    ],
    "False": [
      153.71428571428572,
      112.71428571428571,
      90.14285714285714,
      73.57142857142857,
      59.285714285714285
    ],
    "Delay": [
      38.5,
      38.5,
      38.55952380952381,
      38.857142857142854,
      39.63095238095238
    ]
  },
  "55": {
    "Precision": [
      0.6769911504424779,
      0.7352185089974294,
      0.7694524495677233,
      0.7870967741935484,
      0.8075471698113208
    ],
    "Recall": [
      1,
      1,
      1,
      1,
      1
    ],
    "False": [
      153.71428571428572,
      112.71428571428571,
      90.14285714285714,
      73.57142857142857,
      59.285714285714285
    ],
    "Delay": [
      38.5,
      38.5,
      38.55952380952381,
      38.857142857142854,
      39.63095238095238
    ]
  }
}