{
  "1": {
    "Precision": [
      0.8149993718314223,
      0.7957973428162272,
      0.7572209618305873,
      0.7209455307894964,
      0.618670830573873
    ],
    "Recall": [
      1.0,
      1.0,
      1.0,
      1.0,
      1.0
    ],
    "False": [
      12.55,
      12.55,
      0.0,
      0.0,
      7.697628357860939
    ],
    "Delay": [
      82.41666666666667,
      92.41666666666667,
      107.41666666666667,
      117.41666666666667,
      132.41666666666666
    ]
  },
  "2": {
    "Precision": [
      0.8149993718314223,
      0.7957973428162272,
      0.7572209618305873,
      0.7209455307894964,
      0.618670830573873
    ],
    "Recall": [
      1.0,
      1.0,
      1.0,
      1.0,
      1.0
    ],
    "False": [
      12.55,
      12.55,
      0.0,
      0.0,
      7.697628357860939
    ],
    "Delay": [
      82.41666666666667,
      92.41666666666667,
      107.41666666666667,
      117.41666666666667,
      132.41666666666666
    ]
  },
  "3": {
    "Precision": [
      0.8149993718314223,
      0.7957973428162272,
      0.7572209618305873,
      0.7209455307894964,
      0.618670830573873
    ],
    "Recall": [
      1.0,
      1.0,
      1.0,
      1.0,
      1.0
    ],
    "False": [
      12.55,
      12.55,
      0.0,
      0.0,
      7.697628357860939
    ],
    "Delay": [
      82.41666666666667,
      92.41666666666667,
      107.41666666666667,
      117.41666666666667,
      132.41666666666666
    ]
  },
  "4": {
    "Precision": [
      0.8149993718314223,
      0.7957973428162272,
      0.7572209618305873,
      0.7209455307894964,
      0.618670830573873
    ],
    "Recall": [
      1.0,
      1.0,
      1.0,
      1.0,
      1.0
    ],
    "False": [
      12.55,
      12.55,
      0.0,
      0.0,
      7.697628357860939
    ],
    "Delay": [
      82.41666666666667,
      92.41666666666667,
      107.41666666666667,
      117.41666666666667,
      132.41666666666666
    ]
  },
  "5": {
    "Precision": [
      0.8149993718314223,
      0.7957973428162272,
      0.7572209618305873,
      0.7209455307894964,
      0.618670830573873
    ],
    "Recall": [
      1.0,
      1.0,
      1.0,
      1.0,
      1.0
    ],
    "False": [
      12.55,
      12.55,
      0.0,
      0.0,
      7.697628357860939
    ],
    "Delay": [
      82.41666666666667,
      92.41666666666667,
      107.41666666666667,
      117.41666666666667,
      132.41666666666666
    ]
  }
}