{
  "1": {
    "Precision": [
      0.7222553825992446,
      0.6125184290053258,
      0.520187904881512,
      0.44818914595456977,
      0.2968654354595336
    ],
    "Recall": [
      1.0,
      1.0,
      1.0,
      1.0,
      1.0
    ],
    "False": [
      13.933333333333334,
      13.933333333333334,
      0.0,
      0.0,
      2.8349950831054818
    ],
    "Delay": [
      148.0,
      134.64285714285714,
      171.53846153846155,
      180.0,
      198.72727272727272
    ]
  },
  "2": {
    "Precision": [
      0.7222553825992446,
      0.6125184290053258,
      0.520187904881512,
      0.44818914595456977,
      0.2968654354595336
    ],
    "Recall": [
      1.0,
      1.0,
      1.0,
      1.0,
      1.0
    ],
    "False": [
      13.933333333333334,
      13.933333333333334,
      0.0,
      0.0,
      2.8349950831054818
    ],
    "Delay": [
      148.0,
      134.64285714285714,
      171.53846153846155,
      180.0,
      198.72727272727272
    ]
  },
  "3": {
    "Precision": [
      0.7222553825992446,
      0.6125184290053258,
      0.520187904881512,
      0.44818914595456977,
      0.2968654354595336
    ],
    "Recall": [
      1.0,
      1.0,
      1.0,
      1.0,
      1.0
    ],
    "False": [
      13.933333333333334,
      13.933333333333334,
      0.0,
      0.0,
      2.8349950831054818
    ],
    "Delay": [
      148.0,
      134.64285714285714,
      171.53846153846155,
      180.0,
      198.72727272727272
    ]
  },
  "4": {
    "Precision": [
      0.7222553825992446,
      0.6125184290053258,
      0.520187904881512,
      0.44818914595456977,
      0.2968654354595336
    ],
    "Recall": [
      1.0,
      1.0,
      1.0,
      1.0,
      1.0
    ],
    "False": [
      13.933333333333334,
      13.933333333333334,
      0.0,
      0.0,
      2.8349950831054818
    ],
    "Delay": [
      148.0,
      134.64285714285714,
      171.53846153846155,
      180.0,
      198.72727272727272
    ]
  },
  "5": {
    "Precision": [
      0.7222553825992446,
      0.6125184290053258,
      0.520187904881512,
      0.44818914595456977,
      0.2968654354595336
    ],
    "Recall": [
      1.0,
      1.0,
      1.0,
      1.0,
      1.0
    ],
    "False": [
      13.933333333333334,
      13.933333333333334,
      0.0,
      0.0,
      2.8349950831054818
    ],
    "Delay": [
      148.0,
      134.64285714285714,
      171.53846153846155,
      180.0,
      198.72727272727272
    ]
  }
}