{
  "1": {
    "Precision": [
      0.8629573425410129,
      0.8622949544293209,
      0.8490370751906433,
      0.806488910766568,
      0.7579823369565217
    ],
    "Recall": [
      1.0,
      1.0,
      1.0,
      1.0,
      1.0
    ],
    "False": [
      15.4,
      15.4,
      0.0,
      0.0,
      16.986196522711722
    ],
    "Delay": [
      47.0,
      53.0,
      64.0,
      74.6923076923077,
      92.75
    ]
  },
  "2": {
    "Precision": [
      0.8629573425410129,
      0.8622949544293209,
      0.8490370751906433,
      0.806488910766568,
      0.7579823369565217
    ],
    "Recall": [
      1.0,
      1.0,
      1.0,
      1.0,
      1.0
    ],
    "False": [
      15.4,
      15.4,
      0.0,
      0.0,
      16.986196522711722
    ],
    "Delay": [
      47.0,
      53.0,
      64.0,
      74.6923076923077,
      92.75
    ]
  },
  "3": {
    "Precision": [
      0.8629573425410129,
      0.8622949544293209,
      0.8490370751906433,
      0.806488910766568,
      0.7579823369565217
    ],
    "Recall": [
      1.0,
      1.0,
      1.0,
      1.0,
      1.0
    ],
    "False": [
      15.4,
      15.4,
      0.0,
      0.0,
      16.986196522711722
    ],
    "Delay": [
      47.0,
      53.0,
      64.0,
      74.6923076923077,
      92.75
    ]
  },
  "4": {
    "Precision": [
      0.8629573425410129,
      0.8622949544293209,
      0.8490370751906433,
      0.806488910766568,
      0.7579823369565217
    ],
    "Recall": [
      1.0,
      1.0,
      1.0,
      1.0,
      1.0
    ],
    "False": [
      15.4,
      15.4,
      0.0,
      0.0,
      16.986196522711722
    ],
    "Delay": [
      47.0,
      53.0,
      64.0,
      74.6923076923077,
      92.75
    ]
  },
  "5": {
    "Precision": [
      0.8629573425410129,
      0.8622949544293209,
      0.8490370751906433,
      0.806488910766568,
      0.7579823369565217
    ],
    "Recall": [
      1.0,
      1.0,
      1.0,
      1.0,
      1.0
    ],
    "False": [
      15.4,
      15.4,
      0.0,
      0.0,
      16.986196522711722
    ],
    "Delay": [
      47.0,
      53.0,
      64.0,
      74.6923076923077,
      92.75
    ]
  }
}