{
  "1": {
    "Precision": [
      0.7729584056695055,
      0.730608741042845,
      0.6808981312194777,
      0.634548438538512,
      0.511426627514538
    ],
    "Recall": [
      1.0,
      1.0,
      1.0,
      1.0,
      1.0
    ],
    "False": [
      13.0,
      13.0,
      0.0,
      0.0,
      3.8946163908846017
    ],
    "Delay": [
      95.78571428571429,
      112.76923076923077,
      127.76923076923077,
      137.76923076923077,
      152.76923076923077
    ]
  },
  "2": {
    "Precision": [
      0.7729584056695055,
      0.730608741042845,
      0.6808981312194777,
      0.634548438538512,
      0.511426627514538
    ],
    "Recall": [
      1.0,
      1.0,
      1.0,
      1.0,
      1.0
    ],
    "False": [
      13.0,
      13.0,
      0.0,
      0.0,
      3.8946163908846017
    ],
    "Delay": [
      95.78571428571429,
      112.76923076923077,
      127.76923076923077,
      137.76923076923077,
      152.76923076923077
    ]
  },
  "3": {
    "Precision": [
      0.7729584056695055,
      0.730608741042845,
      0.6808981312194777,
      0.634548438538512,
      0.511426627514538
    ],
    "Recall": [
      1.0,
      1.0,
      1.0,
      1.0,
      1.0
    ],
    "False": [
      13.0,
      13.0,
      0.0,
      0.0,
      3.8946163908846017
    ],
    "Delay": [
      95.78571428571429,
      112.76923076923077,
      127.76923076923077,
      137.76923076923077,
      152.76923076923077
    ]
  },
  "4": {
    "Precision": [
      0.7729584056695055,
      0.730608741042845,
      0.6808981312194777,
      0.634548438538512,
      0.511426627514538
    ],
    "Recall": [
      1.0,
      1.0,
      1.0,
      1.0,
      1.0
    ],
    "False": [
      13.0,
      13.0,
      0.0,
      0.0,
      3.8946163908846017
    ],
    "Delay": [
      95.78571428571429,
      112.76923076923077,
      127.76923076923077,
      137.76923076923077,
      152.76923076923077
    ]
  },
  "5": {
    "Precision": [
      0.7729584056695055,
      0.730608741042845,
      0.6808981312194777,
      0.634548438538512,
      0.511426627514538
    ],
    "Recall": [
      1.0,
      1.0,
      1.0,
      1.0,
      1.0
    ],
    "False": [
      13.0,
      13.0,
      0.0,
      0.0,
      3.8946163908846017
    ],
    "Delay": [
      95.78571428571429,
      112.76923076923077,
      127.76923076923077,
      137.76923076923077,
      152.76923076923077
    ]
  }
}