{
  "1": {
    "Precision": [
      0.8064516129032259,
      0.8777023629964806,
      0.8949074074074074,
      0.8923853923853923,
      0.88403342366757
    ],
    "Recall": [
      1.0,
      1.0,
      1.0,
      1.0,
      1.0
    ],
    "False": [
      13.766666666666667,
      13.766666666666667,
      0.0,
      0.0,
      13.412088539908336
    ],
    "Delay": [
      86.71428571428571,
      86.33333333333333,
      86.33333333333333,
      92.16666666666667,
      107.16666666666667
    ]
  },
  "2": {
    "Precision": [
      0.8064516129032259,
      0.8777023629964806,
      0.8949074074074074,
      0.8923853923853923,
      0.88403342366757
    ],
    "Recall": [
      1.0,
      1.0,
      1.0,
      1.0,
      1.0
    ],
    "False": [
      13.766666666666667,
      13.766666666666667,
      0.0,
      0.0,
      13.412088539908336
    ],
    "Delay": [
      86.71428571428571,
      86.33333333333333,
      86.33333333333333,
      92.16666666666667,
      107.16666666666667
    ]
  },
  "3": {
    "Precision": [
      0.8064516129032259,
      0.8777023629964806,
      0.8949074074074074,
      0.8923853923853923,
      0.88403342366757
    ],
    "Recall": [
      1.0,
      1.0,
      1.0,
      1.0,
      1.0
    ],
    "False": [
      13.766666666666667,
      13.766666666666667,
      0.0,
      0.0,
      13.412088539908336
    ],
    "Delay": [
      86.71428571428571,
      86.33333333333333,
      86.33333333333333,
      92.16666666666667,
      107.16666666666667
    ]
  },
  "4": {
    "Precision": [
      0.8064516129032259,
      0.8777023629964806,
      0.8949074074074074,
      0.8923853923853923,
      0.88403342366757
    ],
    "Recall": [
      1.0,
      1.0,
      1.0,
      1.0,
      1.0
    ],
    "False": [
      13.766666666666667,
      13.766666666666667,
      0.0,
      0.0,
      13.412088539908336
    ],
    "Delay": [
      86.71428571428571,
      86.33333333333333,
      86.33333333333333,
      92.16666666666667,
      107.16666666666667
    ]
  },
  "5": {
    "Precision": [
      0.8064516129032259,
      0.8777023629964806,
      0.8949074074074074,
      0.8923853923853923,
      0.88403342366757
    ],
    "Recall": [
      1.0,
      1.0,
      1.0,
      1.0,
      1.0
    ],
    "False": [
      13.766666666666667,
      13.766666666666667,
      0.0,
      0.0,
      13.412088539908336
    ],
    "Delay": [
      86.71428571428571,
      86.33333333333333,
      86.33333333333333,
      92.16666666666667,
      107.16666666666667
    ]
  }
}