{
  "1": {
    "Precision": [
      0.7575768587366898,
      0.6504647449719949,
      0.5825032583196535,
      0.5067181132379773,
      0.32057515865898306
    ],
    "Recall": [
      1.0,
      1.0,
      1.0,
      1.0,
      1.0
    ],
    "False": [
      12.516666666666667,
      12.516666666666667,
      0.0,
      0.0,
      2.4881099791918895
    ],
    "Delay": [
      143.04761904761904,
      125.61538461538461,
      159.0,
      168.0909090909091,
      186.66666666666666
    ]
  },
  "2": {
    "Precision": [
      0.7575768587366898,
      0.6504647449719949,
      0.5825032583196535,
      0.5067181132379773,
      0.32057515865898306
    ],
    "Recall": [
      1.0,
      1.0,
      1.0,
      1.0,
      1.0
    ],
    "False": [
      12.516666666666667,
      12.516666666666667,
      0.0,
      0.0,
      2.4881099791918895
    ],
    "Delay": [
      143.04761904761904,
      125.61538461538461,
      159.0,
      168.0909090909091,
      186.66666666666666
    ]
  },
  "3": {
    "Precision": [
      0.7575768587366898,
      0.6504647449719949,
      0.5825032583196535,
      0.5067181132379773,
      0.32057515865898306
    ],
    "Recall": [
      1.0,
      1.0,
      1.0,
      1.0,
      1.0
    ],
    "False": [
      12.516666666666667,
      12.516666666666667,
      0.0,
      0.0,
      2.4881099791918895
    ],
    "Delay": [
      143.04761904761904,
      125.61538461538461,
      159.0,
      168.0909090909091,
      186.66666666666666
    ]
  },
  "4": {
    "Precision": [
      0.7575768587366898,
      0.6504647449719949,
      0.5825032583196535,
      0.5067181132379773,
      0.32057515865898306
    ],
    "Recall": [
      1.0,
      1.0,
      1.0,
      1.0,
      1.0
    ],
    "False": [
      12.516666666666667,
      12.516666666666667,
      0.0,
      0.0,
      2.4881099791918895
    ],
    "Delay": [
      143.04761904761904,
      125.61538461538461,
      159.0,
      168.0909090909091,
      186.66666666666666
    ]
  },
  "5": {
    "Precision": [
      0.7575768587366898,
      0.6504647449719949,
      0.5825032583196535,
      0.5067181132379773,
      0.32057515865898306
    ],
    "Recall": [
      1.0,
      1.0,
      1.0,
      1.0,
      1.0
    ],
    "False": [
      12.516666666666667,
      12.516666666666667,
      0.0,
      0.0,
      2.4881099791918895
    ],
    "Delay": [
      143.04761904761904,
      125.61538461538461,
      159.0,
      168.0909090909091,
      186.66666666666666
    ]
  }
}