{
  "1": {
    "Precision": [
      0.7785962314299015,
      0.7718387431684701,
      0.7473985946047943,
      0.690031402402921,
      0.7318325533845427
    ],
    "Recall": [
      1.0,
      1.0,
      1.0,
      1.0,
      1.0
    ],
    "False": [
      18.76,
      18.76,
      17.689156910886368,
      17.689156910886368,
      16.446910287332706
    ],
    "Delay": [
      51.333333333333336,
      55.333333333333336,
      65.0,
      73.0,
      91.0909090909091
    ]
  },
  "2": {
    "Precision": [
      0.7785962314299015,
      0.7718387431684701,
      0.7473985946047943,
      0.690031402402921,
      0.7318325533845427
    ],
    "Recall": [
      1.0,
      1.0,
      1.0,
      1.0,
      1.0
    ],
    "False": [
      18.76,
      18.76,
      17.689156910886368,
      17.689156910886368,
      16.446910287332706
    ],
    "Delay": [
      51.333333333333336,
      55.333333333333336,
      65.0,
      73.0,
      91.0909090909091
    ]
  },
  "3": {
    "Precision": [
      0.7785962314299015,
      0.7718387431684701,
      0.7473985946047943,
      0.690031402402921,
      0.7318325533845427
    ],
    "Recall": [
      1.0,
      1.0,
      1.0,
      1.0,
      1.0
    ],
    "False": [
      18.76,
      18.76,
      17.689156910886368,
      17.689156910886368,
      16.446910287332706
    ],
    "Delay": [
      51.333333333333336,
      55.333333333333336,
      65.0,
      73.0,
      91.0909090909091
    ]
  },
  "4": {
    "Precision": [
      0.7785962314299015,
      0.7718387431684701,
      0.7473985946047943,
      0.690031402402921,
      0.7318325533845427
    ],
    "Recall": [
      1.0,
      1.0,
      1.0,
      1.0,
      1.0
    ],
    "False": [
      18.76,
      18.76,
      17.689156910886368,
      17.689156910886368,
      16.446910287332706
    ],
    "Delay": [
      51.333333333333336,
      55.333333333333336,
      65.0,
      73.0,
      91.0909090909091
    ]
  },
  "5": {
    "Precision": [
      0.7785962314299015,
      0.7718387431684701,
      0.7473985946047943,
      0.690031402402921,
      0.7318325533845427
    ],
    "Recall": [
      1.0,
      1.0,
      1.0,
      1.0,
      1.0
    ],
    "False": [
      18.76,
      18.76,
      17.689156910886368,
      17.689156910886368,
      16.446910287332706
    ],
    "Delay": [
      51.333333333333336,
      55.333333333333336,
      65.0,
      73.0,
      91.0909090909091
    ]
  }
}