{
  "1": {
    "Precision": [
      0.7910106743037502,
      0.720106028242768,
      0.6426379601485983,
      0.5766236536378049,
      0.43617104499457443
    ],
    "Recall": [
      1.0,
      1.0,
      1.0,
      1.0,
      1.0
    ],
    "False": [
      8.533333333333333,
      8.533333333333333,
      0.0,
      0.0,
      2.7662193172412404
    ],
    "Delay": [
      146.76190476190476,
      131.6153846153846,
      167.0,
      183.8,
      221.5
    ]
  },
  "2": {
    "Precision": [
      0.7910106743037502,
      0.720106028242768,
      0.6426379601485983,
      0.5766236536378049,
      0.43617104499457443
    ],
    "Recall": [
      1.0,
      1.0,
      1.0,
      1.0,
      1.0
    ],
    "False": [
      8.533333333333333,
      8.533333333333333,
      0.0,
      0.0,
      2.7662193172412404
    ],
    "Delay": [
      146.76190476190476,
      131.6153846153846,
      167.0,
      183.8,
      221.5
    ]
  },
  "3": {
    "Precision": [
      0.7910106743037502,
      0.720106028242768,
      0.6426379601485983,
      0.5766236536378049,
      0.43617104499457443
    ],
    "Recall": [
      1.0,
      1.0,
      1.0,
      1.0,
      1.0
    ],
    "False": [
      8.533333333333333,
      8.533333333333333,
      0.0,
      0.0,
      2.7662193172412404
    ],
    "Delay": [
      146.76190476190476,
      131.6153846153846,
      167.0,
      183.8,
      221.5
    ]
  },
  "4": {
    "Precision": [
      0.7910106743037502,
      0.720106028242768,
      0.6426379601485983,
      0.5766236536378049,
      0.43617104499457443
    ],
    "Recall": [
      1.0,
      1.0,
      1.0,
      1.0,
      1.0
    ],
    "False": [
      8.533333333333333,
      8.533333333333333,
      0.0,
      0.0,
      2.7662193172412404
    ],
    "Delay": [
      146.76190476190476,
      131.6153846153846,
      167.0,
      183.8,
      221.5
    ]
  },
  "5": {
    "Precision": [
      0.7910106743037502,
      0.720106028242768,
      0.6426379601485983,
      0.5766236536378049,
      0.43617104499457443
    ],
    "Recall": [
      1.0,
      1.0,
      1.0,
      1.0,
      1.0
    ],
    "False": [
      8.533333333333333,
      8.533333333333333,
      0.0,
      0.0,
      2.7662193172412404
    ],
    "Delay": [
      146.76190476190476,
      131.6153846153846,
      167.0,
      183.8,
      221.5
    ]
  }
}