{
  "1": {
    "Precision": [
      0.9618354978354978,
      0.9676923076923077,
      0.975625,
      0.9700969827586208,
      0.9935897435897436
    ],
    "Recall": [
      1.0,
      1.0,
      1.0,
      1.0,
      1.0
    ],
    "False": [
      0.9333333333333333,
      0.9333333333333333,
      0.0,
      0.0,
      1.1440932580218723
    ],
    "Delay": [
      52.0,
      62.0,
      88.0,
      98.125,
      125.16666666666667
    ]
  },
  "2": {
    "Precision": [
      0.9618354978354978,
      0.9676923076923077,
      0.975625,
      0.9700969827586208,
      0.9935897435897436
    ],
    "Recall": [
      1.0,
      1.0,
      1.0,
      1.0,
      1.0
    ],
    "False": [
      0.9333333333333333,
      0.9333333333333333,
      0.0,
      0.0,
      1.1440932580218723
    ],
    "Delay": [
      52.0,
      62.0,
      88.0,
      98.125,
      125.16666666666667
    ]
  },
  "3": {
    "Precision": [
      0.9618354978354978,
      0.9676923076923077,
      0.975625,
      0.9700969827586208,
      0.9935897435897436
    ],
    "Recall": [
      1.0,
      1.0,
      1.0,
      1.0,
      1.0
    ],
    "False": [
      0.9333333333333333,
      0.9333333333333333,
      0.0,
      0.0,
      1.1440932580218723
    ],
    "Delay": [
      52.0,
      62.0,
      88.0,
      98.125,
      125.16666666666667
    ]
  },
  "4": {
    "Precision": [
      0.9618354978354978,
      0.9676923076923077,
      0.975625,
      0.9700969827586208,
      0.9935897435897436
    ],
    "Recall": [
      1.0,
      1.0,
      1.0,
      1.0,
      1.0
    ],
    "False": [
      0.9333333333333333,
      0.9333333333333333,
      0.0,
      0.0,
      1.1440932580218723
    ],
    "Delay": [
      52.0,
      62.0,
      88.0,
      98.125,
      125.16666666666667
    ]
  },
  "5": {
    "Precision": [
      0.9618354978354978,
      0.9676923076923077,
      0.975625,
      0.9700969827586208,
      0.9935897435897436
    ],
    "Recall": [
      1.0,
      1.0,
      1.0,
      1.0,
      1.0
    ],
    "False": [
      0.9333333333333333,
      0.9333333333333333,
      0.0,
      0.0,
      1.1440932580218723
    ],
    "Delay": [
      52.0,
      62.0,
      88.0,
      98.125,
      125.16666666666667
    ]
  }
}