{
  "1": {
    "Precision": [
      0.9333169752146298,
      0.925048115656211,
      0.9076438705563526,
      0.890282002704363,
      0.8403401360544217
    ],
    "Recall": [
      1.0,
      1.0,
      1.0,
      1.0,
      1.0
    ],
    "False": [
      10.65,
      10.65,
      0.0,
      0.0,
      8.152832674571805
    ],
    "Delay": [
      29.285714285714285,
      39.285714285714285,
      54.285714285714285,
      64.28571428571429,
      79.28571428571429
    ]
  },
  "2": {
    "Precision": [
      0.9333169752146298,
      0.925048115656211,
      0.9076438705563526,
      0.890282002704363,
      0.8403401360544217
    ],
    "Recall": [
      1.0,
      1.0,
      1.0,
      1.0,
      1.0
    ],
    "False": [
      10.65,
      10.65,
      0.0,
      0.0,
      8.152832674571805
    ],
    "Delay": [
      29.285714285714285,
      39.285714285714285,
      54.285714285714285,
      64.28571428571429,
      79.28571428571429
    ]
  },
  "3": {
    "Precision": [
      0.9333169752146298,
      0.925048115656211,
      0.9076438705563526,
      0.890282002704363,
      0.8403401360544217
    ],
    "Recall": [
      1.0,
      1.0,
      1.0,
      1.0,
      1.0
    ],
    "False": [
      10.65,
      10.65,
      0.0,
      0.0,
      8.152832674571805
    ],
    "Delay": [
      29.285714285714285,
      39.285714285714285,
      54.285714285714285,
      64.28571428571429,
      79.28571428571429
    ]
  },
  "4": {
    "Precision": [
      0.9333169752146298,
      0.925048115656211,
      0.9076438705563526,
      0.890282002704363,
      0.8403401360544217
    ],
    "Recall": [
      1.0,
      1.0,
      1.0,
      1.0,
      1.0
    ],
    "False": [
      10.65,
      10.65,
      0.0,
      0.0,
      8.152832674571805
    ],
    "Delay": [
      29.285714285714285,
      39.285714285714285,
      54.285714285714285,
      64.28571428571429,
      79.28571428571429
    ]
  },
  "5": {
    "Precision": [
      0.9333169752146298,
      0.925048115656211,
      0.9076438705563526,
      0.890282002704363,
      0.8403401360544217
    ],
    "Recall": [
      1.0,
      1.0,
      1.0,
      1.0,
      1.0
    ],
    "False": [
      10.65,
      10.65,
      0.0,
      0.0,
      8.152832674571805
    ],
    "Delay": [
      29.285714285714285,
      39.285714285714285,
      54.285714285714285,
      64.28571428571429,
      79.28571428571429
    ]
  }
}