{
  "1": {
    "Precision": [
      0.8779531186590209,
      0.8310829666490044,
      0.7511977058029691,
      0.6922348484848485,
      0.5576923076923077
    ],
    "Recall": [
      1.0,
      1.0,
      1.0,
      1.0,
      1.0
    ],
    "False": [
      4.133333333333334,
      4.133333333333334,
      0.0,
      0.0,
      2.2543046649721843
    ],
    "Delay": [
      155.88235294117646,
      54.666666666666664,
      88.5,
      98.5,
      119.0
    ]
  },
  "2": {
    "Precision": [
      0.8779531186590209,
      0.8310829666490044,
      0.7511977058029691,
      0.6922348484848485,
      0.5576923076923077
    ],
    "Recall": [
      1.0,
      1.0,
      1.0,
      1.0,
      1.0
    ],
    "False": [
      4.133333333333334,
      4.133333333333334,
      0.0,
      0.0,
      2.2543046649721843
    ],
    "Delay": [
      155.88235294117646,
      54.666666666666664,
      88.5,
      98.5,
      119.0
    ]
  },
  "3": {
    "Precision": [
      0.8779531186590209,
      0.8310829666490044,
      0.7511977058029691,
      0.6922348484848485,
      0.5576923076923077
    ],
    "Recall": [
      1.0,
      1.0,
      1.0,
      1.0,
      1.0
    ],
    "False": [
      4.133333333333334,
      4.133333333333334,
      0.0,
      0.0,
      2.2543046649721843
    ],
    "Delay": [
      155.88235294117646,
      54.666666666666664,
      88.5,
      98.5,
      119.0
    ]
  },
  "4": {
    "Precision": [
      0.8779531186590209,
      0.8310829666490044,
      0.7511977058029691,
      0.6922348484848485,
      0.5576923076923077
    ],
    "Recall": [
      1.0,
      1.0,
      1.0,
      1.0,
      1.0
    ],
    "False": [
      4.133333333333334,
      4.133333333333334,
      0.0,
      0.0,
      2.2543046649721843
    ],
    "Delay": [
      155.88235294117646,
      54.666666666666664,
      88.5,
      98.5,
      119.0
    ]
  },
  "5": {
    "Precision": [
      0.8779531186590209,
      0.8310829666490044,
      0.7511977058029691,
      0.6922348484848485,
      0.5576923076923077
    ],
    "Recall": [
      1.0,
      1.0,
      1.0,
      1.0,
      1.0
    ],
    "False": [
      4.133333333333334,
      4.133333333333334,
      0.0,
      0.0,
      2.2543046649721843
    ],
    "Delay": [
      155.88235294117646,
      54.666666666666664,
      88.5,
      98.5,
      119.0
    ]
  }
}