{
  "1": {
    "Precision": [
      0.8194379593421943,
      0.8166340383275379,
      0.7974719288636977,
      0.7616171158947732,
      0.7579823369565217
    ],
    "Recall": [
      1.0,
      1.0,
      1.0,
      1.0,
      1.0
    ],
    "False": [
      18.28,
      18.28,
      17.18522497783864,
      17.18522497783864,
      15.920689338030533
    ],
    "Delay": [
      53.53846153846154,
      58.15384615384615,
      67.38461538461539,
      75.07692307692308,
      94.77777777777777
    ]
  },
  "2": {
    "Precision": [
      0.8194379593421943,
      0.8166340383275379,
      0.7974719288636977,
      0.7616171158947732,
      0.7579823369565217
    ],
    "Recall": [
      1.0,
      1.0,
      1.0,
      1.0,
      1.0
    ],
    "False": [
      18.28,
      18.28,
      17.18522497783864,
      17.18522497783864,
      15.920689338030533
    ],
    "Delay": [
      53.53846153846154,
      58.15384615384615,
      67.38461538461539,
      75.07692307692308,
      94.77777777777777
    ]
  },
  "3": {
    "Precision": [
      0.8194379593421943,
      0.8166340383275379,
      0.7974719288636977,
      0.7616171158947732,
      0.7579823369565217
    ],
    "Recall": [
      1.0,
      1.0,
      1.0,
      1.0,
      1.0
    ],
    "False": [
      18.28,
      18.28,
      17.18522497783864,
      17.18522497783864,
      15.920689338030533
    ],
    "Delay": [
      53.53846153846154,
      58.15384615384615,
      67.38461538461539,
      75.07692307692308,
      94.77777777777777
    ]
  },
  "4": {
    "Precision": [
      0.8194379593421943,
      0.8166340383275379,
      0.7974719288636977,
      0.7616171158947732,
      0.7579823369565217
    ],
    "Recall": [
      1.0,
      1.0,
      1.0,
      1.0,
      1.0
    ],
    "False": [
      18.28,
      18.28,
      17.18522497783864,
      17.18522497783864,
      15.920689338030533
    ],
    "Delay": [
      53.53846153846154,
      58.15384615384615,
      67.38461538461539,
      75.07692307692308,
      94.77777777777777
    ]
  },
  "5": {
    "Precision": [
      0.8194379593421943,
      0.8166340383275379,
      0.7974719288636977,
      0.7616171158947732,
      0.7579823369565217
    ],
    "Recall": [
      1.0,
      1.0,
      1.0,
      1.0,
      1.0
    ],
    "False": [
      18.28,
      18.28,
      17.18522497783864,
      17.18522497783864,
      15.920689338030533
    ],
    "Delay": [
      53.53846153846154,
      58.15384615384615,
      67.38461538461539,
      75.07692307692308,
      94.77777777777777
    ]
  }
}