{
  "1": {
    "Precision": [
      0.8402116402116404,
      0.9389257564200355,
      0.9233304771773208,
      0.906959706959707,
      0.8462301587301587
    ],
    "Recall": [
      1.0,
      1.0,
      1.0,
      1.0,
      1.0
    ],
    "False": [
      2.85,
      2.85,
      2.654603239561079,
      2.654603239561079,
      2.4489795918367347
    ],
    "Delay": [
      48.5,
      58.5,
      73.5,
      83.5,
      98.5
    ]
  },
  "2": {
    "Precision": [
      0.8402116402116404,
      0.9389257564200355,
      0.9233304771773208,
      0.906959706959707,
      0.8462301587301587
    ],
    "Recall": [
      1.0,
      1.0,
      1.0,
      1.0,
      1.0
    ],
    "False": [
      2.85,
      2.85,
      2.654603239561079,
      2.654603239561079,
      2.4489795918367347
    ],
    "Delay": [
      48.5,
      58.5,
      73.5,
      83.5,
      98.5
    ]
  },
  "3": {
    "Precision": [
      0.8402116402116404,
      0.9389257564200355,
      0.9233304771773208,
      0.906959706959707,
      0.8462301587301587
    ],
    "Recall": [
      1.0,
      1.0,
      1.0,
      1.0,
      1.0
    ],
    "False": [
      2.85,
      2.85,
      2.654603239561079,
      2.654603239561079,
      2.4489795918367347
    ],
    "Delay": [
      48.5,
      58.5,
      73.5,
      83.5,
      98.5
    ]
  },
  "4": {
    "Precision": [
      0.8402116402116404,
      0.9389257564200355,
      0.9233304771773208,
      0.906959706959707,
      0.8462301587301587
    ],
    "Recall": [
      1.0,
      1.0,
      1.0,
      1.0,
      1.0
    ],
    "False": [
      2.85,
      2.85,
      2.654603239561079,
      2.654603239561079,
      2.4489795918367347
    ],
    "Delay": [
      48.5,
      58.5,
      73.5,
      83.5,
      98.5
    ]
  },
  "5": {
    "Precision": [
      0.8402116402116404,
      0.9389257564200355,
      0.9233304771773208,
      0.906959706959707,
      0.8462301587301587
    ],
    "Recall": [
      1.0,
      1.0,
      1.0,
      1.0,
      1.0
    ],
    "False": [
      2.85,
      2.85,
      2.654603239561079,
      2.654603239561079,
      2.4489795918367347
    ],
    "Delay": [
      48.5,
      58.5,
      73.5,
      83.5,
      98.5
    ]
  }
}