{
  "1": {
    "Precision": [
      0.7113644361233329,
      0.5958442084534434,
      0.49081356925595315,
      0.42111431722409676,
      0.2684869719300888
    ],
    "Recall": [
      1.0,
      1.0,
      1.0,
      1.0,
      1.0
    ],
    "False": [
      16.633333333333333,
      16.633333333333333,
      0.0,
      0.0,
      2.8432454260705793
    ],
    "Delay": [
      147.47619047619048,
      132.0,
      173.84615384615384,
      182.30769230769232,
      201.45454545454547
    ]
  },
  "2": {
    "Precision": [
      0.7113644361233329,
      0.5958442084534434,
      0.49081356925595315,
      0.42111431722409676,
      0.2684869719300888
    ],
    "Recall": [
      1.0,
      1.0,
      1.0,
      1.0,
      1.0
    ],
    "False": [
      16.633333333333333,
      16.633333333333333,
      0.0,
      0.0,
      2.8432454260705793
    ],
    "Delay": [
      147.47619047619048,
      132.0,
      173.84615384615384,
      182.30769230769232,
      201.45454545454547
    ]
  },
  "3": {
    "Precision": [
      0.7113644361233329,
      0.5958442084534434,
      0.49081356925595315,
      0.42111431722409676,
      0.2684869719300888
    ],
    "Recall": [
      1.0,
      1.0,
      1.0,
      1.0,
      1.0
    ],
    "False": [
      16.633333333333333,
      16.633333333333333,
      0.0,
      0.0,
      2.8432454260705793
    ],
    "Delay": [
      147.47619047619048,
      132.0,
      173.84615384615384,
      182.30769230769232,
      201.45454545454547
    ]
  },
  "4": {
    "Precision": [
      0.7113644361233329,
      0.5958442084534434,
      0.49081356925595315,
      0.42111431722409676,
      0.2684869719300888
    ],
    "Recall": [
      1.0,
      1.0,
      1.0,
      1.0,
      1.0
    ],
    "False": [
      16.633333333333333,
      16.633333333333333,
      0.0,
      0.0,
      2.8432454260705793
    ],
    "Delay": [
      147.47619047619048,
      132.0,
      173.84615384615384,
      182.30769230769232,
      201.45454545454547
    ]
  },
  "5": {
    "Precision": [
      0.7113644361233329,
      0.5958442084534434,
      0.49081356925595315,
      0.42111431722409676,
      0.2684869719300888
    ],
    "Recall": [
      1.0,
      1.0,
      1.0,
      1.0,
      1.0
    ],
    "False": [
      16.633333333333333,
      16.633333333333333,
      0.0,
      0.0,
      2.8432454260705793
    ],
    "Delay": [
      147.47619047619048,
      132.0,
      173.84615384615384,
      182.30769230769232,
      201.45454545454547
    ]
  }
}