{
  "1": {
    "Precision": [
      0.9904761904761905,
      0.9869565217391305,
      0.9679144385026737,
      0.875,
      NaN
    ],
    "False": [
      0.6,
      0.6,
      0.0,
      0.0,
      3.0000000000000004
    ]
  },
  "2": {
    "Precision": [
      0.9904761904761905,
      0.9869565217391305,
      0.9679144385026737,
      0.875,
      NaN
    ],
    "False": [
      0.6,
      0.6,
      0.0,
      0.0,
      3.0000000000000004
    ]
  },
  "3": {
    "Precision": [
      0.9904761904761905,
      0.9869565217391305,
      0.9679144385026737,
      0.875,
      NaN
    ],
    "False": [
      0.6,
      0.6,
      0.0,
      0.0,
      3.0000000000000004
    ]
  },
  "4": {
    "Precision": [
      0.9904761904761905,
      0.9869565217391305,
      0.9679144385026737,
      0.875,
      NaN
    ],
    "False": [
      0.6,
      0.6,
      0.0,
      0.0,
      3.0000000000000004
    ]
  },
  "5": {
    "Precision": [
      0.9904761904761905,
      0.9869565217391305,
      0.9679144385026737,
      0.875,
      NaN
    ],
    "False": [
      0.6,
      0.6,
      0.0,
      0.0,
      3.0000000000000004
    ]
  }
}