{
  "1": {
    "Precision": [
      0.8459113298224391,
      0.8299246543181897,
      0.7976848985208118,
      0.7671547000297,
      0.6771733735646779
    ],
    "Recall": [
      1.0,
      1.0,
      1.0,
      1.0,
      1.0
    ],
    "False": [
      11.55,
      11.55,
      0.0,
      0.0,
      6.6450971945033
    ],
    "Delay": [
      63.7,
      73.7,
      88.7,
      98.7,
      113.7
    ]
  },
  "2": {
    "Precision": [
      0.8459113298224391,
      0.8299246543181897,
      0.7976848985208118,
      0.7671547000297,
      0.6771733735646779
    ],
    "Recall": [
      1.0,
      1.0,
      1.0,
      1.0,
      1.0
    ],
    "False": [
      11.55,
      11.55,
      0.0,
      0.0,
      6.6450971945033
    ],
    "Delay": [
      63.7,
      73.7,
      88.7,
      98.7,
      113.7
    ]
  },
  "3": {
    "Precision": [
      0.8459113298224391,
      0.8299246543181897,
      0.7976848985208118,
      0.7671547000297,
      0.6771733735646779
    ],
    "Recall": [
      1.0,
      1.0,
      1.0,
      1.0,
      1.0
    ],
    "False": [
      11.55,
      11.55,
      0.0,
      0.0,
      6.6450971945033
    ],
    "Delay": [
      63.7,
      73.7,
      88.7,
      98.7,
      113.7
    ]
  },
  "4": {
    "Precision": [
      0.8459113298224391,
      0.8299246543181897,
      0.7976848985208118,
      0.7671547000297,
      0.6771733735646779
    ],
    "Recall": [
      1.0,
      1.0,
      1.0,
      1.0,
      1.0
    ],
    "False": [
      11.55,
      11.55,
      0.0,
      0.0,
      6.6450971945033
    ],
    "Delay": [
      63.7,
      73.7,
      88.7,
      98.7,
      113.7
    ]
  },
  "5": {
    "Precision": [
      0.8459113298224391,
      0.8299246543181897,
      0.7976848985208118,
      0.7671547000297,
      0.6771733735646779
    ],
    "Recall": [
      1.0,
      1.0,
      1.0,
      1.0,
      1.0
    ],
    "False": [
      11.55,
      11.55,
      0.0,
      0.0,
      6.6450971945033
    ],
    "Delay": [
      63.7,
      73.7,
      88.7,
      98.7,
      113.7
    ]
  }
}