{
  "1": {
    "Precision": [
      0.8620401337792643,
      0.8866236056712248,
      0.9190391308038368,
      0.919871794871795,
      0.9770114942528735
    ],
    "Recall": [
      1.0,
      1.0,
      1.0,
      1.0,
      1.0
    ],
    "False": [
      2.5833333333333335,
      2.5833333333333335,
      0.0,
      0.0,
      1.7938475476670925
    ],
    "Delay": [
      48.56521739130435,
      52.80952380952381,
      73.66666666666667,
      89.46153846153847,
      131.83333333333334
    ]
  },
  "2": {
    "Precision": [
      0.8620401337792643,
      0.8866236056712248,
      0.9190391308038368,
      0.919871794871795,
      0.9770114942528735
    ],
    "Recall": [
      1.0,
      1.0,
      1.0,
      1.0,
      1.0
    ],
    "False": [
      2.5833333333333335,
      2.5833333333333335,
      0.0,
      0.0,
      1.7938475476670925
    ],
    "Delay": [
      48.56521739130435,
      52.80952380952381,
      73.66666666666667,
      89.46153846153847,
      131.83333333333334
    ]
  },
  "3": {
    "Precision": [
      0.8620401337792643,
      0.8866236056712248,
      0.9190391308038368,
      0.919871794871795,
      0.9770114942528735
    ],
    "Recall": [
      1.0,
      1.0,
      1.0,
      1.0,
      1.0
    ],
    "False": [
      2.5833333333333335,
      2.5833333333333335,
      0.0,
      0.0,
      1.7938475476670925
    ],
    "Delay": [
      48.56521739130435,
      52.80952380952381,
      73.66666666666667,
      89.46153846153847,
      131.83333333333334
    ]
  },
  "4": {
    "Precision": [
      0.8620401337792643,
      0.8866236056712248,
      0.9190391308038368,
      0.919871794871795,
      0.9770114942528735
    ],
    "Recall": [
      1.0,
      1.0,
      1.0,
      1.0,
      1.0
    ],
    "False": [
      2.5833333333333335,
      2.5833333333333335,
      0.0,
      0.0,
      1.7938475476670925
    ],
    "Delay": [
      48.56521739130435,
      52.80952380952381,
      73.66666666666667,
      89.46153846153847,
      131.83333333333334
    ]
  },
  "5": {
    "Precision": [
      0.8620401337792643,
      0.8866236056712248,
      0.9190391308038368,
      0.919871794871795,
      0.9770114942528735
    ],
    "Recall": [
      1.0,
      1.0,
      1.0,
      1.0,
      1.0
    ],
    "False": [
      2.5833333333333335,
      2.5833333333333335,
      0.0,
      0.0,
      1.7938475476670925
    ],
    "Delay": [
      48.56521739130435,
      52.80952380952381,
      73.66666666666667,
      89.46153846153847,
      131.83333333333334
    ]
  }
}