{
  "1": {
    "Precision": [
      0.8083832335329342,
      0.7746478873239436,
      0.782312925170068,
      0.7355371900826446,
      0.7009345794392523
    ],
    "Recall": [
      1,
      1,
      1,
      1,
      1
    ],
    "False": [
      29.771428571428572,
      29.771428571428572,
      29.496917477997652,
      29.496917477997652,
      29.235969918257002
    ],
    "Delay": [
      9.142857142857142,
      33.0,
      32.42857142857143,
      60.142857142857146,
      58.0
    ]
  },
  "2": {
    "Precision": [
      0.8083832335329342,
      0.7746478873239436,
      0.782312925170068,
      0.7355371900826446,
      0.7009345794392523
    ],
    "Recall": [
      1,
      1,
      1,
      1,
      1
    ],
    "False": [
      29.771428571428572,
      29.771428571428572,
      29.496917477997652,
      29.496917477997652,
      29.235969918257002
    ],
    "Delay": [
      9.142857142857142,
      33.0,
      32.42857142857143,
      60.142857142857146,
      58.0
    ]
  },
  "3": {
    "Precision": [
      0.8083832335329342,
      0.7746478873239436,
      0.782312925170068,
      0.7355371900826446,
      0.7009345794392523
    ],
    "Recall": [
      1,
      1,
      1,
      1,
      1
    ],
    "False": [
      29.771428571428572,
      29.771428571428572,
      29.496917477997652,
      29.496917477997652,
      29.235969918257002
    ],
    "Delay": [
      9.142857142857142,
      33.0,
      32.42857142857143,
      60.142857142857146,
      58.0
    ]
  },
  "4": {
    "Precision": [
      0.8083832335329342,
      0.7746478873239436,
      0.782312925170068,
      0.7355371900826446,
      0.7009345794392523
    ],
    "Recall": [
      1,
      1,
      1,
      1,
      1
    ],
    "False": [
      29.771428571428572,
      29.771428571428572,
      29.496917477997652,
      29.496917477997652,
      29.235969918257002
    ],
    "Delay": [
      9.142857142857142,
      33.0,
      32.42857142857143,
      60.142857142857146,
      58.0
    ]
  },
  "5": {
    "Precision": [
      0.8083832335329342,
      0.7746478873239436,
      0.782312925170068,
      0.7355371900826446,
      0.7009345794392523
    ],
    "Recall": [
      1,
      1,
      1,
      1,
      1
    ],
    "False": [
      29.771428571428572,
      29.771428571428572,
      29.496917477997652,
      29.496917477997652,
      29.235969918257002
    ],
    "Delay": [
      9.142857142857142,
      33.0,
      32.42857142857143,
      60.142857142857146,
      58.0
    ]
  }
}