{
  "1": {
    "Precision": [
      0.7731958762886598,
      0.7043010752688172,
      0.725,
      0.6451612903225806,
      0.5769230769230769
    ],
    "Recall": [
      1,
      1,
      1,
      1,
      1
    ],
    "False": [
      41.43333333333333,
      41.43333333333333,
      39.518744007575705,
      39.518744007575705,
      37.46222561288792
    ],
    "Delay": [
      14.0,
      38.0,
      39.583333333333336,
      53.333333333333336,
      66.66101694915254
    ]
  },
  "2": {
    "Precision": [
      0.7731958762886598,
      0.7043010752688172,
      0.725,
      0.6451612903225806,
      0.5769230769230769
    ],
    "Recall": [
      1,
      1,
      1,
      1,
      1
    ],
    "False": [
      41.43333333333333,
      41.43333333333333,
      39.518744007575705,
      39.518744007575705,
      37.46222561288792
    ],
    "Delay": [
      14.0,
      38.0,
      39.583333333333336,
      53.333333333333336,
      66.66101694915254
    ]
  },
  "3": {
    "Precision": [
      0.7731958762886598,
      0.7043010752688172,
      0.725,
      0.6451612903225806,
      0.5769230769230769
    ],
    "Recall": [
      1,
      1,
      1,
      1,
      1
    ],
    "False": [
      41.43333333333333,
      41.43333333333333,
      39.518744007575705,
      39.518744007575705,
      37.46222561288792
    ],
    "Delay": [
      14.0,
      38.0,
      39.583333333333336,
      53.333333333333336,
      66.66101694915254
    ]
  },
  "4": {
    "Precision": [
      0.7731958762886598,
      0.7043010752688172,
      0.725,
      0.6451612903225806,
      0.5769230769230769
    ],
    "Recall": [
      1,
      1,
      1,
      1,
      1
    ],
    "False": [
      41.43333333333333,
      41.43333333333333,
      39.518744007575705,
      39.518744007575705,
      37.46222561288792
    ],
    "Delay": [
      14.0,
      38.0,
      39.583333333333336,
      53.333333333333336,
      66.66101694915254
    ]
  },
  "5": {
    "Precision": [
      0.7731958762886598,
      0.7043010752688172,
      0.725,
      0.6451612903225806,
      0.5769230769230769
    ],
    "Recall": [
      1,
      1,
      1,
      1,
      1
    ],
    "False": [
      41.43333333333333,
      41.43333333333333,
      39.518744007575705,
      39.518744007575705,
      37.46222561288792
    ],
    "Delay": [
      14.0,
      38.0,
      39.583333333333336,
      53.333333333333336,
      66.66101694915254
    ]
  }
}