{
  "1": {
    "Precision": [
      0.8176795580110497,
      0.8035714285714286,
      0.7785234899328859,
      0.7591240875912408,
      0.7079646017699115
    ],
    "Recall": [
      1,
      1,
      1,
      1,
      1
    ],
    "False": [
      32.6,
      32.6,
      32.2837082926436,
      32.2837082926436,
      31.970970475106967
    ],
    "Delay": [
      10.2,
      32.8,
      33.6,
      60.6,
      58.6
    ]
  },
  "2": {
    "Precision": [
      0.8176795580110497,
      0.8035714285714286,
      0.7785234899328859,
      0.7591240875912408,
      0.7079646017699115
    ],
    "Recall": [
      1,
      1,
      1,
      1,
      1
    ],
    "False": [
      32.6,
      32.6,
      32.2837082926436,
      32.2837082926436,
      31.970970475106967
    ],
    "Delay": [
      10.2,
      32.8,
      33.6,
      60.6,
      58.6
    ]
  },
  "3": {
    "Precision": [
      0.8176795580110497,
      0.8035714285714286,
      0.7785234899328859,
      0.7591240875912408,
      0.7079646017699115
    ],
    "Recall": [
      1,
      1,
      1,
      1,
      1
    ],
    "False": [
      32.6,
      32.6,
      32.2837082926436,
      32.2837082926436,
      31.970970475106967
    ],
    "Delay": [
      10.2,
      32.8,
      33.6,
      60.6,
      58.6
    ]
  },
  "4": {
    "Precision": [
      0.8176795580110497,
      0.8035714285714286,
      0.7785234899328859,
      0.7591240875912408,
      0.7079646017699115
    ],
    "Recall": [
      1,
      1,
      1,
      1,
      1
    ],
    "False": [
      32.6,
      32.6,
      32.2837082926436,
      32.2837082926436,
      31.970970475106967
    ],
    "Delay": [
      10.2,
      32.8,
      33.6,
      60.6,
      58.6
    ]
  },
  "5": {
    "Precision": [
      0.8176795580110497,
      0.8035714285714286,
      0.7785234899328859,
      0.7591240875912408,
      0.7079646017699115
    ],
    "Recall": [
      1,
      1,
      1,
      1,
      1
    ],
    "False": [
      32.6,
      32.6,
      32.2837082926436,
      32.2837082926436,
      31.970970475106967
    ],
    "Delay": [
      10.2,
      32.8,
      33.6,
      60.6,
      58.6
    ]
  }
}