{
  "1": {
    "Precision": [
      0.7394957983193278,
      0.6684210526315789,
      0.6868686868686869,
      0.6161616161616161,
      0.5563380281690141
    ],
    "Recall": [
      1,
      1,
      1,
      1,
      1
    ],
    "False": [
      57.2,
      57.2,
      53.358911420439,
      53.358911420439,
      49.856850219287374
    ],
    "Delay": [
      12.333333333333334,
      35.18181818181818,
      38.5,
      47.666666666666664,
      65.25
    ]
  },
  "2": {
    "Precision": [
      0.7394957983193278,
      0.6684210526315789,
      0.6868686868686869,
      0.6161616161616161,
      0.5563380281690141
    ],
    "Recall": [
      1,
      1,
      1,
      1,
      1
    ],
    "False": [
      57.2,
      57.2,
      53.358911420439,
      53.358911420439,
      49.856850219287374
    ],
    "Delay": [
      12.333333333333334,
      35.18181818181818,
      38.5,
      47.666666666666664,
      65.25
    ]
  },
  "3": {
    "Precision": [
      0.7394957983193278,
      0.6684210526315789,
      0.6868686868686869,
      0.6161616161616161,
      0.5563380281690141
    ],
    "Recall": [
      1,
      1,
      1,
      1,
      1
    ],
    "False": [
      57.2,
      57.2,
      53.358911420439,
      53.358911420439,
      49.856850219287374
    ],
    "Delay": [
      12.333333333333334,
      35.18181818181818,
      38.5,
      47.666666666666664,
      65.25
    ]
  },
  "4": {
    "Precision": [
      0.7394957983193278,
      0.6684210526315789,
      0.6868686868686869,
      0.6161616161616161,
      0.5563380281690141
    ],
    "Recall": [
      1,
      1,
      1,
      1,
      1
    ],
    "False": [
      57.2,
      57.2,
      53.358911420439,
      53.358911420439,
      49.856850219287374
    ],
    "Delay": [
      12.333333333333334,
      35.18181818181818,
      38.5,
      47.666666666666664,
      65.25
    ]
  },
  "5": {
    "Precision": [
      0.7394957983193278,
      0.6684210526315789,
      0.6868686868686869,
      0.6161616161616161,
      0.5563380281690141
    ],
    "Recall": [
      1,
      1,
      1,
      1,
      1
    ],
    "False": [
      57.2,
      57.2,
      53.358911420439,
      53.358911420439,
      49.856850219287374
    ],
    "Delay": [
      12.333333333333334,
      35.18181818181818,
      38.5,
      47.666666666666664,
      65.25
    ]
  }
}