{
  "1": {
    "Precision": [
      0.6363636363636364,
      0.6026490066225165,
      0.6585365853658537,
      0.5973154362416108,
      0.5804195804195804
    ],
    "Recall": [
      1,
      1,
      1,
      1,
      1
    ],
    "False": [
      48.15,
      48.15,
      47.31036206226577,
      47.31036206226577,
      46.50862798601556
    ],
    "Delay": [
      19.25,
      38.5,
      43.0,
      55.5,
      70.0
    ]
  },
  "2": {
    "Precision": [
      0.6363636363636364,
      0.6026490066225165,
      0.6585365853658537,
      0.5973154362416108,
      0.5804195804195804
    ],
    "Recall": [
      1,
      1,
      1,
      1,
      1
    ],
    "False": [
      48.15,
      48.15,
      47.31036206226577,
      47.31036206226577,
      46.50862798601556
    ],
    "Delay": [
      19.25,
      38.5,
      43.0,
      55.5,
      70.0
    ]
  },
  "3": {
    "Precision": [
      0.6363636363636364,
      0.6026490066225165,
      0.6585365853658537,
      0.5973154362416108,
      0.5804195804195804
    ],
    "Recall": [
      1,
      1,
      1,
      1,
      1
    ],
    "False": [
      48.15,
      48.15,
      47.31036206226577,
      47.31036206226577,
      46.50862798601556
    ],
    "Delay": [
      19.25,
      38.5,
      43.0,
      55.5,
      70.0
    ]
  },
  "4": {
    "Precision": [
      0.6363636363636364,
      0.6026490066225165,
      0.6585365853658537,
      0.5973154362416108,
      0.5804195804195804
    ],
    "Recall": [
      1,
      1,
      1,
      1,
      1
    ],
    "False": [
      48.15,
      48.15,
      47.31036206226577,
      47.31036206226577,
      46.50862798601556
    ],
    "Delay": [
      19.25,
      38.5,
      43.0,
      55.5,
      70.0
    ]
  },
  "5": {
    "Precision": [
      0.6363636363636364,
      0.6026490066225165,
      0.6585365853658537,
      0.5973154362416108,
      0.5804195804195804
    ],
    "Recall": [
      1,
      1,
      1,
      1,
      1
    ],
    "False": [
      48.15,
      48.15,
      47.31036206226577,
      47.31036206226577,
      46.50862798601556
    ],
    "Delay": [
      19.25,
      38.5,
      43.0,
      55.5,
      70.0
    ]
  }
}