{
  "1": {
    "Precision": [
      0.7717842323651453,
      0.7566371681415929,
      0.7307692307692307,
      0.7110091743119266,
      0.6752577319587629
    ],
    "Recall": [
      1,
      1,
      1,
      1,
      1
    ],
    "False": [
      80.36,
      80.36,
      78.3381566689437,
      78.3381566689437,
      76.40924176729489
    ],
    "Delay": [
      11.6,
      21.6,
      36.6,
      46.8,
      62.0
    ]
  },
  "2": {
    "Precision": [
      0.7717842323651453,
      0.7566371681415929,
      0.7307692307692307,
      0.7110091743119266,
      0.6752577319587629
    ],
    "Recall": [
      1,
      1,
      1,
      1,
      1
    ],
    "False": [
      80.36,
      80.36,
      78.3381566689437,
      78.3381566689437,
      76.40924176729489
    ],
    "Delay": [
      11.6,
      21.6,
      36.6,
      46.8,
      62.0
    ]
  },
  "3": {
    "Precision": [
      0.7717842323651453,
      0.7566371681415929,
      0.7307692307692307,
      0.7110091743119266,
      0.6752577319587629
    ],
    "Recall": [
      1,
      1,
      1,
      1,
      1
    ],
    "False": [
      80.36,
      80.36,
      78.3381566689437,
      78.3381566689437,
      76.40924176729489
    ],
    "Delay": [
      11.6,
      21.6,
      36.6,
      46.8,
      62.0
    ]
  },
  "4": {
    "Precision": [
      0.7717842323651453,
      0.7566371681415929,
      0.7307692307692307,
      0.7110091743119266,
      0.6752577319587629
    ],
    "Recall": [
      1,
      1,
      1,
      1,
      1
    ],
    "False": [
      80.36,
      80.36,
      78.3381566689437,
      78.3381566689437,
      76.40924176729489
    ],
    "Delay": [
      11.6,
      21.6,
      36.6,
      46.8,
      62.0
    ]
  },
  "5": {
    "Precision": [
      0.7717842323651453,
      0.7566371681415929,
      0.7307692307692307,
      0.7110091743119266,
      0.6752577319587629
    ],
    "Recall": [
      1,
      1,
      1,
      1,
      1
    ],
    "False": [
      80.36,
      80.36,
      78.3381566689437,
      78.3381566689437,
      76.40924176729489
    ],
    "Delay": [
      11.6,
      21.6,
      36.6,
      46.8,
      62.0
    ]
  }
}