{
  "1": {
    "Precision": [
      0.8129770992366412,
      0.7983539094650206,
      0.7688679245283019,
      0.7487179487179487,
      0.7083333333333334
    ],
    "Recall": [
      1,
      1,
      1,
      1,
      1
    ],
    "False": [
      89.14285714285714,
      89.14285714285714,
      84.9319041594151,
      84.9319041594151,
      80.89434100165344
    ],
    "Delay": [
      11.0,
      21.142857142857142,
      36.42857142857143,
      46.285714285714285,
      61.857142857142854
    ]
  },
  "2": {
    "Precision": [
      0.8129770992366412,
      0.7983539094650206,
      0.7688679245283019,
      0.7487179487179487,
      0.7083333333333334
    ],
    "Recall": [
      1,
      1,
      1,
      1,
      1
    ],
    "False": [
      89.14285714285714,
      89.14285714285714,
      84.9319041594151,
      84.9319041594151,
      80.89434100165344
    ],
    "Delay": [
      11.0,
      21.142857142857142,
      36.42857142857143,
      46.285714285714285,
      61.857142857142854
    ]
  },
  "3": {
    "Precision": [
      0.8129770992366412,
      0.7983539094650206,
      0.7688679245283019,
      0.7487179487179487,
      0.7083333333333334
    ],
    "Recall": [
      1,
      1,
      1,
      1,
      1
    ],
    "False": [
      89.14285714285714,
      89.14285714285714,
      84.9319041594151,
      84.9319041594151,
      80.89434100165344
    ],
    "Delay": [
      11.0,
      21.142857142857142,
      36.42857142857143,
      46.285714285714285,
      61.857142857142854
    ]
  },
  "4": {
    "Precision": [
      0.8129770992366412,
      0.7983539094650206,
      0.7688679245283019,
      0.7487179487179487,
      0.7083333333333334
    ],
    "Recall": [
      1,
      1,
      1,
      1,
      1
    ],
    "False": [
      89.14285714285714,
      89.14285714285714,
      84.9319041594151,
      84.9319041594151,
      80.89434100165344
    ],
    "Delay": [
      11.0,
      21.142857142857142,
      36.42857142857143,
      46.285714285714285,
      61.857142857142854
    ]
  },
  "5": {
    "Precision": [
      0.8129770992366412,
      0.7983539094650206,
      0.7688679245283019,
      0.7487179487179487,
      0.7083333333333334
    ],
    "Recall": [
      1,
      1,
      1,
      1,
      1
    ],
    "False": [
      89.14285714285714,
      89.14285714285714,
      84.9319041594151,
      84.9319041594151,
      80.89434100165344
    ],
    "Delay": [
      11.0,
      21.142857142857142,
      36.42857142857143,
      46.285714285714285,
      61.857142857142854
    ]
  }
}