{
  "1": {
    "Precision": [
      0.8018867924528302,
      0.78125,
      0.7307692307692307,
      0.6666666666666666,
      0.5714285714285714
    ],
    "Recall": [
      1,
      1,
      1,
      1,
      1
    ],
    "False": [
      91.85,
      91.85,
      77.71795480160475,
      77.71795480160475,
      61.00692264941726
    ],
    "Delay": [
      22.583333333333332,
      32.583333333333336,
      49.75,
      58.833333333333336,
      75.5
    ]
  },
  "2": {
    "Precision": [
      0.8018867924528302,
      0.78125,
      0.7307692307692307,
      0.6666666666666666,
      0.5714285714285714
    ],
    "Recall": [
      1,
      1,
      1,
      1,
      1
    ],
    "False": [
      91.85,
      91.85,
      77.71795480160475,
      77.71795480160475,
      61.00692264941726
    ],
    "Delay": [
      22.583333333333332,
      32.583333333333336,
      49.75,
      58.833333333333336,
      75.5
    ]
  },
  "3": {
    "Precision": [
      0.8018867924528302,
      0.78125,
      0.7307692307692307,
      0.6666666666666666,
      0.5714285714285714
    ],
    "Recall": [
      1,
      1,
      1,
      1,
      1
    ],
    "False": [
      91.85,
      91.85,
      77.71795480160475,
      77.71795480160475,
      61.00692264941726
    ],
    "Delay": [
      22.583333333333332,
      32.583333333333336,
      49.75,
      58.833333333333336,
      75.5
    ]
  },
  "4": {
    "Precision": [
      0.8018867924528302,
      0.78125,
      0.7307692307692307,
      0.6666666666666666,
      0.5714285714285714
    ],
    "Recall": [
      1,
      1,
      1,
      1,
      1
    ],
    "False": [
      91.85,
      91.85,
      77.71795480160475,
      77.71795480160475,
      61.00692264941726
    ],
    "Delay": [
      22.583333333333332,
      32.583333333333336,
      49.75,
      58.833333333333336,
      75.5
    ]
  },
  "5": {
    "Precision": [
      0.8018867924528302,
      0.78125,
      0.7307692307692307,
      0.6666666666666666,
      0.5714285714285714
    ],
    "Recall": [
      1,
      1,
      1,
      1,
      1
    ],
    "False": [
      91.85,
      91.85,
      77.71795480160475,
      77.71795480160475,
      61.00692264941726
    ],
    "Delay": [
      22.583333333333332,
      32.583333333333336,
      49.75,
      58.833333333333336,
      75.5
    ]
  }
}