{
  "1": {
    "Precision": [
      0.7719298245614035,
      0.7346938775510204,
      0.6904761904761905,
      0.6666666666666666,
      0.59375
    ],
    "Recall": [
      1,
      1,
      1,
      1,
      1
    ],
    "False": [
      41.733333333333334,
      41.733333333333334,
      27.499360305792717,
      27.499360305792717,
      20.078475096941197
    ],
    "Delay": [
      46.925,
      51.714285714285715,
      63.6,
      68.45945945945945,
      81.28947368421052
    ]
  },
  "2": {
    "Precision": [
      0.7719298245614035,
      0.7346938775510204,
      0.6904761904761905,
      0.6666666666666666,
      0.59375
    ],
    "Recall": [
      1,
      1,
      1,
      1,
      1
    ],
    "False": [
      41.733333333333334,
      41.733333333333334,
      27.499360305792717,
      27.499360305792717,
      20.078475096941197
    ],
    "Delay": [
      46.925,
      51.714285714285715,
      63.6,
      68.45945945945945,
      81.28947368421052
    ]
  },
  "3": {
    "Precision": [
      0.7719298245614035,
      0.7346938775510204,
      0.6904761904761905,
      0.6666666666666666,
      0.59375
    ],
    "Recall": [
      1,
      1,
      1,
      1,
      1
    ],
    "False": [
      41.733333333333334,
      41.733333333333334,
      27.499360305792717,
      27.499360305792717,
      20.078475096941197
    ],
    "Delay": [
      46.925,
      51.714285714285715,
      63.6,
      68.45945945945945,
      81.28947368421052
    ]
  },
  "4": {
    "Precision": [
      0.7719298245614035,
      0.7346938775510204,
      0.6904761904761905,
      0.6666666666666666,
      0.59375
    ],
    "Recall": [
      1,
      1,
      1,
      1,
      1
    ],
    "False": [
      41.733333333333334,
      41.733333333333334,
      27.499360305792717,
      27.499360305792717,
      20.078475096941197
    ],
    "Delay": [
      46.925,
      51.714285714285715,
      63.6,
      68.45945945945945,
      81.28947368421052
    ]
  },
  "5": {
    "Precision": [
      0.7719298245614035,
      0.7346938775510204,
      0.6904761904761905,
      0.6666666666666666,
      0.59375
    ],
    "Recall": [
      1,
      1,
      1,
      1,
      1
    ],
    "False": [
      41.733333333333334,
      41.733333333333334,
      27.499360305792717,
      27.499360305792717,
      20.078475096941197
    ],
    "Delay": [
      46.925,
      51.714285714285715,
      63.6,
      68.45945945945945,
      81.28947368421052
    ]
  }
}