{
  "1": {
    "Precision": [
      0.8246753246753247,
      0.8111888111888111,
      0.7938931297709924,
      0.7711864406779662,
      0.7244897959183674
    ],
    "Recall": [
      1,
      1,
      1,
      1,
      1
    ],
    "False": [
      28.28,
      28.28,
      27.925502672529657,
      27.925502672529657,
      27.5645345653318
    ],
    "Delay": [
      9.6,
      33.0,
      33.2,
      52.61904761904762,
      58.0
    ]
  },
  "2": {
    "Precision": [
      0.8246753246753247,
      0.8111888111888111,
      0.7938931297709924,
      0.7711864406779662,
      0.7244897959183674
    ],
    "Recall": [
      1,
      1,
      1,
      1,
      1
    ],
    "False": [
      28.28,
      28.28,
      27.925502672529657,
      27.925502672529657,
      27.5645345653318
    ],
    "Delay": [
      9.6,
      33.0,
      33.2,
      52.61904761904762,
      58.0
    ]
  },
  "3": {
    "Precision": [
      0.8246753246753247,
      0.8111888111888111,
      0.7938931297709924,
      0.7711864406779662,
      0.7244897959183674
    ],
    "Recall": [
      1,
      1,
      1,
      1,
      1
    ],
    "False": [
      28.28,
      28.28,
      27.925502672529657,
      27.925502672529657,
      27.5645345653318
    ],
    "Delay": [
      9.6,
      33.0,
      33.2,
      52.61904761904762,
      58.0
    ]
  },
  "4": {
    "Precision": [
      0.8246753246753247,
      0.8111888111888111,
      0.7938931297709924,
      0.7711864406779662,
      0.7244897959183674
    ],
    "Recall": [
      1,
      1,
      1,
      1,
      1
    ],
    "False": [
      28.28,
      28.28,
      27.925502672529657,
      27.925502672529657,
      27.5645345653318
    ],
    "Delay": [
      9.6,
      33.0,
      33.2,
      52.61904761904762,
      58.0
    ]
  },
  "5": {
    "Precision": [
      0.8246753246753247,
      0.8111888111888111,
      0.7938931297709924,
      0.7711864406779662,
      0.7244897959183674
    ],
    "Recall": [
      1,
      1,
      1,
      1,
      1
    ],
    "False": [
      28.28,
      28.28,
      27.925502672529657,
      27.925502672529657,
      27.5645345653318
    ],
    "Delay": [
      9.6,
      33.0,
      33.2,
      52.61904761904762,
      58.0
    ]
  }
}