{
  "1": {
    "Precision": [
      0.736,
      0.6839378238341969,
      0.7,
      0.6257668711656442,
      0.5734265734265734
    ],
    "Recall": [
      1,
      1,
      1,
      1,
      1
    ],
    "False": [
      46.016666666666666,
      46.016666666666666,
      44.29358936771676,
      44.29358936771676,
      42.63998563086452
    ],
    "Delay": [
      14.833333333333334,
      38.85964912280702,
      40.083333333333336,
      55.440677966101696,
      66.08333333333333
    ]
  },
  "2": {
    "Precision": [
      0.736,
      0.6839378238341969,
      0.7,
      0.6257668711656442,
      0.5734265734265734
    ],
    "Recall": [
      1,
      1,
      1,
      1,
      1
    ],
    "False": [
      46.016666666666666,
      46.016666666666666,
      44.29358936771676,
      44.29358936771676,
      42.63998563086452
    ],
    "Delay": [
      14.833333333333334,
      38.85964912280702,
      40.083333333333336,
      55.440677966101696,
      66.08333333333333
    ]
  },
  "3": {
    "Precision": [
      0.736,
      0.6839378238341969,
      0.7,
      0.6257668711656442,
      0.5734265734265734
    ],
    "Recall": [
      1,
      1,
      1,
      1,
      1
    ],
    "False": [
      46.016666666666666,
      46.016666666666666,
      44.29358936771676,
      44.29358936771676,
      42.63998563086452
    ],
    "Delay": [
      14.833333333333334,
      38.85964912280702,
      40.083333333333336,
      55.440677966101696,
      66.08333333333333
    ]
  },
  "4": {
    "Precision": [
      0.736,
      0.6839378238341969,
      0.7,
      0.6257668711656442,
      0.5734265734265734
    ],
    "Recall": [
      1,
      1,
      1,
      1,
      1
    ],
    "False": [
      46.016666666666666,
      46.016666666666666,
      44.29358936771676,
      44.29358936771676,
      42.63998563086452
    ],
    "Delay": [
      14.833333333333334,
      38.85964912280702,
      40.083333333333336,
      55.440677966101696,
      66.08333333333333
    ]
  },
  "5": {
    "Precision": [
      0.736,
      0.6839378238341969,
      0.7,
      0.6257668711656442,
      0.5734265734265734
    ],
    "Recall": [
      1,
      1,
      1,
      1,
      1
    ],
    "False": [
      46.016666666666666,
      46.016666666666666,
      44.29358936771676,
      44.29358936771676,
      42.63998563086452
    ],
    "Delay": [
      14.833333333333334,
      38.85964912280702,
      40.083333333333336,
      55.440677966101696,
      66.08333333333333
    ]
  }
}