{
  "1": {
    "Precision": [
      0.8268156424581006,
      0.7816901408450704,
      0.7832167832167832,
      0.7465753424657534,
      0.6991869918699187
    ],
    "Recall": [
      1,
      1,
      1,
      1,
      1
    ],
    "False": [
      32.22857142857143,
      32.22857142857143,
      31.875013889656348,
      31.875013889656348,
      31.542803762311244
    ],
    "Delay": [
      10.0,
      33.142857142857146,
      33.142857142857146,
      60.857142857142854,
      58.714285714285715
    ]
  },
  "2": {
    "Precision": [
      0.8268156424581006,
      0.7816901408450704,
      0.7832167832167832,
      0.7465753424657534,
      0.6991869918699187
    ],
    "Recall": [
      1,
      1,
      1,
      1,
      1
    ],
    "False": [
      32.22857142857143,
      32.22857142857143,
      31.875013889656348,
      31.875013889656348,
      31.542803762311244
    ],
    "Delay": [
      10.0,
      33.142857142857146,
      33.142857142857146,
      60.857142857142854,
      58.714285714285715
    ]
  },
  "3": {
    "Precision": [
      0.8268156424581006,
      0.7816901408450704,
      0.7832167832167832,
      0.7465753424657534,
      0.6991869918699187
    ],
    "Recall": [
      1,
      1,
      1,
      1,
      1
    ],
    "False": [
      32.22857142857143,
      32.22857142857143,
      31.875013889656348,
      31.875013889656348,
      31.542803762311244
    ],
    "Delay": [
      10.0,
      33.142857142857146,
      33.142857142857146,
      60.857142857142854,
      58.714285714285715
    ]
  },
  "4": {
    "Precision": [
      0.8268156424581006,
      0.7816901408450704,
      0.7832167832167832,
      0.7465753424657534,
      0.6991869918699187
    ],
    "Recall": [
      1,
      1,
      1,
      1,
      1
    ],
    "False": [
      32.22857142857143,
      32.22857142857143,
      31.875013889656348,
      31.875013889656348,
      31.542803762311244
    ],
    "Delay": [
      10.0,
      33.142857142857146,
      33.142857142857146,
      60.857142857142854,
      58.714285714285715
    ]
  },
  "5": {
    "Precision": [
      0.8268156424581006,
      0.7816901408450704,
      0.7832167832167832,
      0.7465753424657534,
      0.6991869918699187
    ],
    "Recall": [
      1,
      1,
      1,
      1,
      1
    ],
    "False": [
      32.22857142857143,
      32.22857142857143,
      31.875013889656348,
      31.875013889656348,
      31.542803762311244
    ],
    "Delay": [
      10.0,
      33.142857142857146,
      33.142857142857146,
      60.857142857142854,
      58.714285714285715
    ]
  }
}