{
  "1": {
    "Precision": [
      0.7722772277227723,
      0.6965174129353234,
      0.7195121951219512,
      0.6432748538011696,
      0.5673758865248227
    ],
    "Recall": [
      1,
      1,
      1,
      1,
      1
    ],
    "False": [
      45.1,
      45.1,
      42.92816498787285,
      42.92816498787285,
      40.61898610650517
    ],
    "Delay": [
      14.416666666666666,
      37.5,
      39.833333333333336,
      54.5,
      66.25
    ]
  },
  "2": {
    "Precision": [
      0.7722772277227723,
      0.6965174129353234,
      0.7195121951219512,
      0.6432748538011696,
      0.5673758865248227
    ],
    "Recall": [
      1,
      1,
      1,
      1,
      1
    ],
    "False": [
      45.1,
      45.1,
      42.92816498787285,
      42.92816498787285,
      40.61898610650517
    ],
    "Delay": [
      14.416666666666666,
      37.5,
      39.833333333333336,
      54.5,
      66.25
    ]
  },
  "3": {
    "Precision": [
      0.7722772277227723,
      0.6965174129353234,
      0.7195121951219512,
      0.6432748538011696,
      0.5673758865248227
    ],
    "Recall": [
      1,
      1,
      1,
      1,
      1
    ],
    "False": [
      45.1,
      45.1,
      42.92816498787285,
      42.92816498787285,
      40.61898610650517
    ],
    "Delay": [
      14.416666666666666,
      37.5,
      39.833333333333336,
      54.5,
      66.25
    ]
  },
  "4": {
    "Precision": [
      0.7722772277227723,
      0.6965174129353234,
      0.7195121951219512,
      0.6432748538011696,
      0.5673758865248227
    ],
    "Recall": [
      1,
      1,
      1,
      1,
      1
    ],
    "False": [
      45.1,
      45.1,
      42.92816498787285,
      42.92816498787285,
      40.61898610650517
    ],
    "Delay": [
      14.416666666666666,
      37.5,
      39.833333333333336,
      54.5,
      66.25
    ]
  },
  "5": {
    "Precision": [
      0.7722772277227723,
      0.6965174129353234,
      0.7195121951219512,
      0.6432748538011696,
      0.5673758865248227
    ],
    "Recall": [
      1,
      1,
      1,
      1,
      1
    ],
    "False": [
      45.1,
      45.1,
      42.92816498787285,
      42.92816498787285,
      40.61898610650517
    ],
    "Delay": [
      14.416666666666666,
      37.5,
      39.833333333333336,
      54.5,
      66.25
    ]
  }
}