{
  "1": {
    "Precision": [
      0.6692913385826772,
      0.58,
      0.6813186813186813,
      0.5961538461538461,
      0.6074766355140186
    ],
    "Recall": [
      1,
      1,
      1,
      1,
      1
    ],
    "False": [
      43.5,
      43.5,
      42.93700143936765,
      42.93700143936765,
      42.347652531991905
    ],
    "Delay": [
      18.0,
      106.47368421052632,
      42.75,
      55.75,
      70.0
    ]
  },
  "2": {
    "Precision": [
      0.6692913385826772,
      0.58,
      0.6813186813186813,
      0.5961538461538461,
      0.6074766355140186
    ],
    "Recall": [
      1,
      1,
      1,
      1,
      1
    ],
    "False": [
      43.5,
      43.5,
      42.93700143936765,
      42.93700143936765,
      42.347652531991905
    ],
    "Delay": [
      18.0,
      106.47368421052632,
      42.75,
      55.75,
      70.0
    ]
  },
  "3": {
    "Precision": [
      0.6692913385826772,
      0.58,
      0.6813186813186813,
      0.5961538461538461,
      0.6074766355140186
    ],
    "Recall": [
      1,
      1,
      1,
      1,
      1
    ],
    "False": [
      43.5,
      43.5,
      42.93700143936765,
      42.93700143936765,
      42.347652531991905
    ],
    "Delay": [
      18.0,
      106.47368421052632,
      42.75,
      55.75,
      70.0
    ]
  },
  "4": {
    "Precision": [
      0.6692913385826772,
      0.58,
      0.6813186813186813,
      0.5961538461538461,
      0.6074766355140186
    ],
    "Recall": [
      1,
      1,
      1,
      1,
      1
    ],
    "False": [
      43.5,
      43.5,
      42.93700143936765,
      42.93700143936765,
      42.347652531991905
    ],
    "Delay": [
      18.0,
      106.47368421052632,
      42.75,
      55.75,
      70.0
    ]
  },
  "5": {
    "Precision": [
      0.6692913385826772,
      0.58,
      0.6813186813186813,
      0.5961538461538461,
      0.6074766355140186
    ],
    "Recall": [
      1,
      1,
      1,
      1,
      1
    ],
    "False": [
      43.5,
      43.5,
      42.93700143936765,
      42.93700143936765,
      42.347652531991905
    ],
    "Delay": [
      18.0,
      106.47368421052632,
      42.75,
      55.75,
      70.0
    ]
  }
}