{
  "5": {
    "Precision": [
      0.875,
      0.9152542372881356,
      0.9333333333333333,
      0.8695652173913043,
      1
    ],
    "Recall": [
      1.0,
      1.0,
      1.0,
      1.0,
      1.0
    ],
    "False": [
      17.75,
      14.75,
      12.5,
      12.5,
      9.75
    ],
    "Delay": [
      138.0,
      141.5,
      72.5,
      72.5,
      32.5
    ]
  },
  "15": {
    "Precision": [
      0.875,
      0.9152542372881356,
      0.9333333333333333,
      0.8695652173913043,
      1
    ],
    "Recall": [
      1.0,
      1.0,
      1.0,
      1.0,
      1.0
    ],
    "False": [
      17.75,
      14.75,
      12.5,
      12.5,
      9.75
    ],
    "Delay": [
      138.0,
      141.5,
      72.5,
      72.5,
      32.5
    ]
  },
  "30": {
    "Precision": [
      0.875,
      0.9152542372881356,
      0.9333333333333333,
      0.8695652173913043,
      1
    ],
    "Recall": [
      1.0,
      1.0,
      1.0,
      1.0,
      1.0
    ],
    "False": [
      17.75,
      14.75,
      12.5,
      12.5,
      9.75
    ],
    "Delay": [
      138.0,
      141.5,
      72.5,
      72.5,
      32.5
    ]
  },
  "40": {
    "Precision": [
      0.875,
      0.9152542372881356,
      0.9333333333333333,
      0.8695652173913043,
      1
    ],
    "Recall": [
      1.0,
      1.0,
      1.0,
      1.0,
      1.0
    ],
    "False": [
      17.75,
      14.75,
      12.5,
      12.5,
      9.75
    ],
    "Delay": [
      138.0,
      141.5,
      72.5,
      72.5,
      32.5
    ]
  },
  "55": {
    "Precision": [
      0.875,
      0.9152542372881356,
      0.9333333333333333,
      0.8695652173913043,
      1
    ],
    "Recall": [
      1.0,
      1.0,
      1.0,
      1.0,
      1.0
    ],
    "False": [
      17.75,
      14.75,
      12.5,
      12.5,
      9.75
    ],
    "Delay": [
      138.0,
      141.5,
      72.5,
      72.5,
      32.5
    ]
  }
}