{
  "5": {
    "Precision": [
      0.8925619834710744,
      0.8990825688073395,
      0.9130434782608695,
      0.8867924528301887,
      1
    ],
    "Recall": [
      1.0,
      1.0,
      1.0,
      1.0,
      1.0
    ],
    "False": [
      20.8,
      18.4,
      16.4,
      14.2,
      0.0
    ],
    "Delay": [
      95.54347826086956,
      65.83333333333333,
      63.357142857142854,
      70.85714285714286,
      74.27272727272727
    ]
  },
  "15": {
    "Precision": [
      0.8925619834710744,
      0.8990825688073395,
      0.9130434782608695,
      0.8867924528301887,
      1
    ],
    "Recall": [
      1.0,
      1.0,
      1.0,
      1.0,
      1.0
    ],
    "False": [
      20.8,
      18.4,
      16.4,
      14.2,
      0.0
    ],
    "Delay": [
      95.54347826086956,
      65.83333333333333,
      63.357142857142854,
      70.85714285714286,
      74.27272727272727
    ]
  },
  "30": {
    "Precision": [
      0.8925619834710744,
      0.8990825688073395,
      0.9130434782608695,
      0.8867924528301887,
      1
    ],
    "Recall": [
      1.0,
      1.0,
      1.0,
      1.0,
      1.0
    ],
    "False": [
      20.8,
      18.4,
      16.4,
      14.2,
      0.0
    ],
    "Delay": [
      95.54347826086956,
      65.83333333333333,
      63.357142857142854,
      70.85714285714286,
      74.27272727272727
    ]
  },
  "40": {
    "Precision": [
      0.8925619834710744,
      0.8990825688073395,
      0.9130434782608695,
      0.8867924528301887,
      1
    ],
    "Recall": [
      1.0,
      1.0,
      1.0,
      1.0,
      1.0
    ],
    "False": [
      20.8,
      18.4,
      16.4,
      14.2,
      0.0
    ],
    "Delay": [
      95.54347826086956,
      65.83333333333333,
      63.357142857142854,
      70.85714285714286,
      74.27272727272727
    ]
  },
  "55": {
    "Precision": [
      0.8925619834710744,
      0.8990825688073395,
      0.9130434782608695,
      0.8867924528301887,
      1
    ],
    "Recall": [
      1.0,
      1.0,
      1.0,
      1.0,
      1.0
    ],
    "False": [
      20.8,
      18.4,
      16.4,
      14.2,
      0.0
    ],
    "Delay": [
      95.54347826086956,
      65.83333333333333,
      63.357142857142854,
      70.85714285714286,
      74.27272727272727
    ]
  }
}