{
  "5": {
    "Precision": [
      0.3795620437956204,
      0.38317757009345793,
      0.4175824175824176,
      0.6111111111111112,
      0.6363636363636364
    ],
    "Recall": [
      1.0,
      1.0,
      1.0,
      1.0,
      1.0
    ],
    "False": [
      93.5,
      73.83333333333333,
      57.833333333333336,
      15.5,
      9.75
    ],
    "Delay": [
      169.36,
      172.3265306122449,
      218.47368421052633,
      225.36363636363637,
      220.53333333333333
    ]
  },
  "15": {
    "Precision": [
      0.3795620437956204,
      0.38317757009345793,
      0.4175824175824176,
      0.6111111111111112,
      0.6363636363636364
    ],
    "Recall": [
      1.0,
      1.0,
      1.0,
      1.0,
      1.0
    ],
    "False": [
      93.5,
      73.83333333333333,
      57.833333333333336,
      15.5,
      9.75
    ],
    "Delay": [
      169.36,
      172.3265306122449,
      218.47368421052633,
      225.36363636363637,
      220.53333333333333
    ]
  },
  "30": {
    "Precision": [
      0.3795620437956204,
      0.38317757009345793,
      0.4175824175824176,
      0.6111111111111112,
      0.6363636363636364
    ],
    "Recall": [
      1.0,
      1.0,
      1.0,
      1.0,
      1.0
    ],
    "False": [
      93.5,
      73.83333333333333,
      57.833333333333336,
      15.5,
      9.75
    ],
    "Delay": [
      169.36,
      172.3265306122449,
      218.47368421052633,
      225.36363636363637,
      220.53333333333333
    ]
  },
  "40": {
    "Precision": [
      0.3795620437956204,
      0.38317757009345793,
      0.4175824175824176,
      0.6111111111111112,
      0.6363636363636364
    ],
    "Recall": [
      1.0,
      1.0,
      1.0,
      1.0,
      1.0
    ],
    "False": [
      93.5,
      73.83333333333333,
      57.833333333333336,
      15.5,
      9.75
    ],
    "Delay": [
      169.36,
      172.3265306122449,
      218.47368421052633,
      225.36363636363637,
      220.53333333333333
    ]
  },
  "55": {
    "Precision": [
      0.3795620437956204,
      0.38317757009345793,
      0.4175824175824176,
      0.6111111111111112,
      0.6363636363636364
    ],
    "Recall": [
      1.0,
      1.0,
      1.0,
      1.0,
      1.0
    ],
    "False": [
      93.5,
      73.83333333333333,
      57.833333333333336,
      15.5,
      9.75
    ],
    "Delay": [
      169.36,
      172.3265306122449,
      218.47368421052633,
      225.36363636363637,
      220.53333333333333
    ]
  }
}