{
  "5": {
    "Precision": [
      0.5323741007194245,
      0.5426356589147286,
      0.5609756097560976,
      0.725,
      0.726027397260274
    ],
    "Recall": [
      1.0,
      1.0,
      1.0,
      1.0,
      1.0
    ],
    "False": [
      68.66666666666667,
      62.916666666666664,
      58.0,
      23.75,
      21.833333333333332
    ],
    "Delay": [
      74.98571428571428,
      75.0952380952381,
      75.0952380952381,
      70.6923076923077,
      68.87755102040816
    ]
  },
  "15": {
    "Precision": [
      0.5323741007194245,
      0.5426356589147286,
      0.5609756097560976,
      0.725,
      0.726027397260274
    ],
    "Recall": [
      1.0,
      1.0,
      1.0,
      1.0,
      1.0
    ],
    "False": [
      68.66666666666667,
      62.916666666666664,
      58.0,
      23.75,
      21.833333333333332
    ],
    "Delay": [
      74.98571428571428,
      75.0952380952381,
      75.0952380952381,
      70.6923076923077,
      68.87755102040816
    ]
  },
  "30": {
    "Precision": [
      0.5323741007194245,
      0.5426356589147286,
      0.5609756097560976,
      0.725,
      0.726027397260274
    ],
    "Recall": [
      1.0,
      1.0,
      1.0,
      1.0,
      1.0
    ],
    "False": [
      68.66666666666667,
      62.916666666666664,
      58.0,
      23.75,
      21.833333333333332
    ],
    "Delay": [
      74.98571428571428,
      75.0952380952381,
      75.0952380952381,
      70.6923076923077,
      68.87755102040816
    ]
  },
  "40": {
    "Precision": [
      0.5323741007194245,
      0.5426356589147286,
      0.5609756097560976,
      0.725,
      0.726027397260274
    ],
    "Recall": [
      1.0,
      1.0,
      1.0,
      1.0,
      1.0
    ],
    "False": [
      68.66666666666667,
      62.916666666666664,
      58.0,
      23.75,
      21.833333333333332
    ],
    "Delay": [
      74.98571428571428,
      75.0952380952381,
      75.0952380952381,
      70.6923076923077,
      68.87755102040816
    ]
  },
  "55": {
    "Precision": [
      0.5323741007194245,
      0.5426356589147286,
      0.5609756097560976,
      0.725,
      0.726027397260274
    ],
    "Recall": [
      1.0,
      1.0,
      1.0,
      1.0,
      1.0
    ],
    "False": [
      68.66666666666667,
      62.916666666666664,
      58.0,
      23.75,
      21.833333333333332
    ],
    "Delay": [
      74.98571428571428,
      75.0952380952381,
      75.0952380952381,
      70.6923076923077,
      68.87755102040816
    ]
  }
}