{
  "5": {
    "Precision": [
      0.875,
      0.9,
      0.8936170212765957,
      0.8695652173913043,
      1
    ],
    "Recall": [
      1.0,
      1.0,
      1.0,
      1.0,
      1.0
    ],
    "False": [
      24.5,
      16.25,
      15.5,
      13.25,
      0.75
    ],
    "Delay": [
      138.0,
      138.0,
      141.5,
      72.5,
      5.0
    ]
  },
  "15": {
    "Precision": [
      0.875,
      0.9,
      0.8936170212765957,
      0.8695652173913043,
      1
    ],
    "Recall": [
      1.0,
      1.0,
      1.0,
      1.0,
      1.0
    ],
    "False": [
      24.5,
      16.25,
      15.5,
      13.25,
      0.75
    ],
    "Delay": [
      138.0,
      138.0,
      141.5,
      72.5,
      5.0
    ]
  },
  "30": {
    "Precision": [
      0.875,
      0.9,
      0.8936170212765957,
      0.8695652173913043,
      1
    ],
    "Recall": [
      1.0,
      1.0,
      1.0,
      1.0,
      1.0
    ],
    "False": [
      24.5,
      16.25,
      15.5,
      13.25,
      0.75
    ],
    "Delay": [
      138.0,
      138.0,
      141.5,
      72.5,
      5.0
    ]
  },
  "40": {
    "Precision": [
      0.875,
      0.9,
      0.8936170212765957,
      0.8695652173913043,
      1
    ],
    "Recall": [
      1.0,
      1.0,
      1.0,
      1.0,
      1.0
    ],
    "False": [
      24.5,
      16.25,
      15.5,
      13.25,
      0.75
    ],
    "Delay": [
      138.0,
      138.0,
      141.5,
      72.5,
      5.0
    ]
  },
  "55": {
    "Precision": [
      0.875,
      0.9,
      0.8936170212765957,
      0.8695652173913043,
      1
    ],
    "Recall": [
      1.0,
      1.0,
      1.0,
      1.0,
      1.0
    ],
    "False": [
      24.5,
      16.25,
      15.5,
      13.25,
      0.75
    ],
    "Delay": [
      138.0,
      138.0,
      141.5,
      72.5,
      5.0
    ]
  }
}