{
  "5": {
    "Precision": [
      0.3795620437956204,
      0.41836734693877553,
      0.6440677966101694,
      0.7096774193548387,
      0.6363636363636364
    ],
    "Recall": [
      1.0,
      1.0,
      1.0,
      1.0,
      1.0
    ],
    "False": [
      92.58333333333333,
      61.666666666666664,
      23.333333333333332,
      10.75,
      9.75
    ],
    "Delay": [
      169.36,
      208.95,
      218.47368421052633,
      220.36666666666667,
      204.2
    ]
  },
  "15": {
    "Precision": [
      0.3795620437956204,
      0.41836734693877553,
      0.6440677966101694,
      0.7096774193548387,
      0.6363636363636364
    ],
    "Recall": [
      1.0,
      1.0,
      1.0,
      1.0,
      1.0
    ],
    "False": [
      92.58333333333333,
      61.666666666666664,
      23.333333333333332,
      10.75,
      9.75
    ],
    "Delay": [
      169.36,
      208.95,
      218.47368421052633,
      220.36666666666667,
      204.2
    ]
  },
  "30": {
    "Precision": [
      0.3795620437956204,
      0.41836734693877553,
      0.6440677966101694,
      0.7096774193548387,
      0.6363636363636364
    ],
    "Recall": [
      1.0,
      1.0,
      1.0,
      1.0,
      1.0
    ],
    "False": [
      92.58333333333333,
      61.666666666666664,
      23.333333333333332,
      10.75,
      9.75
    ],
    "Delay": [
      169.36,
      208.95,
      218.47368421052633,
      220.36666666666667,
      204.2
    ]
  },
  "40": {
    "Precision": [
      0.3795620437956204,
      0.41836734693877553,
      0.6440677966101694,
      0.7096774193548387,
      0.6363636363636364
    ],
    "Recall": [
      1.0,
      1.0,
      1.0,
      1.0,
      1.0
    ],
    "False": [
      92.58333333333333,
      61.666666666666664,
      23.333333333333332,
      10.75,
      9.75
    ],
    "Delay": [
      169.36,
      208.95,
      218.47368421052633,
      220.36666666666667,
      204.2
    ]
  },
  "55": {
    "Precision": [
      0.3795620437956204,
      0.41836734693877553,
      0.6440677966101694,
      0.7096774193548387,
      0.6363636363636364
    ],
    "Recall": [
      1.0,
      1.0,
      1.0,
      1.0,
      1.0
    ],
    "False": [
      92.58333333333333,
      61.666666666666664,
      23.333333333333332,
      10.75,
      9.75
    ],
    "Delay": [
      169.36,
      208.95,
      218.47368421052633,
      220.36666666666667,
      204.2
    ]
  }
}