{
  "5": {
    "Precision": [
      0.8925619834710744,
      0.8990825688073395,
      0.8842105263157894,
      0.8867924528301887,
      0.7391304347826086
    ],
    "Recall": [
      1.0,
      1.0,
      1.0,
      1.0,
      1.0
    ],
    "False": [
      20.8,
      18.4,
      18.2,
      14.2,
      13.4
    ],
    "Delay": [
      65.83333333333333,
      65.83333333333333,
      71.66666666666667,
      70.85714285714286,
      74.96428571428571
    ]
  },
  "15": {
    "Precision": [
      0.8925619834710744,
      0.8990825688073395,
      0.8842105263157894,
      0.8867924528301887,
      0.7391304347826086
    ],
    "Recall": [
      1.0,
      1.0,
      1.0,
      1.0,
      1.0
    ],
    "False": [
      20.8,
      18.4,
      18.2,
      14.2,
      13.4
    ],
    "Delay": [
      65.83333333333333,
      65.83333333333333,
      71.66666666666667,
      70.85714285714286,
      74.96428571428571
    ]
  },
  "30": {
    "Precision": [
      0.8925619834710744,
      0.8990825688073395,
      0.8842105263157894,
      0.8867924528301887,
      0.7391304347826086
    ],
    "Recall": [
      1.0,
      1.0,
      1.0,
      1.0,
      1.0
    ],
    "False": [
      20.8,
      18.4,
      18.2,
      14.2,
      13.4
    ],
    "Delay": [
      65.83333333333333,
      65.83333333333333,
      71.66666666666667,
      70.85714285714286,
      74.96428571428571
    ]
  },
  "40": {
    "Precision": [
      0.8925619834710744,
      0.8990825688073395,
      0.8842105263157894,
      0.8867924528301887,
      0.7391304347826086
    ],
    "Recall": [
      1.0,
      1.0,
      1.0,
      1.0,
      1.0
    ],
    "False": [
      20.8,
      18.4,
      18.2,
      14.2,
      13.4
    ],
    "Delay": [
      65.83333333333333,
      65.83333333333333,
      71.66666666666667,
      70.85714285714286,
      74.96428571428571
    ]
  },
  "55": {
    "Precision": [
      0.8925619834710744,
      0.8990825688073395,
      0.8842105263157894,
      0.8867924528301887,
      0.7391304347826086
    ],
    "Recall": [
      1.0,
      1.0,
      1.0,
      1.0,
      1.0
    ],
    "False": [
      20.8,
      18.4,
      18.2,
      14.2,
      13.4
    ],
    "Delay": [
      65.83333333333333,
      65.83333333333333,
      71.66666666666667,
      70.85714285714286,
      74.96428571428571
    ]
  }
}