{
  "5": {
    "Precision": [
      0.9333333333333333,
      0.9310344827586207,
      0.9545454545454546,
      0.9090909090909091,
      0.5
    ],
    "Recall": [
      1.0,
      1.0,
      1.0,
      1.0,
      1.0
    ],
    "False": [
      5.25,
      5.25,
      3.0,
      3.0,
      2.25
    ],
    "Delay": [
      88.16666666666667,
      88.16666666666667,
      76.0,
      76.0,
      76.0
    ]
  },
  "15": {
    "Precision": [
      0.9333333333333333,
      0.9310344827586207,
      0.9545454545454546,
      0.9090909090909091,
      0.5
    ],
    "Recall": [
      1.0,
      1.0,
      1.0,
      1.0,
      1.0
    ],
    "False": [
      5.25,
      5.25,
      3.0,
      3.0,
      2.25
    ],
    "Delay": [
      88.16666666666667,
      88.16666666666667,
      76.0,
      76.0,
      76.0
    ]
  },
  "30": {
    "Precision": [
      0.9333333333333333,
      0.9310344827586207,
      0.9545454545454546,
      0.9090909090909091,
      0.5
    ],
    "Recall": [
      1.0,
      1.0,
      1.0,
      1.0,
      1.0
    ],
    "False": [
      5.25,
      5.25,
      3.0,
      3.0,
      2.25
    ],
    "Delay": [
      88.16666666666667,
      88.16666666666667,
      76.0,
      76.0,
      76.0
    ]
  },
  "40": {
    "Precision": [
      0.9333333333333333,
      0.9310344827586207,
      0.9545454545454546,
      0.9090909090909091,
      0.5
    ],
    "Recall": [
      1.0,
      1.0,
      1.0,
      1.0,
      1.0
    ],
    "False": [
      5.25,
      5.25,
      3.0,
      3.0,
      2.25
    ],
    "Delay": [
      88.16666666666667,
      88.16666666666667,
      76.0,
      76.0,
      76.0
    ]
  },
  "55": {
    "Precision": [
      0.9333333333333333,
      0.9310344827586207,
      0.9545454545454546,
      0.9090909090909091,
      0.5
    ],
    "Recall": [
      1.0,
      1.0,
      1.0,
      1.0,
      1.0
    ],
    "False": [
      5.25,
      5.25,
      3.0,
      3.0,
      2.25
    ],
    "Delay": [
      88.16666666666667,
      88.16666666666667,
      76.0,
      76.0,
      76.0
    ]
  }
}