{
  "5": {
    "Precision": [
      0.3939393939393939,
      0.39805825242718446,
      0.4175824175824176,
      0.55,
      0.5185185185185185
    ],
    "Recall": [
      1.0,
      1.0,
      1.0,
      1.0,
      1.0
    ],
    "False": [
      86.16666666666667,
      67.41666666666667,
      57.833333333333336,
      19.333333333333332,
      14.5
    ],
    "Delay": [
      204.9268292682927,
      208.95,
      218.47368421052633,
      228.86111111111111,
      225.36363636363637
    ]
  },
  "15": {
    "Precision": [
      0.3939393939393939,
      0.39805825242718446,
      0.4175824175824176,
      0.55,
      0.5185185185185185
    ],
    "Recall": [
      1.0,
      1.0,
      1.0,
      1.0,
      1.0
    ],
    "False": [
      86.16666666666667,
      67.41666666666667,
      57.833333333333336,
      19.333333333333332,
      14.5
    ],
    "Delay": [
      204.9268292682927,
      208.95,
      218.47368421052633,
      228.86111111111111,
      225.36363636363637
    ]
  },
  "30": {
    "Precision": [
      0.3939393939393939,
      0.39805825242718446,
      0.4175824175824176,
      0.55,
      0.5185185185185185
    ],
    "Recall": [
      1.0,
      1.0,
      1.0,
      1.0,
      1.0
    ],
    "False": [
      86.16666666666667,
      67.41666666666667,
      57.833333333333336,
      19.333333333333332,
      14.5
    ],
    "Delay": [
      204.9268292682927,
      208.95,
      218.47368421052633,
      228.86111111111111,
      225.36363636363637
    ]
  },
  "40": {
    "Precision": [
      0.3939393939393939,
      0.39805825242718446,
      0.4175824175824176,
      0.55,
      0.5185185185185185
    ],
    "Recall": [
      1.0,
      1.0,
      1.0,
      1.0,
      1.0
    ],
    "False": [
      86.16666666666667,
      67.41666666666667,
      57.833333333333336,
      19.333333333333332,
      14.5
    ],
    "Delay": [
      204.9268292682927,
      208.95,
      218.47368421052633,
      228.86111111111111,
      225.36363636363637
    ]
  },
  "55": {
    "Precision": [
      0.3939393939393939,
      0.39805825242718446,
      0.4175824175824176,
      0.55,
      0.5185185185185185
    ],
    "Recall": [
      1.0,
      1.0,
      1.0,
      1.0,
      1.0
    ],
    "False": [
      86.16666666666667,
      67.41666666666667,
      57.833333333333336,
      19.333333333333332,
      14.5
    ],
    "Delay": [
      204.9268292682927,
      208.95,
      218.47368421052633,
      228.86111111111111,
      225.36363636363637
    ]
  }
}