{
  "5": {
    "Precision": [
      0.49333333333333335,
      0.5,
      0.5036496350364964,
      0.6373626373626373,
      0.7066666666666667
    ],
    "Recall": [
      1.0,
      1.0,
      1.0,
      1.0,
      1.0
    ],
    "False": [
      94.08333333333333,
      86.41666666666667,
      71.41666666666667,
      34.25,
      23.833333333333332
    ],
    "Delay": [
      69.14285714285714,
      69.14285714285714,
      65.82352941176471,
      68.0,
      68.0
    ]
  },
  "15": {
    "Precision": [
      0.49333333333333335,
      0.5,
      0.5036496350364964,
      0.6373626373626373,
      0.7066666666666667
    ],
    "Recall": [
      1.0,
      1.0,
      1.0,
      1.0,
      1.0
    ],
    "False": [
      94.08333333333333,
      86.41666666666667,
      71.41666666666667,
      34.25,
      23.833333333333332
    ],
    "Delay": [
      69.14285714285714,
      69.14285714285714,
      65.82352941176471,
      68.0,
      68.0
    ]
  },
  "30": {
    "Precision": [
      0.49333333333333335,
      0.5,
      0.5036496350364964,
      0.6373626373626373,
      0.7066666666666667
    ],
    "Recall": [
      1.0,
      1.0,
      1.0,
      1.0,
      1.0
    ],
    "False": [
      94.08333333333333,
      86.41666666666667,
      71.41666666666667,
      34.25,
      23.833333333333332
    ],
    "Delay": [
      69.14285714285714,
      69.14285714285714,
      65.82352941176471,
      68.0,
      68.0
    ]
  },
  "40": {
    "Precision": [
      0.49333333333333335,
      0.5,
      0.5036496350364964,
      0.6373626373626373,
      0.7066666666666667
    ],
    "Recall": [
      1.0,
      1.0,
      1.0,
      1.0,
      1.0
    ],
    "False": [
      94.08333333333333,
      86.41666666666667,
      71.41666666666667,
      34.25,
      23.833333333333332
    ],
    "Delay": [
      69.14285714285714,
      69.14285714285714,
      65.82352941176471,
      68.0,
      68.0
    ]
  },
  "55": {
    "Precision": [
      0.49333333333333335,
      0.5,
      0.5036496350364964,
      0.6373626373626373,
      0.7066666666666667
    ],
    "Recall": [
      1.0,
      1.0,
      1.0,
      1.0,
      1.0
    ],
    "False": [
      94.08333333333333,
      86.41666666666667,
      71.41666666666667,
      34.25,
      23.833333333333332
    ],
    "Delay": [
      69.14285714285714,
      69.14285714285714,
      65.82352941176471,
      68.0,
      68.0
    ]
  }
}