{
  "5": {
    "Precision": [
      0.8925619834710744,
      0.8990825688073395,
      0.9130434782608695,
      0.8867924528301887,
      0.7391304347826086
    ],
    "Recall": [
      1.0,
      1.0,
      1.0,
      1.0,
      1.0
    ],
    "False": [
      20.8,
      18.4,
      16.4,
      14.2,
      13.4
    ],
    "Delay": [
      65.83333333333333,
      65.83333333333333,
      70.85714285714286,
      73.35714285714286,
      107.25
    ]
  },
  "15": {
    "Precision": [
      0.8925619834710744,
      0.8990825688073395,
      0.9130434782608695,
      0.8867924528301887,
      0.7391304347826086
    ],
    "Recall": [
      1.0,
      1.0,
      1.0,
      1.0,
      1.0
    ],
    "False": [
      20.8,
      18.4,
      16.4,
      14.2,
      13.4
    ],
    "Delay": [
      65.83333333333333,
      65.83333333333333,
      70.85714285714286,
      73.35714285714286,
      107.25
    ]
  },
  "30": {
    "Precision": [
      0.8925619834710744,
      0.8990825688073395,
      0.9130434782608695,
      0.8867924528301887,
      0.7391304347826086
    ],
    "Recall": [
      1.0,
      1.0,
      1.0,
      1.0,
      1.0
    ],
    "False": [
      20.8,
      18.4,
      16.4,
      14.2,
      13.4
    ],
    "Delay": [
      65.83333333333333,
      65.83333333333333,
      70.85714285714286,
      73.35714285714286,
      107.25
    ]
  },
  "40": {
    "Precision": [
      0.8925619834710744,
      0.8990825688073395,
      0.9130434782608695,
      0.8867924528301887,
      0.7391304347826086
    ],
    "Recall": [
      1.0,
      1.0,
      1.0,
      1.0,
      1.0
    ],
    "False": [
      20.8,
      18.4,
      16.4,
      14.2,
      13.4
    ],
    "Delay": [
      65.83333333333333,
      65.83333333333333,
      70.85714285714286,
      73.35714285714286,
      107.25
    ]
  },
  "55": {
    "Precision": [
      0.8925619834710744,
      0.8990825688073395,
      0.9130434782608695,
      0.8867924528301887,
      0.7391304347826086
    ],
    "Recall": [
      1.0,
      1.0,
      1.0,
      1.0,
      1.0
    ],
    "False": [
      20.8,
      18.4,
      16.4,
      14.2,
      13.4
    ],
    "Delay": [
      65.83333333333333,
      65.83333333333333,
      70.85714285714286,
      73.35714285714286,
      107.25
    ]
  }
}