{
  "5": {
    "Precision": [
      0.9655172413793104,
      0.9642857142857143,
      0.9545454545454546,
      0.9090909090909091,
      0.5
    ],
    "Recall": [
      1.0,
      1.0,
      1.0,
      1.0,
      1.0
    ],
    "False": [
      3.0,
      3.0,
      3.0,
      3.0,
      2.25
    ],
    "Delay": [
      76.0,
      76.0,
      76.0,
      76.0,
      76.0
    ]
  },
  "15": {
    "Precision": [
      0.9655172413793104,
      0.9642857142857143,
      0.9545454545454546,
      0.9090909090909091,
      0.5
    ],
    "Recall": [
      1.0,
      1.0,
      1.0,
      1.0,
      1.0
    ],
    "False": [
      3.0,
      3.0,
      3.0,
      3.0,
      2.25
    ],
    "Delay": [
      76.0,
      76.0,
      76.0,
      76.0,
      76.0
    ]
  },
  "30": {
    "Precision": [
      0.9655172413793104,
      0.9642857142857143,
      0.9545454545454546,
      0.9090909090909091,
      0.5
    ],
    "Recall": [
      1.0,
      1.0,
      1.0,
      1.0,
      1.0
    ],
    "False": [
      3.0,
      3.0,
      3.0,
      3.0,
      2.25
    ],
    "Delay": [
      76.0,
      76.0,
      76.0,
      76.0,
      76.0
    ]
  },
  "40": {
    "Precision": [
      0.9655172413793104,
      0.9642857142857143,
      0.9545454545454546,
      0.9090909090909091,
      0.5
    ],
    "Recall": [
      1.0,
      1.0,
      1.0,
      1.0,
      1.0
    ],
    "False": [
      3.0,
      3.0,
      3.0,
      3.0,
      2.25
    ],
    "Delay": [
      76.0,
      76.0,
      76.0,
      76.0,
      76.0
    ]
  },
  "55": {
    "Precision": [
      0.9655172413793104,
      0.9642857142857143,
      0.9545454545454546,
      0.9090909090909091,
      0.5
    ],
    "Recall": [
      1.0,
      1.0,
      1.0,
      1.0,
      1.0
    ],
    "False": [
      3.0,
      3.0,
      3.0,
      3.0,
      2.25
    ],
    "Delay": [
      76.0,
      76.0,
      76.0,
      76.0,
      76.0
    ]
  }
}