{
  "5": {
    "Precision": [
      1,
      1,
      1,
      1,
      1
    ],
    "Recall": [
      1.0,
      1.0,
      1.0,
      1.0,
      1.0
    ],
    "False": [
      0.0,
      0.0,
      0.0,
      0.0,
      0.0
    ],
    "Delay": [
      109.62068965517241,
      112.6923076923077,
      112.6923076923077,
      115.16,
      107.68181818181819
    ]
  },
  "15": {
    "Precision": [
      1,
      1,
      1,
      1,
      1
    ],
    "Recall": [
      1.0,
      1.0,
      1.0,
      1.0,
      1.0
    ],
    "False": [
      0.0,
      0.0,
      0.0,
      0.0,
      0.0
    ],
    "Delay": [
      109.62068965517241,
      112.6923076923077,
      112.6923076923077,
      115.16,
      107.68181818181819
    ]
  },
  "30": {
    "Precision": [
      1,
      1,
      1,
      1,
      1
    ],
    "Recall": [
      1.0,
      1.0,
      1.0,
      1.0,
      1.0
    ],
    "False": [
      0.0,
      0.0,
      0.0,
      0.0,
      0.0
    ],
    "Delay": [
      109.62068965517241,
      112.6923076923077,
      112.6923076923077,
      115.16,
      107.68181818181819
    ]
  },
  "40": {
    "Precision": [
      1,
      1,
      1,
      1,
      1
    ],
    "Recall": [
      1.0,
      1.0,
      1.0,
      1.0,
      1.0
    ],
    "False": [
      0.0,
      0.0,
      0.0,
      0.0,
      0.0
    ],
    "Delay": [
      109.62068965517241,
      112.6923076923077,
      112.6923076923077,
      115.16,
      107.68181818181819
    ]
  },
  "55": {
    "Precision": [
      1,
      1,
      1,
      1,
      1
    ],
    "Recall": [
      1.0,
      1.0,
      1.0,
      1.0,
      1.0
    ],
    "False": [
      0.0,
      0.0,
      0.0,
      0.0,
      0.0
    ],
    "Delay": [
      109.62068965517241,
      112.6923076923077,
      112.6923076923077,
      115.16,
      107.68181818181819
    ]
  }
}