{
  "5": {
    "Precision": [
      0.4378698224852071,
      0.4605263157894737,
      0.4791666666666667,
      0.6823529411764706,
      0.6973684210526315
    ],
    "Recall": [
      1.0,
      1.0,
      1.0,
      1.0,
      1.0
    ],
    "False": [
      101.16666666666667,
      86.08333333333333,
      79.08333333333333,
      28.833333333333332,
      24.833333333333332
    ],
    "Delay": [
      69.14285714285714,
      65.82352941176471,
      65.82352941176471,
      68.0,
      68.31914893617021
    ]
  },
  "15": {
    "Precision": [
      0.4378698224852071,
      0.4605263157894737,
      0.4791666666666667,
      0.6823529411764706,
      0.6973684210526315
    ],
    "Recall": [
      1.0,
      1.0,
      1.0,
      1.0,
      1.0
    ],
    "False": [
      101.16666666666667,
      86.08333333333333,
      79.08333333333333,
      28.833333333333332,
      24.833333333333332
    ],
    "Delay": [
      69.14285714285714,
      65.82352941176471,
      65.82352941176471,
      68.0,
      68.31914893617021
    ]
  },
  "30": {
    "Precision": [
      0.4378698224852071,
      0.4605263157894737,
      0.4791666666666667,
      0.6823529411764706,
      0.6973684210526315
    ],
    "Recall": [
      1.0,
      1.0,
      1.0,
      1.0,
      1.0
    ],
    "False": [
      101.16666666666667,
      86.08333333333333,
      79.08333333333333,
      28.833333333333332,
      24.833333333333332
    ],
    "Delay": [
      69.14285714285714,
      65.82352941176471,
      65.82352941176471,
      68.0,
      68.31914893617021
    ]
  },
  "40": {
    "Precision": [
      0.4378698224852071,
      0.4605263157894737,
      0.4791666666666667,
      0.6823529411764706,
      0.6973684210526315
    ],
    "Recall": [
      1.0,
      1.0,
      1.0,
      1.0,
      1.0
    ],
    "False": [
      101.16666666666667,
      86.08333333333333,
      79.08333333333333,
      28.833333333333332,
      24.833333333333332
    ],
    "Delay": [
      69.14285714285714,
      65.82352941176471,
      65.82352941176471,
      68.0,
      68.31914893617021
    ]
  },
  "55": {
    "Precision": [
      0.4378698224852071,
      0.4605263157894737,
      0.4791666666666667,
      0.6823529411764706,
      0.6973684210526315
    ],
    "Recall": [
      1.0,
      1.0,
      1.0,
      1.0,
      1.0
    ],
    "False": [
      101.16666666666667,
      86.08333333333333,
      79.08333333333333,
      28.833333333333332,
      24.833333333333332
    ],
    "Delay": [
      69.14285714285714,
      65.82352941176471,
      65.82352941176471,
      68.0,
      68.31914893617021
    ]
  }
}