{
  "5": {
    "Precision": [
      0.46835443037974683,
      0.47297297297297297,
      0.5111111111111111,
      0.6987951807228916,
      0.7162162162162162
    ],
    "Recall": [
      1.0,
      1.0,
      1.0,
      1.0,
      1.0
    ],
    "False": [
      94.75,
      85.25,
      70.08333333333333,
      26.833333333333332,
      22.833333333333332
    ],
    "Delay": [
      67.71428571428571,
      69.14285714285714,
      67.17241379310344,
      68.0,
      68.0
    ]
  },
  "15": {
    "Precision": [
      0.46835443037974683,
      0.47297297297297297,
      0.5111111111111111,
      0.6987951807228916,
      0.7162162162162162
    ],
    "Recall": [
      1.0,
      1.0,
      1.0,
      1.0,
      1.0
    ],
    "False": [
      94.75,
      85.25,
      70.08333333333333,
      26.833333333333332,
      22.833333333333332
    ],
    "Delay": [
      67.71428571428571,
      69.14285714285714,
      67.17241379310344,
      68.0,
      68.0
    ]
  },
  "30": {
    "Precision": [
      0.46835443037974683,
      0.47297297297297297,
      0.5111111111111111,
      0.6987951807228916,
      0.7162162162162162
    ],
    "Recall": [
      1.0,
      1.0,
      1.0,
      1.0,
      1.0
    ],
    "False": [
      94.75,
      85.25,
      70.08333333333333,
      26.833333333333332,
      22.833333333333332
    ],
    "Delay": [
      67.71428571428571,
      69.14285714285714,
      67.17241379310344,
      68.0,
      68.0
    ]
  },
  "40": {
    "Precision": [
      0.46835443037974683,
      0.47297297297297297,
      0.5111111111111111,
      0.6987951807228916,
      0.7162162162162162
    ],
    "Recall": [
      1.0,
      1.0,
      1.0,
      1.0,
      1.0
    ],
    "False": [
      94.75,
      85.25,
      70.08333333333333,
      26.833333333333332,
      22.833333333333332
    ],
    "Delay": [
      67.71428571428571,
      69.14285714285714,
      67.17241379310344,
      68.0,
      68.0
    ]
  },
  "55": {
    "Precision": [
      0.46835443037974683,
      0.47297297297297297,
      0.5111111111111111,
      0.6987951807228916,
      0.7162162162162162
    ],
    "Recall": [
      1.0,
      1.0,
      1.0,
      1.0,
      1.0
    ],
    "False": [
      94.75,
      85.25,
      70.08333333333333,
      26.833333333333332,
      22.833333333333332
    ],
    "Delay": [
      67.71428571428571,
      69.14285714285714,
      67.17241379310344,
      68.0,
      68.0
    ]
  }
}