{
  "5": {
    "Precision": [
      0.3939393939393939,
      0.39805825242718446,
      0.4175824175824176,
      0.6111111111111112,
      0.6363636363636364
    ],
    "Recall": [
      1.0,
      1.0,
      1.0,
      1.0,
      1.0
    ],
    "False": [
      86.16666666666667,
      67.41666666666667,
      57.833333333333336,
      15.5,
      9.75
    ],
    "Delay": [
      204.9268292682927,
      208.95,
      218.47368421052633,
      225.36363636363637,
      220.53333333333333
    ]
  },
  "15": {
    "Precision": [
      0.3939393939393939,
      0.39805825242718446,
      0.4175824175824176,
      0.6111111111111112,
      0.6363636363636364
    ],
    "Recall": [
      1.0,
      1.0,
      1.0,
      1.0,
      1.0
    ],
    "False": [
      86.16666666666667,
      67.41666666666667,
      57.833333333333336,
      15.5,
      9.75
    ],
    "Delay": [
      204.9268292682927,
      208.95,
      218.47368421052633,
      225.36363636363637,
      220.53333333333333
    ]
  },
  "30": {
    "Precision": [
      0.3939393939393939,
      0.39805825242718446,
      0.4175824175824176,
      0.6111111111111112,
      0.6363636363636364
    ],
    "Recall": [
      1.0,
      1.0,
      1.0,
      1.0,
      1.0
    ],
    "False": [
      86.16666666666667,
      67.41666666666667,
      57.833333333333336,
      15.5,
      9.75
    ],
    "Delay": [
      204.9268292682927,
      208.95,
      218.47368421052633,
      225.36363636363637,
      220.53333333333333
    ]
  },
  "40": {
    "Precision": [
      0.3939393939393939,
      0.39805825242718446,
      0.4175824175824176,
      0.6111111111111112,
      0.6363636363636364
    ],
    "Recall": [
      1.0,
      1.0,
      1.0,
      1.0,
      1.0
    ],
    "False": [
      86.16666666666667,
      67.41666666666667,
      57.833333333333336,
      15.5,
      9.75
    ],
    "Delay": [
      204.9268292682927,
      208.95,
      218.47368421052633,
      225.36363636363637,
      220.53333333333333
    ]
  },
  "55": {
    "Precision": [
      0.3939393939393939,
      0.39805825242718446,
      0.4175824175824176,
      0.6111111111111112,
      0.6363636363636364
    ],
    "Recall": [
      1.0,
      1.0,
      1.0,
      1.0,
      1.0
    ],
    "False": [
      86.16666666666667,
      67.41666666666667,
      57.833333333333336,
      15.5,
      9.75
    ],
    "Delay": [
      204.9268292682927,
      208.95,
      218.47368421052633,
      225.36363636363637,
      220.53333333333333
    ]
  }
}