{
  "5": {
    "Precision": [
      0.9180327868852459,
      0.9473684210526315,
      0.9333333333333333,
      0.8695652173913043,
      1
    ],
    "Recall": [
      1.0,
      1.0,
      1.0,
      1.0,
      1.0
    ],
    "False": [
      14.75,
      12.5,
      12.5,
      12.0,
      9.75
    ],
    "Delay": [
      141.5,
      72.5,
      72.5,
      72.5,
      32.5
    ]
  },
  "15": {
    "Precision": [
      0.9180327868852459,
      0.9473684210526315,
      0.9333333333333333,
      0.8695652173913043,
      1
    ],
    "Recall": [
      1.0,
      1.0,
      1.0,
      1.0,
      1.0
    ],
    "False": [
      14.75,
      12.5,
      12.5,
      12.0,
      9.75
    ],
    "Delay": [
      141.5,
      72.5,
      72.5,
      72.5,
      32.5
    ]
  },
  "30": {
    "Precision": [
      0.9180327868852459,
      0.9473684210526315,
      0.9333333333333333,
      0.8695652173913043,
      1
    ],
    "Recall": [
      1.0,
      1.0,
      1.0,
      1.0,
      1.0
    ],
    "False": [
      14.75,
      12.5,
      12.5,
      12.0,
      9.75
    ],
    "Delay": [
      141.5,
      72.5,
      72.5,
      72.5,
      32.5
    ]
  },
  "40": {
    "Precision": [
      0.9180327868852459,
      0.9473684210526315,
      0.9333333333333333,
      0.8695652173913043,
      1
    ],
    "Recall": [
      1.0,
      1.0,
      1.0,
      1.0,
      1.0
    ],
    "False": [
      14.75,
      12.5,
      12.5,
      12.0,
      9.75
    ],
    "Delay": [
      141.5,
      72.5,
      72.5,
      72.5,
      32.5
    ]
  },
  "55": {
    "Precision": [
      0.9180327868852459,
      0.9473684210526315,
      0.9333333333333333,
      0.8695652173913043,
      1
    ],
    "Recall": [
      1.0,
      1.0,
      1.0,
      1.0,
      1.0
    ],
    "False": [
      14.75,
      12.5,
      12.5,
      12.0,
      9.75
    ],
    "Delay": [
      141.5,
      72.5,
      72.5,
      72.5,
      32.5
    ]
  }
}