{
  "5": {
    "Precision": [
      0.6861924686192469,
      0.7184466019417476,
      0.7028571428571428,
      0.7205882352941176,
      0.7272727272727273
    ],
    "Recall": [
      1,
      1,
      1,
      1,
      1
    ],
    "False": [
      78.83333333333333,
      62.333333333333336,
      54.083333333333336,
      40.333333333333336,
      32.083333333333336
    ],
    "Delay": [
      40.06993006993007,
      40.90909090909091,
      42.46478873239437,
      45.22857142857143,
      48.856115107913666
    ]
  },
  "15": {
    "Precision": [
      0.6861924686192469,
      0.7184466019417476,
      0.7028571428571428,
      0.7205882352941176,
      0.7272727272727273
    ],
    "Recall": [
      1,
      1,
      1,
      1,
      1
    ],
    "False": [
      78.83333333333333,
      62.333333333333336,
      54.083333333333336,
      40.333333333333336,
      32.083333333333336
    ],
    "Delay": [
      40.06993006993007,
      40.90909090909091,
      42.46478873239437,
      45.22857142857143,
      48.856115107913666
    ]
  },
  "30": {
    "Precision": [
      0.6861924686192469,
      0.7184466019417476,
      0.7028571428571428,
      0.7205882352941176,
      0.7272727272727273
    ],
    "Recall": [
      1,
      1,
      1,
      1,
      1
    ],
    "False": [
      78.83333333333333,
      62.333333333333336,
      54.083333333333336,
      40.333333333333336,
      32.083333333333336
    ],
    "Delay": [
      40.06993006993007,
      40.90909090909091,
      42.46478873239437,
      45.22857142857143,
      48.856115107913666
    ]
  },
  "40": {
    "Precision": [
      0.6861924686192469,
      0.7184466019417476,
      0.7028571428571428,
      0.7205882352941176,
      0.7272727272727273
    ],
    "Recall": [
      1,
      1,
      1,
      1,
      1
    ],
    "False": [
      78.83333333333333,
      62.333333333333336,
      54.083333333333336,
      40.333333333333336,
      32.083333333333336
    ],
    "Delay": [
      40.06993006993007,
      40.90909090909091,
      42.46478873239437,
      45.22857142857143,
      48.856115107913666
    ]
  },
  "55": {
    "Precision": [
      0.6861924686192469,
      0.7184466019417476,
      0.7028571428571428,
      0.7205882352941176,
      0.7272727272727273
    ],
    "Recall": [
      1,
      1,
      1,
      1,
      1
    ],
    "False": [
      78.83333333333333,
      62.333333333333336,
      54.083333333333336,
      40.333333333333336,
      32.083333333333336
    ],
    "Delay": [
      40.06993006993007,
      40.90909090909091,
      42.46478873239437,
      45.22857142857143,
      48.856115107913666
    ]
  }
}