{
  "5": {
    "Precision": [
      0.9090909090909091,
      0.9090909090909091,
      0.9,
      0.8888888888888888,
      0.875
    ],
    "Recall": [
      1,
      1,
      1,
      1,
      1
    ],
    "False": [
      3.2,
      3.2,
      2.6,
      2.6,
      2.6
    ],
    "Delay": [
      46.255319148936174,
      44.333333333333336,
      50.22222222222222,
      54.03030303030303,
      52.93333333333333
    ]
  },
  "15": {
    "Precision": [
      0.9090909090909091,
      0.9090909090909091,
      0.9,
      0.8888888888888888,
      0.875
    ],
    "Recall": [
      1,
      1,
      1,
      1,
      1
    ],
    "False": [
      3.2,
      3.2,
      2.6,
      2.6,
      2.6
    ],
    "Delay": [
      46.255319148936174,
      44.333333333333336,
      50.22222222222222,
      54.03030303030303,
      52.93333333333333
    ]
  },
  "30": {
    "Precision": [
      0.9090909090909091,
      0.9090909090909091,
      0.9,
      0.8888888888888888,
      0.875
    ],
    "Recall": [
      1,
      1,
      1,
      1,
      1
    ],
    "False": [
      3.2,
      3.2,
      2.6,
      2.6,
      2.6
    ],
    "Delay": [
      46.255319148936174,
      44.333333333333336,
      50.22222222222222,
      54.03030303030303,
      52.93333333333333
    ]
  },
  "40": {
    "Precision": [
      0.9090909090909091,
      0.9090909090909091,
      0.9,
      0.8888888888888888,
      0.875
    ],
    "Recall": [
      1,
      1,
      1,
      1,
      1
    ],
    "False": [
      3.2,
      3.2,
      2.6,
      2.6,
      2.6
    ],
    "Delay": [
      46.255319148936174,
      44.333333333333336,
      50.22222222222222,
      54.03030303030303,
      52.93333333333333
    ]
  },
  "55": {
    "Precision": [
      0.9090909090909091,
      0.9090909090909091,
      0.9,
      0.8888888888888888,
      0.875
    ],
    "Recall": [
      1,
      1,
      1,
      1,
      1
    ],
    "False": [
      3.2,
      3.2,
      2.6,
      2.6,
      2.6
    ],
    "Delay": [
      46.255319148936174,
      44.333333333333336,
      50.22222222222222,
      54.03030303030303,
      52.93333333333333
    ]
  }
}