{
  "5": {
    "Precision": [
      0.7751937984496124,
      0.7614678899082569,
      0.7446808510638298,
      0.7446808510638298,
      0.7411764705882353
    ],
    "Recall": [
      1,
      1,
      1,
      1,
      1
    ],
    "False": [
      31.571428571428573,
      26.142857142857142,
      24.285714285714285,
      24.285714285714285,
      22.428571428571427
    ],
    "Delay": [
      35.166666666666664,
      38.26190476190476,
      42.07142857142857,
      44.214285714285715,
      49.154761904761905
    ]
  },
  "15": {
    "Precision": [
      0.7751937984496124,
      0.7614678899082569,
      0.7446808510638298,
      0.7446808510638298,
      0.7411764705882353
    ],
    "Recall": [
      1,
      1,
      1,
      1,
      1
    ],
    "False": [
      31.571428571428573,
      26.142857142857142,
      24.285714285714285,
      24.285714285714285,
      22.428571428571427
    ],
    "Delay": [
      35.166666666666664,
      38.26190476190476,
      42.07142857142857,
      44.214285714285715,
      49.154761904761905
    ]
  },
  "30": {
    "Precision": [
      0.7751937984496124,
      0.7614678899082569,
      0.7446808510638298,
      0.7446808510638298,
      0.7411764705882353
    ],
    "Recall": [
      1,
      1,
      1,
      1,
      1
    ],
    "False": [
      31.571428571428573,
      26.142857142857142,
      24.285714285714285,
      24.285714285714285,
      22.428571428571427
    ],
    "Delay": [
      35.166666666666664,
      38.26190476190476,
      42.07142857142857,
      44.214285714285715,
      49.154761904761905
    ]
  },
  "40": {
    "Precision": [
      0.7751937984496124,
      0.7614678899082569,
      0.7446808510638298,
      0.7446808510638298,
      0.7411764705882353
    ],
    "Recall": [
      1,
      1,
      1,
      1,
      1
    ],
    "False": [
      31.571428571428573,
      26.142857142857142,
      24.285714285714285,
      24.285714285714285,
      22.428571428571427
    ],
    "Delay": [
      35.166666666666664,
      38.26190476190476,
      42.07142857142857,
      44.214285714285715,
      49.154761904761905
    ]
  },
  "55": {
    "Precision": [
      0.7751937984496124,
      0.7614678899082569,
      0.7446808510638298,
      0.7446808510638298,
      0.7411764705882353
    ],
    "Recall": [
      1,
      1,
      1,
      1,
      1
    ],
    "False": [
      31.571428571428573,
      26.142857142857142,
      24.285714285714285,
      24.285714285714285,
      22.428571428571427
    ],
    "Delay": [
      35.166666666666664,
      38.26190476190476,
      42.07142857142857,
      44.214285714285715,
      49.154761904761905
    ]
  }
}