{
  "5": {
    "Precision": [
      0.7175925925925926,
      0.7333333333333333,
      0.7300613496932515,
      0.7293233082706767,
      0.7647058823529411
    ],
    "Recall": [
      1,
      1,
      1,
      1,
      1
    ],
    "False": [
      65.08333333333333,
      51.333333333333336,
      46.75,
      38.5,
      25.666666666666668
    ],
    "Delay": [
      41.11805555555556,
      42.854166666666664,
      44.3125,
      49.65972222222222,
      49.902255639097746
    ]
  },
  "15": {
    "Precision": [
      0.7175925925925926,
      0.7333333333333333,
      0.7300613496932515,
      0.7293233082706767,
      0.7647058823529411
    ],
    "Recall": [
      1,
      1,
      1,
      1,
      1
    ],
    "False": [
      65.08333333333333,
      51.333333333333336,
      46.75,
      38.5,
      25.666666666666668
    ],
    "Delay": [
      41.11805555555556,
      42.854166666666664,
      44.3125,
      49.65972222222222,
      49.902255639097746
    ]
  },
  "30": {
    "Precision": [
      0.7175925925925926,
      0.7333333333333333,
      0.7300613496932515,
      0.7293233082706767,
      0.7647058823529411
    ],
    "Recall": [
      1,
      1,
      1,
      1,
      1
    ],
    "False": [
      65.08333333333333,
      51.333333333333336,
      46.75,
      38.5,
      25.666666666666668
    ],
    "Delay": [
      41.11805555555556,
      42.854166666666664,
      44.3125,
      49.65972222222222,
      49.902255639097746
    ]
  },
  "40": {
    "Precision": [
      0.7175925925925926,
      0.7333333333333333,
      0.7300613496932515,
      0.7293233082706767,
      0.7647058823529411
    ],
    "Recall": [
      1,
      1,
      1,
      1,
      1
    ],
    "False": [
      65.08333333333333,
      51.333333333333336,
      46.75,
      38.5,
      25.666666666666668
    ],
    "Delay": [
      41.11805555555556,
      42.854166666666664,
      44.3125,
      49.65972222222222,
      49.902255639097746
    ]
  },
  "55": {
    "Precision": [
      0.7175925925925926,
      0.7333333333333333,
      0.7300613496932515,
      0.7293233082706767,
      0.7647058823529411
    ],
    "Recall": [
      1,
      1,
      1,
      1,
      1
    ],
    "False": [
      65.08333333333333,
      51.333333333333336,
      46.75,
      38.5,
      25.666666666666668
    ],
    "Delay": [
      41.11805555555556,
      42.854166666666664,
      44.3125,
      49.65972222222222,
      49.902255639097746
    ]
  }
}