{
  "5": {
    "Precision": [
      0.6492537313432836,
      0.6416666666666667,
      0.6339285714285714,
      0.6396396396396397,
      0.6631578947368421
    ],
    "Recall": [
      1,
      1,
      1,
      1,
      1
    ],
    "False": [
      53.25,
      49.5,
      46.5,
      45.0,
      36.0
    ],
    "Delay": [
      48.208333333333336,
      56.75,
      66.54166666666667,
      76.02083333333333,
      83.26086956521739
    ]
  },
  "15": {
    "Precision": [
      0.6492537313432836,
      0.6416666666666667,
      0.6339285714285714,
      0.6396396396396397,
      0.6631578947368421
    ],
    "Recall": [
      1,
      1,
      1,
      1,
      1
    ],
    "False": [
      53.25,
      49.5,
      46.5,
      45.0,
      36.0
    ],
    "Delay": [
      48.208333333333336,
      56.75,
      66.54166666666667,
      76.02083333333333,
      83.26086956521739
    ]
  },
  "30": {
    "Precision": [
      0.6492537313432836,
      0.6416666666666667,
      0.6339285714285714,
      0.6396396396396397,
      0.6631578947368421
    ],
    "Recall": [
      1,
      1,
      1,
      1,
      1
    ],
    "False": [
      53.25,
      49.5,
      46.5,
      45.0,
      36.0
    ],
    "Delay": [
      48.208333333333336,
      56.75,
      66.54166666666667,
      76.02083333333333,
      83.26086956521739
    ]
  },
  "40": {
    "Precision": [
      0.6492537313432836,
      0.6416666666666667,
      0.6339285714285714,
      0.6396396396396397,
      0.6631578947368421
    ],
    "Recall": [
      1,
      1,
      1,
      1,
      1
    ],
    "False": [
      53.25,
      49.5,
      46.5,
      45.0,
      36.0
    ],
    "Delay": [
      48.208333333333336,
      56.75,
      66.54166666666667,
      76.02083333333333,
      83.26086956521739
    ]
  },
  "55": {
    "Precision": [
      0.6492537313432836,
      0.6416666666666667,
      0.6339285714285714,
      0.6396396396396397,
      0.6631578947368421
    ],
    "Recall": [
      1,
      1,
      1,
      1,
      1
    ],
    "False": [
      53.25,
      49.5,
      46.5,
      45.0,
      36.0
    ],
    "Delay": [
      48.208333333333336,
      56.75,
      66.54166666666667,
      76.02083333333333,
      83.26086956521739
    ]
  }
}