{
  "5": {
    "Precision": [
      0.725,
      1,
      1,
      1,
      1
    ],
    "Recall": [
      1.0,
      1.0,
      1.0,
      1.0,
      1.0
    ],
    "False": [
      23.833333333333332,
      12.5,
      12.166666666666666,
      10.25,
      10.083333333333334
    ],
    "Delay": [
      125.72,
      72.75,
      75.25,
      78.16666666666667,
      78.16666666666667
    ]
  },
  "15": {
    "Precision": [
      0.725,
      1,
      1,
      1,
      1
    ],
    "Recall": [
      1.0,
      1.0,
      1.0,
      1.0,
      1.0
    ],
    "False": [
      23.833333333333332,
      12.5,
      12.166666666666666,
      10.25,
      10.083333333333334
    ],
    "Delay": [
      125.72,
      72.75,
      75.25,
      78.16666666666667,
      78.16666666666667
    ]
  },
  "30": {
    "Precision": [
      0.725,
      1,
      1,
      1,
      1
    ],
    "Recall": [
      1.0,
      1.0,
      1.0,
      1.0,
      1.0
    ],
    "False": [
      23.833333333333332,
      12.5,
      12.166666666666666,
      10.25,
      10.083333333333334
    ],
    "Delay": [
      125.72,
      72.75,
      75.25,
      78.16666666666667,
      78.16666666666667
    ]
  },
  "40": {
    "Precision": [
      0.725,
      1,
      1,
      1,
      1
    ],
    "Recall": [
      1.0,
      1.0,
      1.0,
      1.0,
      1.0
    ],
    "False": [
      23.833333333333332,
      12.5,
      12.166666666666666,
      10.25,
      10.083333333333334
    ],
    "Delay": [
      125.72,
      72.75,
      75.25,
      78.16666666666667,
      78.16666666666667
    ]
  },
  "55": {
    "Precision": [
      0.725,
      1,
      1,
      1,
      1
    ],
    "Recall": [
      1.0,
      1.0,
      1.0,
      1.0,
      1.0
    ],
    "False": [
      23.833333333333332,
      12.5,
      12.166666666666666,
      10.25,
      10.083333333333334
    ],
    "Delay": [
      125.72,
      72.75,
      75.25,
      78.16666666666667,
      78.16666666666667
    ]
  }
}