{
  "5": {
    "Precision": [
      0.9523809523809523,
      1,
      1,
      1,
      1
    ],
    "Recall": [
      1.0,
      1.0,
      1.0,
      1.0,
      1.0
    ],
    "False": [
      3.0,
      0.0,
      0.0,
      0.0,
      0.0
    ],
    "Delay": [
      114.51612903225806,
      117.89285714285714,
      117.89285714285714,
      120.37037037037037,
      114.16666666666667
    ]
  },
  "15": {
    "Precision": [
      0.9523809523809523,
      1,
      1,
      1,
      1
    ],
    "Recall": [
      1.0,
      1.0,
      1.0,
      1.0,
      1.0
    ],
    "False": [
      3.0,
      0.0,
      0.0,
      0.0,
      0.0
    ],
    "Delay": [
      114.51612903225806,
      117.89285714285714,
      117.89285714285714,
      120.37037037037037,
      114.16666666666667
    ]
  },
  "30": {
    "Precision": [
      0.9523809523809523,
      1,
      1,
      1,
      1
    ],
    "Recall": [
      1.0,
      1.0,
      1.0,
      1.0,
      1.0
    ],
    "False": [
      3.0,
      0.0,
      0.0,
      0.0,
      0.0
    ],
    "Delay": [
      114.51612903225806,
      117.89285714285714,
      117.89285714285714,
      120.37037037037037,
      114.16666666666667
    ]
  },
  "40": {
    "Precision": [
      0.9523809523809523,
      1,
      1,
      1,
      1
    ],
    "Recall": [
      1.0,
      1.0,
      1.0,
      1.0,
      1.0
    ],
    "False": [
      3.0,
      0.0,
      0.0,
      0.0,
      0.0
    ],
    "Delay": [
      114.51612903225806,
      117.89285714285714,
      117.89285714285714,
      120.37037037037037,
      114.16666666666667
    ]
  },
  "55": {
    "Precision": [
      0.9523809523809523,
      1,
      1,
      1,
      1
    ],
    "Recall": [
      1.0,
      1.0,
      1.0,
      1.0,
      1.0
    ],
    "False": [
      3.0,
      0.0,
      0.0,
      0.0,
      0.0
    ],
    "Delay": [
      114.51612903225806,
      117.89285714285714,
      117.89285714285714,
      120.37037037037037,
      114.16666666666667
    ]
  }
}