{
  "5": {
    "Precision": [
      0.9,
      0.9285714285714286,
      0.9302325581395349,
      0.9047619047619048,
      1
    ],
    "False": [
      23.0,
      14.75,
      14.0,
      12.5,
      0.75
    ]
  },
  "15": {
    "Precision": [
      0.9,
      0.9285714285714286,
      0.9302325581395349,
      0.9047619047619048,
      1
    ],
    "False": [
      23.0,
      14.75,
      14.0,
      12.5,
      0.75
    ]
  },
  "30": {
    "Precision": [
      0.9,
      0.9285714285714286,
      0.9302325581395349,
      0.9047619047619048,
      1
    ],
    "False": [
      23.0,
      14.75,
      14.0,
      12.5,
      0.75
    ]
  },
  "40": {
    "Precision": [
      0.9,
      0.9285714285714286,
      0.9302325581395349,
      0.9047619047619048,
      1
    ],
    "False": [
      23.0,
      14.75,
      14.0,
      12.5,
      0.75
    ]
  },
  "55": {
    "Precision": [
      0.9,
      0.9285714285714286,
      0.9302325581395349,
      0.9047619047619048,
      1
    ],
    "False": [
      23.0,
      14.75,
      14.0,
      12.5,
      0.75
    ]
  }
}