{
  "5": {
    "Precision": [
      0.5876288659793815,
      0.8333333333333334,
      0.9285714285714286,
      0.9473684210526315,
      1
    ],
    "Recall": [
      1.0,
      1.0,
      1.0,
      1.0,
      1.0
    ],
    "False": [
      45.833333333333336,
      11.166666666666666,
      2.8333333333333335,
      1.8333333333333333,
      0.9166666666666666
    ],
    "Delay": [
      143.74603174603175,
      170.60714285714286,
      172.03846153846155,
      161.72727272727272,
      104.33333333333333
    ]
  },
  "15": {
    "Precision": [
      0.5876288659793815,
      0.8333333333333334,
      0.9285714285714286,
      0.9473684210526315,
      1
    ],
    "Recall": [
      1.0,
      1.0,
      1.0,
      1.0,
      1.0
    ],
    "False": [
      45.833333333333336,
      11.166666666666666,
      2.8333333333333335,
      1.8333333333333333,
      0.9166666666666666
    ],
    "Delay": [
      143.74603174603175,
      170.60714285714286,
      172.03846153846155,
      161.72727272727272,
      104.33333333333333
    ]
  },
  "30": {
    "Precision": [
      0.5876288659793815,
      0.8333333333333334,
      0.9285714285714286,
      0.9473684210526315,
      1
    ],
    "Recall": [
      1.0,
      1.0,
      1.0,
      1.0,
      1.0
    ],
    "False": [
      45.833333333333336,
      11.166666666666666,
      2.8333333333333335,
      1.8333333333333333,
      0.9166666666666666
    ],
    "Delay": [
      143.74603174603175,
      170.60714285714286,
      172.03846153846155,
      161.72727272727272,
      104.33333333333333
    ]
  },
  "40": {
    "Precision": [
      0.5876288659793815,
      0.8333333333333334,
      0.9285714285714286,
      0.9473684210526315,
      1
    ],
    "Recall": [
      1.0,
      1.0,
      1.0,
      1.0,
      1.0
    ],
    "False": [
      45.833333333333336,
      11.166666666666666,
      2.8333333333333335,
      1.8333333333333333,
      0.9166666666666666
    ],
    "Delay": [
      143.74603174603175,
      170.60714285714286,
      172.03846153846155,
      161.72727272727272,
      104.33333333333333
    ]
  },
  "55": {
    "Precision": [
      0.5876288659793815,
      0.8333333333333334,
      0.9285714285714286,
      0.9473684210526315,
      1
    ],
    "Recall": [
      1.0,
      1.0,
      1.0,
      1.0,
      1.0
    ],
    "False": [
      45.833333333333336,
      11.166666666666666,
      2.8333333333333335,
      1.8333333333333333,
      0.9166666666666666
    ],
    "Delay": [
      143.74603174603175,
      170.60714285714286,
      172.03846153846155,
      161.72727272727272,
      104.33333333333333
    ]
  }
}