{
  "5": {
    "Precision": [
      0.8028169014084507,
      0.8571428571428571,
      0.896551724137931,
      0.9473684210526315,
      1
    ],
    "Recall": [
      1.0,
      1.0,
      1.0,
      1.0,
      1.0
    ],
    "False": [
      20.5,
      11.083333333333334,
      8.333333333333334,
      1.8333333333333333,
      0.9166666666666666
    ],
    "Delay": [
      135.40816326530611,
      154.28571428571428,
      178.5,
      229.26666666666668,
      231.26666666666668
    ]
  },
  "15": {
    "Precision": [
      0.8028169014084507,
      0.8571428571428571,
      0.896551724137931,
      0.9473684210526315,
      1
    ],
    "Recall": [
      1.0,
      1.0,
      1.0,
      1.0,
      1.0
    ],
    "False": [
      20.5,
      11.083333333333334,
      8.333333333333334,
      1.8333333333333333,
      0.9166666666666666
    ],
    "Delay": [
      135.40816326530611,
      154.28571428571428,
      178.5,
      229.26666666666668,
      231.26666666666668
    ]
  },
  "30": {
    "Precision": [
      0.8028169014084507,
      0.8571428571428571,
      0.896551724137931,
      0.9473684210526315,
      1
    ],
    "Recall": [
      1.0,
      1.0,
      1.0,
      1.0,
      1.0
    ],
    "False": [
      20.5,
      11.083333333333334,
      8.333333333333334,
      1.8333333333333333,
      0.9166666666666666
    ],
    "Delay": [
      135.40816326530611,
      154.28571428571428,
      178.5,
      229.26666666666668,
      231.26666666666668
    ]
  },
  "40": {
    "Precision": [
      0.8028169014084507,
      0.8571428571428571,
      0.896551724137931,
      0.9473684210526315,
      1
    ],
    "Recall": [
      1.0,
      1.0,
      1.0,
      1.0,
      1.0
    ],
    "False": [
      20.5,
      11.083333333333334,
      8.333333333333334,
      1.8333333333333333,
      0.9166666666666666
    ],
    "Delay": [
      135.40816326530611,
      154.28571428571428,
      178.5,
      229.26666666666668,
      231.26666666666668
    ]
  },
  "55": {
    "Precision": [
      0.8028169014084507,
      0.8571428571428571,
      0.896551724137931,
      0.9473684210526315,
      1
    ],
    "Recall": [
      1.0,
      1.0,
      1.0,
      1.0,
      1.0
    ],
    "False": [
      20.5,
      11.083333333333334,
      8.333333333333334,
      1.8333333333333333,
      0.9166666666666666
    ],
    "Delay": [
      135.40816326530611,
      154.28571428571428,
      178.5,
      229.26666666666668,
      231.26666666666668
    ]
  }
}