{
  "5": {
    "Precision": [
      0.8636363636363636,
      0.9090909090909091,
      0.9285714285714286,
      0.9473684210526315,
      1
    ],
    "Recall": [
      1.0,
      1.0,
      1.0,
      1.0,
      1.0
    ],
    "False": [
      10.416666666666666,
      4.666666666666667,
      2.8333333333333335,
      1.8333333333333333,
      0.9166666666666666
    ],
    "Delay": [
      100.0,
      115.29411764705883,
      121.6,
      153.0,
      153.0
    ]
  },
  "15": {
    "Precision": [
      0.8636363636363636,
      0.9090909090909091,
      0.9285714285714286,
      0.9473684210526315,
      1
    ],
    "Recall": [
      1.0,
      1.0,
      1.0,
      1.0,
      1.0
    ],
    "False": [
      10.416666666666666,
      4.666666666666667,
      2.8333333333333335,
      1.8333333333333333,
      0.9166666666666666
    ],
    "Delay": [
      100.0,
      115.29411764705883,
      121.6,
      153.0,
      153.0
    ]
  },
  "30": {
    "Precision": [
      0.8636363636363636,
      0.9090909090909091,
      0.9285714285714286,
      0.9473684210526315,
      1
    ],
    "Recall": [
      1.0,
      1.0,
      1.0,
      1.0,
      1.0
    ],
    "False": [
      10.416666666666666,
      4.666666666666667,
      2.8333333333333335,
      1.8333333333333333,
      0.9166666666666666
    ],
    "Delay": [
      100.0,
      115.29411764705883,
      121.6,
      153.0,
      153.0
    ]
  },
  "40": {
    "Precision": [
      0.8636363636363636,
      0.9090909090909091,
      0.9285714285714286,
      0.9473684210526315,
      1
    ],
    "Recall": [
      1.0,
      1.0,
      1.0,
      1.0,
      1.0
    ],
    "False": [
      10.416666666666666,
      4.666666666666667,
      2.8333333333333335,
      1.8333333333333333,
      0.9166666666666666
    ],
    "Delay": [
      100.0,
      115.29411764705883,
      121.6,
      153.0,
      153.0
    ]
  },
  "55": {
    "Precision": [
      0.8636363636363636,
      0.9090909090909091,
      0.9285714285714286,
      0.9473684210526315,
      1
    ],
    "Recall": [
      1.0,
      1.0,
      1.0,
      1.0,
      1.0
    ],
    "False": [
      10.416666666666666,
      4.666666666666667,
      2.8333333333333335,
      1.8333333333333333,
      0.9166666666666666
    ],
    "Delay": [
      100.0,
      115.29411764705883,
      121.6,
      153.0,
      153.0
    ]
  }
}