{
  "5": {
    "Precision": [
      0.5135135135135135,
      0.8108108108108109,
      0.896551724137931,
      0.9473684210526315,
      1
    ],
    "Recall": [
      1.0,
      1.0,
      1.0,
      1.0,
      1.0
    ],
    "False": [
      59.166666666666664,
      12.916666666666666,
      8.333333333333334,
      1.8333333333333333,
      0.9166666666666666
    ],
    "Delay": [
      153.13846153846154,
      149.875,
      178.5,
      231.26666666666668,
      220.25
    ]
  },
  "15": {
    "Precision": [
      0.5135135135135135,
      0.8108108108108109,
      0.896551724137931,
      0.9473684210526315,
      1
    ],
    "Recall": [
      1.0,
      1.0,
      1.0,
      1.0,
      1.0
    ],
    "False": [
      59.166666666666664,
      12.916666666666666,
      8.333333333333334,
      1.8333333333333333,
      0.9166666666666666
    ],
    "Delay": [
      153.13846153846154,
      149.875,
      178.5,
      231.26666666666668,
      220.25
    ]
  },
  "30": {
    "Precision": [
      0.5135135135135135,
      0.8108108108108109,
      0.896551724137931,
      0.9473684210526315,
      1
    ],
    "Recall": [
      1.0,
      1.0,
      1.0,
      1.0,
      1.0
    ],
    "False": [
      59.166666666666664,
      12.916666666666666,
      8.333333333333334,
      1.8333333333333333,
      0.9166666666666666
    ],
    "Delay": [
      153.13846153846154,
      149.875,
      178.5,
      231.26666666666668,
      220.25
    ]
  },
  "40": {
    "Precision": [
      0.5135135135135135,
      0.8108108108108109,
      0.896551724137931,
      0.9473684210526315,
      1
    ],
    "Recall": [
      1.0,
      1.0,
      1.0,
      1.0,
      1.0
    ],
    "False": [
      59.166666666666664,
      12.916666666666666,
      8.333333333333334,
      1.8333333333333333,
      0.9166666666666666
    ],
    "Delay": [
      153.13846153846154,
      149.875,
      178.5,
      231.26666666666668,
      220.25
    ]
  },
  "55": {
    "Precision": [
      0.5135135135135135,
      0.8108108108108109,
      0.896551724137931,
      0.9473684210526315,
      1
    ],
    "Recall": [
      1.0,
      1.0,
      1.0,
      1.0,
      1.0
    ],
    "False": [
      59.166666666666664,
      12.916666666666666,
      8.333333333333334,
      1.8333333333333333,
      0.9166666666666666
    ],
    "Delay": [
      153.13846153846154,
      149.875,
      178.5,
      231.26666666666668,
      220.25
    ]
  }
}