{
  "5": {
    "Precision": [
      1,
      1,
      1,
      1,
      1
    ],
    "Recall": [
      1.0,
      1.0,
      1.0,
      1.0,
      1.0
    ],
    "False": [
      4.583333333333333,
      3.3333333333333335,
      3.0,
      1.0833333333333333,
      0.9166666666666666
    ],
    "Delay": [
      75.78571428571429,
      71.44736842105263,
      68.11111111111111,
      70.3,
      70.3
    ]
  },
  "15": {
    "Precision": [
      1,
      1,
      1,
      1,
      1
    ],
    "Recall": [
      1.0,
      1.0,
      1.0,
      1.0,
      1.0
    ],
    "False": [
      4.583333333333333,
      3.3333333333333335,
      3.0,
      1.0833333333333333,
      0.9166666666666666
    ],
    "Delay": [
      75.78571428571429,
      71.44736842105263,
      68.11111111111111,
      70.3,
      70.3
    ]
  },
  "30": {
    "Precision": [
      1,
      1,
      1,
      1,
      1
    ],
    "Recall": [
      1.0,
      1.0,
      1.0,
      1.0,
      1.0
    ],
    "False": [
      4.583333333333333,
      3.3333333333333335,
      3.0,
      1.0833333333333333,
      0.9166666666666666
    ],
    "Delay": [
      75.78571428571429,
      71.44736842105263,
      68.11111111111111,
      70.3,
      70.3
    ]
  },
  "40": {
    "Precision": [
      1,
      1,
      1,
      1,
      1
    ],
    "Recall": [
      1.0,
      1.0,
      1.0,
      1.0,
      1.0
    ],
    "False": [
      4.583333333333333,
      3.3333333333333335,
      3.0,
      1.0833333333333333,
      0.9166666666666666
    ],
    "Delay": [
      75.78571428571429,
      71.44736842105263,
      68.11111111111111,
      70.3,
      70.3
    ]
  },
  "55": {
    "Precision": [
      1,
      1,
      1,
      1,
      1
    ],
    "Recall": [
      1.0,
      1.0,
      1.0,
      1.0,
      1.0
    ],
    "False": [
      4.583333333333333,
      3.3333333333333335,
      3.0,
      1.0833333333333333,
      0.9166666666666666
    ],
    "Delay": [
      75.78571428571429,
      71.44736842105263,
      68.11111111111111,
      70.3,
      70.3
    ]
  }
}