{
  "5": {
    "Precision": [
      0.864406779661017,
      0.8793103448275862,
      0.87,
      0.875,
      0.7083333333333334
    ],
    "Recall": [
      1.0,
      1.0,
      1.0,
      1.0,
      1.0
    ],
    "False": [
      23.4,
      21.0,
      19.8,
      15.2,
      14.4
    ],
    "Delay": [
      64.16666666666667,
      64.16666666666667,
      70.41666666666667,
      70.34482758620689,
      74.65517241379311
    ]
  },
  "15": {
    "Precision": [
      0.864406779661017,
      0.8793103448275862,
      0.87,
      0.875,
      0.7083333333333334
    ],
    "Recall": [
      1.0,
      1.0,
      1.0,
      1.0,
      1.0
    ],
    "False": [
      23.4,
      21.0,
      19.8,
      15.2,
      14.4
    ],
    "Delay": [
      64.16666666666667,
      64.16666666666667,
      70.41666666666667,
      70.34482758620689,
      74.65517241379311
    ]
  },
  "30": {
    "Precision": [
      0.864406779661017,
      0.8793103448275862,
      0.87,
      0.875,
      0.7083333333333334
    ],
    "Recall": [
      1.0,
      1.0,
      1.0,
      1.0,
      1.0
    ],
    "False": [
      23.4,
      21.0,
      19.8,
      15.2,
      14.4
    ],
    "Delay": [
      64.16666666666667,
      64.16666666666667,
      70.41666666666667,
      70.34482758620689,
      74.65517241379311
    ]
  },
  "40": {
    "Precision": [
      0.864406779661017,
      0.8793103448275862,
      0.87,
      0.875,
      0.7083333333333334
    ],
    "Recall": [
      1.0,
      1.0,
      1.0,
      1.0,
      1.0
    ],
    "False": [
      23.4,
      21.0,
      19.8,
      15.2,
      14.4
    ],
    "Delay": [
      64.16666666666667,
      64.16666666666667,
      70.41666666666667,
      70.34482758620689,
      74.65517241379311
    ]
  },
  "55": {
    "Precision": [
      0.864406779661017,
      0.8793103448275862,
      0.87,
      0.875,
      0.7083333333333334
    ],
    "Recall": [
      1.0,
      1.0,
      1.0,
      1.0,
      1.0
    ],
    "False": [
      23.4,
      21.0,
      19.8,
      15.2,
      14.4
    ],
    "Delay": [
      64.16666666666667,
      64.16666666666667,
      70.41666666666667,
      70.34482758620689,
      74.65517241379311
    ]
  }
}