{
  "5": {
    "Precision": [
      0.702020202020202,
      0.7197802197802198,
      0.7543859649122807,
      0.7730061349693251,
      0.7631578947368421
    ],
    "Recall": [
      1,
      1,
      1,
      1,
      1
    ],
    "False": [
      65.8,
      56.8,
      47.0,
      42.2,
      39.4
    ],
    "Delay": [
      42.1,
      42.1,
      42.1,
      42.1,
      42.68333333333333
    ]
  },
  "15": {
    "Precision": [
      0.702020202020202,
      0.7197802197802198,
      0.7543859649122807,
      0.7730061349693251,
      0.7631578947368421
    ],
    "Recall": [
      1,
      1,
      1,
      1,
      1
    ],
    "False": [
      65.8,
      56.8,
      47.0,
      42.2,
      39.4
    ],
    "Delay": [
      42.1,
      42.1,
      42.1,
      42.1,
      42.68333333333333
    ]
  },
  "30": {
    "Precision": [
      0.702020202020202,
      0.7197802197802198,
      0.7543859649122807,
      0.7730061349693251,
      0.7631578947368421
    ],
    "Recall": [
      1,
      1,
      1,
      1,
      1
    ],
    "False": [
      65.8,
      56.8,
      47.0,
      42.2,
      39.4
    ],
    "Delay": [
      42.1,
      42.1,
      42.1,
      42.1,
      42.68333333333333
    ]
  },
  "40": {
    "Precision": [
      0.702020202020202,
      0.7197802197802198,
      0.7543859649122807,
      0.7730061349693251,
      0.7631578947368421
    ],
    "Recall": [
      1,
      1,
      1,
      1,
      1
    ],
    "False": [
      65.8,
      56.8,
      47.0,
      42.2,
      39.4
    ],
    "Delay": [
      42.1,
      42.1,
      42.1,
      42.1,
      42.68333333333333
    ]
  },
  "55": {
    "Precision": [
      0.702020202020202,
      0.7197802197802198,
      0.7543859649122807,
      0.7730061349693251,
      0.7631578947368421
    ],
    "Recall": [
      1,
      1,
      1,
      1,
      1
    ],
    "False": [
      65.8,
      56.8,
      47.0,
      42.2,
      39.4
    ],
    "Delay": [
      42.1,
      42.1,
      42.1,
      42.1,
      42.68333333333333
    ]
  }
}