{
  "5": {
    "Precision": [
      0.6961206896551724,
      0.7308641975308642,
      0.7645429362880887,
      0.7841269841269841,
      0.8029739776951673
    ],
    "Recall": [
      1,
      1,
      1,
      1,
      1
    ],
    "False": [
      144.57142857142858,
      113.0,
      90.28571428571429,
      71.28571428571429,
      57.142857142857146
    ],
    "Delay": [
      38.5,
      38.5,
      38.55952380952381,
      38.857142857142854,
      39.69047619047619
    ]
  },
  "15": {
    "Precision": [
      0.6961206896551724,
      0.7308641975308642,
      0.7645429362880887,
      0.7841269841269841,
      0.8029739776951673
    ],
    "Recall": [
      1,
      1,
      1,
      1,
      1
    ],
    "False": [
      144.57142857142858,
      113.0,
      90.28571428571429,
      71.28571428571429,
      57.142857142857146
    ],
    "Delay": [
      38.5,
      38.5,
      38.55952380952381,
      38.857142857142854,
      39.69047619047619
    ]
  },
  "30": {
    "Precision": [
      0.6961206896551724,
      0.7308641975308642,
      0.7645429362880887,
      0.7841269841269841,
      0.8029739776951673
    ],
    "Recall": [
      1,
      1,
      1,
      1,
      1
    ],
    "False": [
      144.57142857142858,
      113.0,
      90.28571428571429,
      71.28571428571429,
      57.142857142857146
    ],
    "Delay": [
      38.5,
      38.5,
      38.55952380952381,
      38.857142857142854,
      39.69047619047619
    ]
  },
  "40": {
    "Precision": [
      0.6961206896551724,
      0.7308641975308642,
      0.7645429362880887,
      0.7841269841269841,
      0.8029739776951673
    ],
    "Recall": [
      1,
      1,
      1,
      1,
      1
    ],
    "False": [
      144.57142857142858,
      113.0,
      90.28571428571429,
      71.28571428571429,
      57.142857142857146
    ],
    "Delay": [
      38.5,
      38.5,
      38.55952380952381,
      38.857142857142854,
      39.69047619047619
    ]
  },
  "55": {
    "Precision": [
      0.6961206896551724,
      0.7308641975308642,
      0.7645429362880887,
      0.7841269841269841,
      0.8029739776951673
    ],
    "Recall": [
      1,
      1,
      1,
      1,
      1
    ],
    "False": [
      144.57142857142858,
      113.0,
      90.28571428571429,
      71.28571428571429,
      57.142857142857146
    ],
    "Delay": [
      38.5,
      38.5,
      38.55952380952381,
      38.857142857142854,
      39.69047619047619
    ]
  }
}