{
  "5": {
    "Precision": [
      0.5918367346938775,
      0.75,
      0.967741935483871,
      1,
      1
    ],
    "Recall": [
      1,
      1,
      1,
      1,
      1
    ],
    "False": [
      44.916666666666664,
      19.25,
      2.75,
      1.8333333333333333,
      0.9166666666666666
    ],
    "Delay": [
      75.19626168224299,
      77.47572815533981,
      69.90163934426229,
      73.39473684210526,
      78.55
    ]
  },
  "15": {
    "Precision": [
      0.5918367346938775,
      0.75,
      0.967741935483871,
      1,
      1
    ],
    "Recall": [
      1,
      1,
      1,
      1,
      1
    ],
    "False": [
      44.916666666666664,
      19.25,
      2.75,
      1.8333333333333333,
      0.9166666666666666
    ],
    "Delay": [
      75.19626168224299,
      77.47572815533981,
      69.90163934426229,
      73.39473684210526,
      78.55
    ]
  },
  "30": {
    "Precision": [
      0.5918367346938775,
      0.75,
      0.967741935483871,
      1,
      1
    ],
    "Recall": [
      1,
      1,
      1,
      1,
      1
    ],
    "False": [
      44.916666666666664,
      19.25,
      2.75,
      1.8333333333333333,
      0.9166666666666666
    ],
    "Delay": [
      75.19626168224299,
      77.47572815533981,
      69.90163934426229,
      73.39473684210526,
      78.55
    ]
  },
  "40": {
    "Precision": [
      0.5918367346938775,
      0.75,
      0.967741935483871,
      1,
      1
    ],
    "Recall": [
      1,
      1,
      1,
      1,
      1
    ],
    "False": [
      44.916666666666664,
      19.25,
      2.75,
      1.8333333333333333,
      0.9166666666666666
    ],
    "Delay": [
      75.19626168224299,
      77.47572815533981,
      69.90163934426229,
      73.39473684210526,
      78.55
    ]
  },
  "55": {
    "Precision": [
      0.5918367346938775,
      0.75,
      0.967741935483871,
      1,
      1
    ],
    "Recall": [
      1,
      1,
      1,
      1,
      1
    ],
    "False": [
      44.916666666666664,
      19.25,
      2.75,
      1.8333333333333333,
      0.9166666666666666
    ],
    "Delay": [
      75.19626168224299,
      77.47572815533981,
      69.90163934426229,
      73.39473684210526,
      78.55
    ]
  }
}