{
  "5": {
    "Precision": [
      0.5526315789473685,
      0.6,
      0.648,
      0.6923076923076923,
      0.8545454545454545
    ],
    "Recall": [
      1,
      1,
      1,
      1,
      1
    ],
    "False": [
      71.5,
      58.666666666666664,
      45.833333333333336,
      33.916666666666664,
      9.166666666666666
    ],
    "Delay": [
      57.75,
      57.78472222222222,
      58.30555555555556,
      59.26573426573427,
      64.0
    ]
  },
  "15": {
    "Precision": [
      0.5526315789473685,
      0.6,
      0.648,
      0.6923076923076923,
      0.8545454545454545
    ],
    "Recall": [
      1,
      1,
      1,
      1,
      1
    ],
    "False": [
      71.5,
      58.666666666666664,
      45.833333333333336,
      33.916666666666664,
      9.166666666666666
    ],
    "Delay": [
      57.75,
      57.78472222222222,
      58.30555555555556,
      59.26573426573427,
      64.0
    ]
  },
  "30": {
    "Precision": [
      0.5526315789473685,
      0.6,
      0.648,
      0.6923076923076923,
      0.8545454545454545
    ],
    "Recall": [
      1,
      1,
      1,
      1,
      1
    ],
    "False": [
      71.5,
      58.666666666666664,
      45.833333333333336,
      33.916666666666664,
      9.166666666666666
    ],
    "Delay": [
      57.75,
      57.78472222222222,
      58.30555555555556,
      59.26573426573427,
      64.0
    ]
  },
  "40": {
    "Precision": [
      0.5526315789473685,
      0.6,
      0.648,
      0.6923076923076923,
      0.8545454545454545
    ],
    "Recall": [
      1,
      1,
      1,
      1,
      1
    ],
    "False": [
      71.5,
      58.666666666666664,
      45.833333333333336,
      33.916666666666664,
      9.166666666666666
    ],
    "Delay": [
      57.75,
      57.78472222222222,
      58.30555555555556,
      59.26573426573427,
      64.0
    ]
  },
  "55": {
    "Precision": [
      0.5526315789473685,
      0.6,
      0.648,
      0.6923076923076923,
      0.8545454545454545
    ],
    "Recall": [
      1,
      1,
      1,
      1,
      1
    ],
    "False": [
      71.5,
      58.666666666666664,
      45.833333333333336,
      33.916666666666664,
      9.166666666666666
    ],
    "Delay": [
      57.75,
      57.78472222222222,
      58.30555555555556,
      59.26573426573427,
      64.0
    ]
  }
}