{
  "5": {
    "Precision": [
      0.98,
      1,
      1,
      1,
      1
    ],
    "Recall": [
      1.0,
      1.0,
      1.0,
      1.0,
      1.0
    ],
    "False": [
      2.6666666666666665,
      1.4166666666666667,
      1.0833333333333333,
      1.0,
      0.9166666666666666
    ],
    "Delay": [
      67.3913043478261,
      65.57142857142857,
      67.95238095238095,
      74.38888888888889,
      74.38888888888889
    ]
  },
  "15": {
    "Precision": [
      0.98,
      1,
      1,
      1,
      1
    ],
    "Recall": [
      1.0,
      1.0,
      1.0,
      1.0,
      1.0
    ],
    "False": [
      2.6666666666666665,
      1.4166666666666667,
      1.0833333333333333,
      1.0,
      0.9166666666666666
    ],
    "Delay": [
      67.3913043478261,
      65.57142857142857,
      67.95238095238095,
      74.38888888888889,
      74.38888888888889
    ]
  },
  "30": {
    "Precision": [
      0.98,
      1,
      1,
      1,
      1
    ],
    "Recall": [
      1.0,
      1.0,
      1.0,
      1.0,
      1.0
    ],
    "False": [
      2.6666666666666665,
      1.4166666666666667,
      1.0833333333333333,
      1.0,
      0.9166666666666666
    ],
    "Delay": [
      67.3913043478261,
      65.57142857142857,
      67.95238095238095,
      74.38888888888889,
      74.38888888888889
    ]
  },
  "40": {
    "Precision": [
      0.98,
      1,
      1,
      1,
      1
    ],
    "Recall": [
      1.0,
      1.0,
      1.0,
      1.0,
      1.0
    ],
    "False": [
      2.6666666666666665,
      1.4166666666666667,
      1.0833333333333333,
      1.0,
      0.9166666666666666
    ],
    "Delay": [
      67.3913043478261,
      65.57142857142857,
      67.95238095238095,
      74.38888888888889,
      74.38888888888889
    ]
  },
  "55": {
    "Precision": [
      0.98,
      1,
      1,
      1,
      1
    ],
    "Recall": [
      1.0,
      1.0,
      1.0,
      1.0,
      1.0
    ],
    "False": [
      2.6666666666666665,
      1.4166666666666667,
      1.0833333333333333,
      1.0,
      0.9166666666666666
    ],
    "Delay": [
      67.3913043478261,
      65.57142857142857,
      67.95238095238095,
      74.38888888888889,
      74.38888888888889
    ]
  }
}