{
  "5": {
    "Precision": [
      0.7241379310344828,
      0.75,
      0.9354838709677419,
      0.96,
      0.9166666666666666
    ],
    "Recall": [
      1.0,
      1.0,
      1.0,
      1.0,
      1.0
    ],
    "False": [
      37.666666666666664,
      26.166666666666668,
      15.833333333333334,
      11.916666666666666,
      9.166666666666666
    ],
    "Delay": [
      89.76271186440678,
      110.42222222222222,
      132.7,
      169.33333333333334,
      180.72222222222223
    ]
  },
  "15": {
    "Precision": [
      0.7241379310344828,
      0.75,
      0.9354838709677419,
      0.96,
      0.9166666666666666
    ],
    "Recall": [
      1.0,
      1.0,
      1.0,
      1.0,
      1.0
    ],
    "False": [
      37.666666666666664,
      26.166666666666668,
      15.833333333333334,
      11.916666666666666,
      9.166666666666666
    ],
    "Delay": [
      89.76271186440678,
      110.42222222222222,
      132.7,
      169.33333333333334,
      180.72222222222223
    ]
  },
  "30": {
    "Precision": [
      0.7241379310344828,
      0.75,
      0.9354838709677419,
      0.96,
      0.9166666666666666
    ],
    "Recall": [
      1.0,
      1.0,
      1.0,
      1.0,
      1.0
    ],
    "False": [
      37.666666666666664,
      26.166666666666668,
      15.833333333333334,
      11.916666666666666,
      9.166666666666666
    ],
    "Delay": [
      89.76271186440678,
      110.42222222222222,
      132.7,
      169.33333333333334,
      180.72222222222223
    ]
  },
  "40": {
    "Precision": [
      0.7241379310344828,
      0.75,
      0.9354838709677419,
      0.96,
      0.9166666666666666
    ],
    "Recall": [
      1.0,
      1.0,
      1.0,
      1.0,
      1.0
    ],
    "False": [
      37.666666666666664,
      26.166666666666668,
      15.833333333333334,
      11.916666666666666,
      9.166666666666666
    ],
    "Delay": [
      89.76271186440678,
      110.42222222222222,
      132.7,
      169.33333333333334,
      180.72222222222223
    ]
  },
  "55": {
    "Precision": [
      0.7241379310344828,
      0.75,
      0.9354838709677419,
      0.96,
      0.9166666666666666
    ],
    "Recall": [
      1.0,
      1.0,
      1.0,
      1.0,
      1.0
    ],
    "False": [
      37.666666666666664,
      26.166666666666668,
      15.833333333333334,
      11.916666666666666,
      9.166666666666666
    ],
    "Delay": [
      89.76271186440678,
      110.42222222222222,
      132.7,
      169.33333333333334,
      180.72222222222223
    ]
  }
}