{
  "5": {
    "Precision": [
      0.7796610169491526,
      0.8090909090909091,
      0.8469387755102041,
      0.8169014084507042,
      1
    ],
    "Recall": [
      1.0,
      1.0,
      1.0,
      1.0,
      1.0
    ],
    "False": [
      32.0,
      26.8,
      22.2,
      20.0,
      0.0
    ],
    "Delay": [
      85.95348837209302,
      84.0,
      86.65714285714286,
      93.08571428571429,
      73.91304347826087
    ]
  },
  "15": {
    "Precision": [
      0.7796610169491526,
      0.8090909090909091,
      0.8469387755102041,
      0.8169014084507042,
      1
    ],
    "Recall": [
      1.0,
      1.0,
      1.0,
      1.0,
      1.0
    ],
    "False": [
      32.0,
      26.8,
      22.2,
      20.0,
      0.0
    ],
    "Delay": [
      85.95348837209302,
      84.0,
      86.65714285714286,
      93.08571428571429,
      73.91304347826087
    ]
  },
  "30": {
    "Precision": [
      0.7796610169491526,
      0.8090909090909091,
      0.8469387755102041,
      0.8169014084507042,
      1
    ],
    "Recall": [
      1.0,
      1.0,
      1.0,
      1.0,
      1.0
    ],
    "False": [
      32.0,
      26.8,
      22.2,
      20.0,
      0.0
    ],
    "Delay": [
      85.95348837209302,
      84.0,
      86.65714285714286,
      93.08571428571429,
      73.91304347826087
    ]
  },
  "40": {
    "Precision": [
      0.7796610169491526,
      0.8090909090909091,
      0.8469387755102041,
      0.8169014084507042,
      1
    ],
    "Recall": [
      1.0,
      1.0,
      1.0,
      1.0,
      1.0
    ],
    "False": [
      32.0,
      26.8,
      22.2,
      20.0,
      0.0
    ],
    "Delay": [
      85.95348837209302,
      84.0,
      86.65714285714286,
      93.08571428571429,
      73.91304347826087
    ]
  },
  "55": {
    "Precision": [
      0.7796610169491526,
      0.8090909090909091,
      0.8469387755102041,
      0.8169014084507042,
      1
    ],
    "Recall": [
      1.0,
      1.0,
      1.0,
      1.0,
      1.0
    ],
    "False": [
      32.0,
      26.8,
      22.2,
      20.0,
      0.0
    ],
    "Delay": [
      85.95348837209302,
      84.0,
      86.65714285714286,
      93.08571428571429,
      73.91304347826087
    ]
  }
}