{
  "5": {
    "Precision": [
      0.9322033898305084,
      0.9629629629629629,
      0.9523809523809523,
      0.9047619047619048,
      1
    ],
    "Recall": [
      1.0,
      1.0,
      1.0,
      1.0,
      1.0
    ],
    "False": [
      23.75,
      15.5,
      15.5,
      14.75,
      0.75
    ],
    "Delay": [
      138.12765957446808,
      137.65217391304347,
      140.05714285714285,
      75.0,
      5.0
    ]
  },
  "15": {
    "Precision": [
      0.9322033898305084,
      0.9629629629629629,
      0.9523809523809523,
      0.9047619047619048,
      1
    ],
    "Recall": [
      1.0,
      1.0,
      1.0,
      1.0,
      1.0
    ],
    "False": [
      23.75,
      15.5,
      15.5,
      14.75,
      0.75
    ],
    "Delay": [
      138.12765957446808,
      137.65217391304347,
      140.05714285714285,
      75.0,
      5.0
    ]
  },
  "30": {
    "Precision": [
      0.9322033898305084,
      0.9629629629629629,
      0.9523809523809523,
      0.9047619047619048,
      1
    ],
    "Recall": [
      1.0,
      1.0,
      1.0,
      1.0,
      1.0
    ],
    "False": [
      23.75,
      15.5,
      15.5,
      14.75,
      0.75
    ],
    "Delay": [
      138.12765957446808,
      137.65217391304347,
      140.05714285714285,
      75.0,
      5.0
    ]
  },
  "40": {
    "Precision": [
      0.9322033898305084,
      0.9629629629629629,
      0.9523809523809523,
      0.9047619047619048,
      1
    ],
    "Recall": [
      1.0,
      1.0,
      1.0,
      1.0,
      1.0
    ],
    "False": [
      23.75,
      15.5,
      15.5,
      14.75,
      0.75
    ],
    "Delay": [
      138.12765957446808,
      137.65217391304347,
      140.05714285714285,
      75.0,
      5.0
    ]
  },
  "55": {
    "Precision": [
      0.9322033898305084,
      0.9629629629629629,
      0.9523809523809523,
      0.9047619047619048,
      1
    ],
    "Recall": [
      1.0,
      1.0,
      1.0,
      1.0,
      1.0
    ],
    "False": [
      23.75,
      15.5,
      15.5,
      14.75,
      0.75
    ],
    "Delay": [
      138.12765957446808,
      137.65217391304347,
      140.05714285714285,
      75.0,
      5.0
    ]
  }
}