{
  "5": {
    "Precision": [
      0.7325581395348837,
      0.9285714285714286,
      0.9354838709677419,
      0.96,
      0.9166666666666666
    ],
    "Recall": [
      1.0,
      1.0,
      1.0,
      1.0,
      1.0
    ],
    "False": [
      36.75,
      16.916666666666668,
      13.0,
      10.083333333333334,
      7.333333333333333
    ],
    "Delay": [
      88.40677966101696,
      110.24324324324324,
      130.16129032258064,
      139.92857142857142,
      169.33333333333334
    ]
  },
  "15": {
    "Precision": [
      0.7325581395348837,
      0.9285714285714286,
      0.9354838709677419,
      0.96,
      0.9166666666666666
    ],
    "Recall": [
      1.0,
      1.0,
      1.0,
      1.0,
      1.0
    ],
    "False": [
      36.75,
      16.916666666666668,
      13.0,
      10.083333333333334,
      7.333333333333333
    ],
    "Delay": [
      88.40677966101696,
      110.24324324324324,
      130.16129032258064,
      139.92857142857142,
      169.33333333333334
    ]
  },
  "30": {
    "Precision": [
      0.7325581395348837,
      0.9285714285714286,
      0.9354838709677419,
      0.96,
      0.9166666666666666
    ],
    "Recall": [
      1.0,
      1.0,
      1.0,
      1.0,
      1.0
    ],
    "False": [
      36.75,
      16.916666666666668,
      13.0,
      10.083333333333334,
      7.333333333333333
    ],
    "Delay": [
      88.40677966101696,
      110.24324324324324,
      130.16129032258064,
      139.92857142857142,
      169.33333333333334
    ]
  },
  "40": {
    "Precision": [
      0.7325581395348837,
      0.9285714285714286,
      0.9354838709677419,
      0.96,
      0.9166666666666666
    ],
    "Recall": [
      1.0,
      1.0,
      1.0,
      1.0,
      1.0
    ],
    "False": [
      36.75,
      16.916666666666668,
      13.0,
      10.083333333333334,
      7.333333333333333
    ],
    "Delay": [
      88.40677966101696,
      110.24324324324324,
      130.16129032258064,
      139.92857142857142,
      169.33333333333334
    ]
  },
  "55": {
    "Precision": [
      0.7325581395348837,
      0.9285714285714286,
      0.9354838709677419,
      0.96,
      0.9166666666666666
    ],
    "Recall": [
      1.0,
      1.0,
      1.0,
      1.0,
      1.0
    ],
    "False": [
      36.75,
      16.916666666666668,
      13.0,
      10.083333333333334,
      7.333333333333333
    ],
    "Delay": [
      88.40677966101696,
      110.24324324324324,
      130.16129032258064,
      139.92857142857142,
      169.33333333333334
    ]
  }
}