{
  "5": {
    "Precision": [
      1,
      1,
      1,
      1,
      1
    ],
    "Recall": [
      1.0,
      1.0,
      1.0,
      1.0,
      1.0
    ],
    "False": [
      1.25,
      1.0,
      0.9166666666666666,
      0.0,
      0.0
    ],
    "Delay": [
      81.42857142857143,
      79.15555555555555,
      79.15555555555555,
      77.45945945945945,
      77.22222222222223
    ]
  },
  "15": {
    "Precision": [
      1,
      1,
      1,
      1,
      1
    ],
    "Recall": [
      1.0,
      1.0,
      1.0,
      1.0,
      1.0
    ],
    "False": [
      1.25,
      1.0,
      0.9166666666666666,
      0.0,
      0.0
    ],
    "Delay": [
      81.42857142857143,
      79.15555555555555,
      79.15555555555555,
      77.45945945945945,
      77.22222222222223
    ]
  },
  "30": {
    "Precision": [
      1,
      1,
      1,
      1,
      1
    ],
    "Recall": [
      1.0,
      1.0,
      1.0,
      1.0,
      1.0
    ],
    "False": [
      1.25,
      1.0,
      0.9166666666666666,
      0.0,
      0.0
    ],
    "Delay": [
      81.42857142857143,
      79.15555555555555,
      79.15555555555555,
      77.45945945945945,
      77.22222222222223
    ]
  },
  "40": {
    "Precision": [
      1,
      1,
      1,
      1,
      1
    ],
    "Recall": [
      1.0,
      1.0,
      1.0,
      1.0,
      1.0
    ],
    "False": [
      1.25,
      1.0,
      0.9166666666666666,
      0.0,
      0.0
    ],
    "Delay": [
      81.42857142857143,
      79.15555555555555,
      79.15555555555555,
      77.45945945945945,
      77.22222222222223
    ]
  },
  "55": {
    "Precision": [
      1,
      1,
      1,
      1,
      1
    ],
    "Recall": [
      1.0,
      1.0,
      1.0,
      1.0,
      1.0
    ],
    "False": [
      1.25,
      1.0,
      0.9166666666666666,
      0.0,
      0.0
    ],
    "Delay": [
      81.42857142857143,
      79.15555555555555,
      79.15555555555555,
      77.45945945945945,
      77.22222222222223
    ]
  }
}