{
  "5": {
    "Precision": [
      0.9402985074626866,
      0.975,
      0.9666666666666667,
      1,
      1
    ],
    "Recall": [
      1.0,
      1.0,
      1.0,
      1.0,
      1.0
    ],
    "False": [
      5.75,
      2.8333333333333335,
      1.9166666666666667,
      0.9166666666666666,
      0.9166666666666666
    ],
    "Delay": [
      76.21212121212122,
      79.6086956521739,
      82.8,
      84.75,
      84.75
    ]
  },
  "15": {
    "Precision": [
      0.9402985074626866,
      0.975,
      0.9666666666666667,
      1,
      1
    ],
    "Recall": [
      1.0,
      1.0,
      1.0,
      1.0,
      1.0
    ],
    "False": [
      5.75,
      2.8333333333333335,
      1.9166666666666667,
      0.9166666666666666,
      0.9166666666666666
    ],
    "Delay": [
      76.21212121212122,
      79.6086956521739,
      82.8,
      84.75,
      84.75
    ]
  },
  "30": {
    "Precision": [
      0.9402985074626866,
      0.975,
      0.9666666666666667,
      1,
      1
    ],
    "Recall": [
      1.0,
      1.0,
      1.0,
      1.0,
      1.0
    ],
    "False": [
      5.75,
      2.8333333333333335,
      1.9166666666666667,
      0.9166666666666666,
      0.9166666666666666
    ],
    "Delay": [
      76.21212121212122,
      79.6086956521739,
      82.8,
      84.75,
      84.75
    ]
  },
  "40": {
    "Precision": [
      0.9402985074626866,
      0.975,
      0.9666666666666667,
      1,
      1
    ],
    "Recall": [
      1.0,
      1.0,
      1.0,
      1.0,
      1.0
    ],
    "False": [
      5.75,
      2.8333333333333335,
      1.9166666666666667,
      0.9166666666666666,
      0.9166666666666666
    ],
    "Delay": [
      76.21212121212122,
      79.6086956521739,
      82.8,
      84.75,
      84.75
    ]
  },
  "55": {
    "Precision": [
      0.9402985074626866,
      0.975,
      0.9666666666666667,
      1,
      1
    ],
    "Recall": [
      1.0,
      1.0,
      1.0,
      1.0,
      1.0
    ],
    "False": [
      5.75,
      2.8333333333333335,
      1.9166666666666667,
      0.9166666666666666,
      0.9166666666666666
    ],
    "Delay": [
      76.21212121212122,
      79.6086956521739,
      82.8,
      84.75,
      84.75
    ]
  }
}