{
  "5": {
    "Precision": [
      0.9649122807017544,
      0.9629629629629629,
      1,
      1,
      1
    ],
    "Recall": [
      1.0,
      1.0,
      1.0,
      1.0,
      1.0
    ],
    "False": [
      11.75,
      11.75,
      10.25,
      9.75,
      9.75
    ],
    "Delay": [
      75.0,
      75.0,
      32.5,
      32.5,
      32.5
    ]
  },
  "15": {
    "Precision": [
      0.9649122807017544,
      0.9629629629629629,
      1,
      1,
      1
    ],
    "Recall": [
      1.0,
      1.0,
      1.0,
      1.0,
      1.0
    ],
    "False": [
      11.75,
      11.75,
      10.25,
      9.75,
      9.75
    ],
    "Delay": [
      75.0,
      75.0,
      32.5,
      32.5,
      32.5
    ]
  },
  "30": {
    "Precision": [
      0.9649122807017544,
      0.9629629629629629,
      1,
      1,
      1
    ],
    "Recall": [
      1.0,
      1.0,
      1.0,
      1.0,
      1.0
    ],
    "False": [
      11.75,
      11.75,
      10.25,
      9.75,
      9.75
    ],
    "Delay": [
      75.0,
      75.0,
      32.5,
      32.5,
      32.5
    ]
  },
  "40": {
    "Precision": [
      0.9649122807017544,
      0.9629629629629629,
      1,
      1,
      1
    ],
    "Recall": [
      1.0,
      1.0,
      1.0,
      1.0,
      1.0
    ],
    "False": [
      11.75,
      11.75,
      10.25,
      9.75,
      9.75
    ],
    "Delay": [
      75.0,
      75.0,
      32.5,
      32.5,
      32.5
    ]
  },
  "55": {
    "Precision": [
      0.9649122807017544,
      0.9629629629629629,
      1,
      1,
      1
    ],
    "Recall": [
      1.0,
      1.0,
      1.0,
      1.0,
      1.0
    ],
    "False": [
      11.75,
      11.75,
      10.25,
      9.75,
      9.75
    ],
    "Delay": [
      75.0,
      75.0,
      32.5,
      32.5,
      32.5
    ]
  }
}