{
  "5": {
    "Precision": [
      1,
      1,
      1,
      1,
      1
    ],
    "Recall": [
      1.0,
      1.0,
      1.0,
      1.0,
      1.0
    ],
    "False": [
      1.75,
      1.4166666666666667,
      1.0833333333333333,
      0.08333333333333333,
      0.0
    ],
    "Delay": [
      81.2127659574468,
      79.15555555555555,
      79.15555555555555,
      77.22222222222223,
      77.22222222222223
    ]
  },
  "15": {
    "Precision": [
      1,
      1,
      1,
      1,
      1
    ],
    "Recall": [
      1.0,
      1.0,
      1.0,
      1.0,
      1.0
    ],
    "False": [
      1.75,
      1.4166666666666667,
      1.0833333333333333,
      0.08333333333333333,
      0.0
    ],
    "Delay": [
      81.2127659574468,
      79.15555555555555,
      79.15555555555555,
      77.22222222222223,
      77.22222222222223
    ]
  },
  "30": {
    "Precision": [
      1,
      1,
      1,
      1,
      1
    ],
    "Recall": [
      1.0,
      1.0,
      1.0,
      1.0,
      1.0
    ],
    "False": [
      1.75,
      1.4166666666666667,
      1.0833333333333333,
      0.08333333333333333,
      0.0
    ],
    "Delay": [
      81.2127659574468,
      79.15555555555555,
      79.15555555555555,
      77.22222222222223,
      77.22222222222223
    ]
  },
  "40": {
    "Precision": [
      1,
      1,
      1,
      1,
      1
    ],
    "Recall": [
      1.0,
      1.0,
      1.0,
      1.0,
      1.0
    ],
    "False": [
      1.75,
      1.4166666666666667,
      1.0833333333333333,
      0.08333333333333333,
      0.0
    ],
    "Delay": [
      81.2127659574468,
      79.15555555555555,
      79.15555555555555,
      77.22222222222223,
      77.22222222222223
    ]
  },
  "55": {
    "Precision": [
      1,
      1,
      1,
      1,
      1
    ],
    "Recall": [
      1.0,
      1.0,
      1.0,
      1.0,
      1.0
    ],
    "False": [
      1.75,
      1.4166666666666667,
      1.0833333333333333,
      0.08333333333333333,
      0.0
    ],
    "Delay": [
      81.2127659574468,
      79.15555555555555,
      79.15555555555555,
      77.22222222222223,
      77.22222222222223
    ]
  }
}