{
  "5": {
    "Precision": [
      0.9821428571428571,
      0.9811320754716981,
      0.975609756097561,
      0.95,
      1
    ],
    "Recall": [
      1.0,
      1.0,
      1.0,
      1.0,
      1.0
    ],
    "False": [
      2.25,
      2.25,
      2.25,
      2.25,
      1.5
    ],
    "Delay": [
      90.16,
      90.16,
      90.16,
      78.5,
      75.52173913043478
    ]
  },
  "15": {
    "Precision": [
      0.9821428571428571,
      0.9811320754716981,
      0.975609756097561,
      0.95,
      1
    ],
    "Recall": [
      1.0,
      1.0,
      1.0,
      1.0,
      1.0
    ],
    "False": [
      2.25,
      2.25,
      2.25,
      2.25,
      1.5
    ],
    "Delay": [
      90.16,
      90.16,
      90.16,
      78.5,
      75.52173913043478
    ]
  },
  "30": {
    "Precision": [
      0.9821428571428571,
      0.9811320754716981,
      0.975609756097561,
      0.95,
      1
    ],
    "Recall": [
      1.0,
      1.0,
      1.0,
      1.0,
      1.0
    ],
    "False": [
      2.25,
      2.25,
      2.25,
      2.25,
      1.5
    ],
    "Delay": [
      90.16,
      90.16,
      90.16,
      78.5,
      75.52173913043478
    ]
  },
  "40": {
    "Precision": [
      0.9821428571428571,
      0.9811320754716981,
      0.975609756097561,
      0.95,
      1
    ],
    "Recall": [
      1.0,
      1.0,
      1.0,
      1.0,
      1.0
    ],
    "False": [
      2.25,
      2.25,
      2.25,
      2.25,
      1.5
    ],
    "Delay": [
      90.16,
      90.16,
      90.16,
      78.5,
      75.52173913043478
    ]
  },
  "55": {
    "Precision": [
      0.9821428571428571,
      0.9811320754716981,
      0.975609756097561,
      0.95,
      1
    ],
    "Recall": [
      1.0,
      1.0,
      1.0,
      1.0,
      1.0
    ],
    "False": [
      2.25,
      2.25,
      2.25,
      2.25,
      1.5
    ],
    "Delay": [
      90.16,
      90.16,
      90.16,
      78.5,
      75.52173913043478
    ]
  }
}