{
  "5": {
    "Precision": [
      0.8363636363636363,
      0.8476190476190476,
      0.9021739130434783,
      0.8923076923076924,
      0.7083333333333334
    ],
    "Recall": [
      1.0,
      1.0,
      1.0,
      1.0,
      1.0
    ],
    "False": [
      25.4,
      23.0,
      17.4,
      15.2,
      14.4
    ],
    "Delay": [
      64.16666666666667,
      64.16666666666667,
      70.34482758620689,
      73.10344827586206,
      107.25
    ]
  },
  "15": {
    "Precision": [
      0.8363636363636363,
      0.8476190476190476,
      0.9021739130434783,
      0.8923076923076924,
      0.7083333333333334
    ],
    "Recall": [
      1.0,
      1.0,
      1.0,
      1.0,
      1.0
    ],
    "False": [
      25.4,
      23.0,
      17.4,
      15.2,
      14.4
    ],
    "Delay": [
      64.16666666666667,
      64.16666666666667,
      70.34482758620689,
      73.10344827586206,
      107.25
    ]
  },
  "30": {
    "Precision": [
      0.8363636363636363,
      0.8476190476190476,
      0.9021739130434783,
      0.8923076923076924,
      0.7083333333333334
    ],
    "Recall": [
      1.0,
      1.0,
      1.0,
      1.0,
      1.0
    ],
    "False": [
      25.4,
      23.0,
      17.4,
      15.2,
      14.4
    ],
    "Delay": [
      64.16666666666667,
      64.16666666666667,
      70.34482758620689,
      73.10344827586206,
      107.25
    ]
  },
  "40": {
    "Precision": [
      0.8363636363636363,
      0.8476190476190476,
      0.9021739130434783,
      0.8923076923076924,
      0.7083333333333334
    ],
    "Recall": [
      1.0,
      1.0,
      1.0,
      1.0,
      1.0
    ],
    "False": [
      25.4,
      23.0,
      17.4,
      15.2,
      14.4
    ],
    "Delay": [
      64.16666666666667,
      64.16666666666667,
      70.34482758620689,
      73.10344827586206,
      107.25
    ]
  },
  "55": {
    "Precision": [
      0.8363636363636363,
      0.8476190476190476,
      0.9021739130434783,
      0.8923076923076924,
      0.7083333333333334
    ],
    "Recall": [
      1.0,
      1.0,
      1.0,
      1.0,
      1.0
    ],
    "False": [
      25.4,
      23.0,
      17.4,
      15.2,
      14.4
    ],
    "Delay": [
      64.16666666666667,
      64.16666666666667,
      70.34482758620689,
      73.10344827586206,
      107.25
    ]
  }
}