{
  "5": {
    "Precision": [
      1,
      1,
      1,
      1,
      1
    ],
    "Recall": [
      1.0,
      1.0,
      1.0,
      1.0,
      1.0
    ],
    "False": [
      0.0,
      0.0,
      0.0,
      0.0,
      0.0
    ],
    "Delay": [
      111.25,
      114.64,
      114.64,
      117.29166666666667,
      109.76190476190476
    ]
  },
  "15": {
    "Precision": [
      1,
      1,
      1,
      1,
      1
    ],
    "Recall": [
      1.0,
      1.0,
      1.0,
      1.0,
      1.0
    ],
    "False": [
      0.0,
      0.0,
      0.0,
      0.0,
      0.0
    ],
    "Delay": [
      111.25,
      114.64,
      114.64,
      117.29166666666667,
      109.76190476190476
    ]
  },
  "30": {
    "Precision": [
      1,
      1,
      1,
      1,
      1
    ],
    "Recall": [
      1.0,
      1.0,
      1.0,
      1.0,
      1.0
    ],
    "False": [
      0.0,
      0.0,
      0.0,
      0.0,
      0.0
    ],
    "Delay": [
      111.25,
      114.64,
      114.64,
      117.29166666666667,
      109.76190476190476
    ]
  },
  "40": {
    "Precision": [
      1,
      1,
      1,
      1,
      1
    ],
    "Recall": [
      1.0,
      1.0,
      1.0,
      1.0,
      1.0
    ],
    "False": [
      0.0,
      0.0,
      0.0,
      0.0,
      0.0
    ],
    "Delay": [
      111.25,
      114.64,
      114.64,
      117.29166666666667,
      109.76190476190476
    ]
  },
  "55": {
    "Precision": [
      1,
      1,
      1,
      1,
      1
    ],
    "Recall": [
      1.0,
      1.0,
      1.0,
      1.0,
      1.0
    ],
    "False": [
      0.0,
      0.0,
      0.0,
      0.0,
      0.0
    ],
    "Delay": [
      111.25,
      114.64,
      114.64,
      117.29166666666667,
      109.76190476190476
    ]
  }
}