{
  "5": {
    "Precision": [
      0.9649122807017544,
      0.9629629629629629,
      0.9523809523809523,
      0.9047619047619048,
      1
    ],
    "Recall": [
      1.0,
      1.0,
      1.0,
      1.0,
      1.0
    ],
    "False": [
      14.75,
      11.75,
      11.75,
      11.25,
      9.75
    ],
    "Delay": [
      140.05714285714285,
      75.0,
      75.0,
      75.0,
      32.5
    ]
  },
  "15": {
    "Precision": [
      0.9649122807017544,
      0.9629629629629629,
      0.9523809523809523,
      0.9047619047619048,
      1
    ],
    "Recall": [
      1.0,
      1.0,
      1.0,
      1.0,
      1.0
    ],
    "False": [
      14.75,
      11.75,
      11.75,
      11.25,
      9.75
    ],
    "Delay": [
      140.05714285714285,
      75.0,
      75.0,
      75.0,
      32.5
    ]
  },
  "30": {
    "Precision": [
      0.9649122807017544,
      0.9629629629629629,
      0.9523809523809523,
      0.9047619047619048,
      1
    ],
    "Recall": [
      1.0,
      1.0,
      1.0,
      1.0,
      1.0
    ],
    "False": [
      14.75,
      11.75,
      11.75,
      11.25,
      9.75
    ],
    "Delay": [
      140.05714285714285,
      75.0,
      75.0,
      75.0,
      32.5
    ]
  },
  "40": {
    "Precision": [
      0.9649122807017544,
      0.9629629629629629,
      0.9523809523809523,
      0.9047619047619048,
      1
    ],
    "Recall": [
      1.0,
      1.0,
      1.0,
      1.0,
      1.0
    ],
    "False": [
      14.75,
      11.75,
      11.75,
      11.25,
      9.75
    ],
    "Delay": [
      140.05714285714285,
      75.0,
      75.0,
      75.0,
      32.5
    ]
  },
  "55": {
    "Precision": [
      0.9649122807017544,
      0.9629629629629629,
      0.9523809523809523,
      0.9047619047619048,
      1
    ],
    "Recall": [
      1.0,
      1.0,
      1.0,
      1.0,
      1.0
    ],
    "False": [
      14.75,
      11.75,
      11.75,
      11.25,
      9.75
    ],
    "Delay": [
      140.05714285714285,
      75.0,
      75.0,
      75.0,
      32.5
    ]
  }
}