{
  "5": {
    "Precision": [
      0.7241379310344828,
      0.75,
      0.9354838709677419,
      0.96,
      0.9166666666666666
    ],
    "Recall": [
      1.0,
      1.0,
      1.0,
      1.0,
      1.0
    ],
    "False": [
      33.083333333333336,
      21.666666666666668,
      10.5,
      6.5,
      4.583333333333333
    ],
    "Delay": [
      98.40677966101696,
      116.75555555555556,
      140.2,
      180.16666666666666,
      184.88888888888889
    ]
  },
  "15": {
    "Precision": [
      0.7241379310344828,
      0.75,
      0.9354838709677419,
      0.96,
      0.9166666666666666
    ],
    "Recall": [
      1.0,
      1.0,
      1.0,
      1.0,
      1.0
    ],
    "False": [
      33.083333333333336,
      21.666666666666668,
      10.5,
      6.5,
      4.583333333333333
    ],
    "Delay": [
      98.40677966101696,
      116.75555555555556,
      140.2,
      180.16666666666666,
      184.88888888888889
    ]
  },
  "30": {
    "Precision": [
      0.7241379310344828,
      0.75,
      0.9354838709677419,
      0.96,
      0.9166666666666666
    ],
    "Recall": [
      1.0,
      1.0,
      1.0,
      1.0,
      1.0
    ],
    "False": [
      33.083333333333336,
      21.666666666666668,
      10.5,
      6.5,
      4.583333333333333
    ],
    "Delay": [
      98.40677966101696,
      116.75555555555556,
      140.2,
      180.16666666666666,
      184.88888888888889
    ]
  },
  "40": {
    "Precision": [
      0.7241379310344828,
      0.75,
      0.9354838709677419,
      0.96,
      0.9166666666666666
    ],
    "Recall": [
      1.0,
      1.0,
      1.0,
      1.0,
      1.0
    ],
    "False": [
      33.083333333333336,
      21.666666666666668,
      10.5,
      6.5,
      4.583333333333333
    ],
    "Delay": [
      98.40677966101696,
      116.75555555555556,
      140.2,
      180.16666666666666,
      184.88888888888889
    ]
  },
  "55": {
    "Precision": [
      0.7241379310344828,
      0.75,
      0.9354838709677419,
      0.96,
      0.9166666666666666
    ],
    "Recall": [
      1.0,
      1.0,
      1.0,
      1.0,
      1.0
    ],
    "False": [
      33.083333333333336,
      21.666666666666668,
      10.5,
      6.5,
      4.583333333333333
    ],
    "Delay": [
      98.40677966101696,
      116.75555555555556,
      140.2,
      180.16666666666666,
      184.88888888888889
    ]
  }
}