{
  "1": {
    "Precision": [
      0.7845528455284553,
      0.7705627705627706,
      0.7401960784313726,
      0.7119565217391305,
      0.6728395061728395
    ],
    "Recall": [
      1,
      1,
      1,
      1,
      1
    ],
    "False": [
      90.22857142857143,
      90.22857142857143,
      86.46415335605705,
      86.46415335605705,
      82.77302769548457
    ],
    "Delay": [
      11.142857142857142,
      21.142857142857142,
      36.42857142857143,
      46.285714285714285,
      61.57142857142857
    ]
  },
  "2": {
    "Precision": [
      0.7845528455284553,
      0.7705627705627706,
      0.7401960784313726,
      0.7119565217391305,
      0.6728395061728395
    ],
    "Recall": [
      1,
      1,
      1,
      1,
      1
    ],
    "False": [
      90.22857142857143,
      90.22857142857143,
      86.46415335605705,
      86.46415335605705,
      82.77302769548457
    ],
    "Delay": [
      11.142857142857142,
      21.142857142857142,
      36.42857142857143,
      46.285714285714285,
      61.57142857142857
    ]
  },
  "3": {
    "Precision": [
      0.7845528455284553,
      0.7705627705627706,
      0.7401960784313726,
      0.7119565217391305,
      0.6728395061728395
    ],
    "Recall": [
      1,
      1,
      1,
      1,
      1
    ],
    "False": [
      90.22857142857143,
      90.22857142857143,
      86.46415335605705,
      86.46415335605705,
      82.77302769548457
    ],
    "Delay": [
      11.142857142857142,
      21.142857142857142,
      36.42857142857143,
      46.285714285714285,
      61.57142857142857
    ]
  },
  "4": {
    "Precision": [
      0.7845528455284553,
      0.7705627705627706,
      0.7401960784313726,
      0.7119565217391305,
      0.6728395061728395
    ],
    "Recall": [
      1,
      1,
      1,
      1,
      1
    ],
    "False": [
      90.22857142857143,
      90.22857142857143,
      86.46415335605705,
      86.46415335605705,
      82.77302769548457
    ],
    "Delay": [
      11.142857142857142,
      21.142857142857142,
      36.42857142857143,
      46.285714285714285,
      61.57142857142857
    ]
  },
  "5": {
    "Precision": [
      0.7845528455284553,
      0.7705627705627706,
      0.7401960784313726,
      0.7119565217391305,
      0.6728395061728395
    ],
    "Recall": [
      1,
      1,
      1,
      1,
      1
    ],
    "False": [
      90.22857142857143,
      90.22857142857143,
      86.46415335605705,
      86.46415335605705,
      82.77302769548457
    ],
    "Delay": [
      11.142857142857142,
      21.142857142857142,
      36.42857142857143,
      46.285714285714285,
      61.57142857142857
    ]
  }
}