{
  "1": {
    "Precision": [
      0.7674418604651163,
      0.75,
      0.696969696969697,
      0.6078431372549019,
      0.5652173913043478
    ],
    "Recall": [
      1,
      1,
      1,
      1,
      1
    ],
    "False": [
      70.58333333333333,
      70.58333333333333,
      62.01206588063538,
      62.01206588063538,
      51.09026704077045
    ],
    "Delay": [
      23.333333333333332,
      32.916666666666664,
      49.833333333333336,
      60.0,
      75.0
    ]
  },
  "2": {
    "Precision": [
      0.7674418604651163,
      0.75,
      0.696969696969697,
      0.6078431372549019,
      0.5652173913043478
    ],
    "Recall": [
      1,
      1,
      1,
      1,
      1
    ],
    "False": [
      70.58333333333333,
      70.58333333333333,
      62.01206588063538,
      62.01206588063538,
      51.09026704077045
    ],
    "Delay": [
      23.333333333333332,
      32.916666666666664,
      49.833333333333336,
      60.0,
      75.0
    ]
  },
  "3": {
    "Precision": [
      0.7674418604651163,
      0.75,
      0.696969696969697,
      0.6078431372549019,
      0.5652173913043478
    ],
    "Recall": [
      1,
      1,
      1,
      1,
      1
    ],
    "False": [
      70.58333333333333,
      70.58333333333333,
      62.01206588063538,
      62.01206588063538,
      51.09026704077045
    ],
    "Delay": [
      23.333333333333332,
      32.916666666666664,
      49.833333333333336,
      60.0,
      75.0
    ]
  },
  "4": {
    "Precision": [
      0.7674418604651163,
      0.75,
      0.696969696969697,
      0.6078431372549019,
      0.5652173913043478
    ],
    "Recall": [
      1,
      1,
      1,
      1,
      1
    ],
    "False": [
      70.58333333333333,
      70.58333333333333,
      62.01206588063538,
      62.01206588063538,
      51.09026704077045
    ],
    "Delay": [
      23.333333333333332,
      32.916666666666664,
      49.833333333333336,
      60.0,
      75.0
    ]
  },
  "5": {
    "Precision": [
      0.7674418604651163,
      0.75,
      0.696969696969697,
      0.6078431372549019,
      0.5652173913043478
    ],
    "Recall": [
      1,
      1,
      1,
      1,
      1
    ],
    "False": [
      70.58333333333333,
      70.58333333333333,
      62.01206588063538,
      62.01206588063538,
      51.09026704077045
    ],
    "Delay": [
      23.333333333333332,
      32.916666666666664,
      49.833333333333336,
      60.0,
      75.0
    ]
  }
}