{
  "1": {
    "Precision": [
      0.6220472440944882,
      0.640625,
      0.6363636363636364,
      0.625,
      0.6
    ],
    "Recall": [
      1,
      1,
      1,
      1,
      1
    ],
    "False": [
      137.1,
      137.1,
      67.20538259573775,
      67.20538259573775,
      39.4657585918568
    ],
    "Delay": [
      31.75,
      35.8125,
      48.416666666666664,
      55.808510638297875,
      66.12765957446808
    ]
  },
  "2": {
    "Precision": [
      0.6220472440944882,
      0.640625,
      0.6363636363636364,
      0.625,
      0.6
    ],
    "Recall": [
      1,
      1,
      1,
      1,
      1
    ],
    "False": [
      137.1,
      137.1,
      67.20538259573775,
      67.20538259573775,
      39.4657585918568
    ],
    "Delay": [
      31.75,
      35.8125,
      48.416666666666664,
      55.808510638297875,
      66.12765957446808
    ]
  },
  "3": {
    "Precision": [
      0.6220472440944882,
      0.640625,
      0.6363636363636364,
      0.625,
      0.6
    ],
    "Recall": [
      1,
      1,
      1,
      1,
      1
    ],
    "False": [
      137.1,
      137.1,
      67.20538259573775,
      67.20538259573775,
      39.4657585918568
    ],
    "Delay": [
      31.75,
      35.8125,
      48.416666666666664,
      55.808510638297875,
      66.12765957446808
    ]
  },
  "4": {
    "Precision": [
      0.6220472440944882,
      0.640625,
      0.6363636363636364,
      0.625,
      0.6
    ],
    "Recall": [
      1,
      1,
      1,
      1,
      1
    ],
    "False": [
      137.1,
      137.1,
      67.20538259573775,
      67.20538259573775,
      39.4657585918568
    ],
    "Delay": [
      31.75,
      35.8125,
      48.416666666666664,
      55.808510638297875,
      66.12765957446808
    ]
  },
  "5": {
    "Precision": [
      0.6220472440944882,
      0.640625,
      0.6363636363636364,
      0.625,
      0.6
    ],
    "Recall": [
      1,
      1,
      1,
      1,
      1
    ],
    "False": [
      137.1,
      137.1,
      67.20538259573775,
      67.20538259573775,
      39.4657585918568
    ],
    "Delay": [
      31.75,
      35.8125,
      48.416666666666664,
      55.808510638297875,
      66.12765957446808
    ]
  }
}