{
  "1": {
    "Precision": [
      0.7713178294573644,
      0.756198347107438,
      0.7293577981651376,
      0.7079207920792079,
      0.6703910614525139
    ],
    "Recall": [
      1,
      1,
      1,
      1,
      1
    ],
    "False": [
      77.36,
      77.36,
      75.09144539084527,
      75.09144539084527,
      72.99279874999337
    ],
    "Delay": [
      12.6,
      22.6,
      37.6,
      48.0,
      62.8
    ]
  },
  "2": {
    "Precision": [
      0.7713178294573644,
      0.756198347107438,
      0.7293577981651376,
      0.7079207920792079,
      0.6703910614525139
    ],
    "Recall": [
      1,
      1,
      1,
      1,
      1
    ],
    "False": [
      77.36,
      77.36,
      75.09144539084527,
      75.09144539084527,
      72.99279874999337
    ],
    "Delay": [
      12.6,
      22.6,
      37.6,
      48.0,
      62.8
    ]
  },
  "3": {
    "Precision": [
      0.7713178294573644,
      0.756198347107438,
      0.7293577981651376,
      0.7079207920792079,
      0.6703910614525139
    ],
    "Recall": [
      1,
      1,
      1,
      1,
      1
    ],
    "False": [
      77.36,
      77.36,
      75.09144539084527,
      75.09144539084527,
      72.99279874999337
    ],
    "Delay": [
      12.6,
      22.6,
      37.6,
      48.0,
      62.8
    ]
  },
  "4": {
    "Precision": [
      0.7713178294573644,
      0.756198347107438,
      0.7293577981651376,
      0.7079207920792079,
      0.6703910614525139
    ],
    "Recall": [
      1,
      1,
      1,
      1,
      1
    ],
    "False": [
      77.36,
      77.36,
      75.09144539084527,
      75.09144539084527,
      72.99279874999337
    ],
    "Delay": [
      12.6,
      22.6,
      37.6,
      48.0,
      62.8
    ]
  },
  "5": {
    "Precision": [
      0.7713178294573644,
      0.756198347107438,
      0.7293577981651376,
      0.7079207920792079,
      0.6703910614525139
    ],
    "Recall": [
      1,
      1,
      1,
      1,
      1
    ],
    "False": [
      77.36,
      77.36,
      75.09144539084527,
      75.09144539084527,
      72.99279874999337
    ],
    "Delay": [
      12.6,
      22.6,
      37.6,
      48.0,
      62.8
    ]
  }
}