{
  "1": {
    "Precision": [
      1,
      0.6896551724137931,
      0.6785714285714286,
      0.5909090909090909,
      1
    ],
    "Recall": [
      1,
      1,
      1,
      1,
      1
    ],
    "False": [
      3.45,
      3.45,
      0.0,
      0.0,
      2.558611777736755
    ],
    "Delay": [
      82.28571428571429,
      99.625,
      111.125,
      115.28571428571429,
      139.5
    ]
  },
  "2": {
    "Precision": [
      1,
      0.6896551724137931,
      0.6785714285714286,
      0.5909090909090909,
      1
    ],
    "Recall": [
      1,
      1,
      1,
      1,
      1
    ],
    "False": [
      3.45,
      3.45,
      0.0,
      0.0,
      2.558611777736755
    ],
    "Delay": [
      82.28571428571429,
      99.625,
      111.125,
      115.28571428571429,
      139.5
    ]
  },
  "3": {
    "Precision": [
      1,
      0.6896551724137931,
      0.6785714285714286,
      0.5909090909090909,
      1
    ],
    "Recall": [
      1,
      1,
      1,
      1,
      1
    ],
    "False": [
      3.45,
      3.45,
      0.0,
      0.0,
      2.558611777736755
    ],
    "Delay": [
      82.28571428571429,
      99.625,
      111.125,
      115.28571428571429,
      139.5
    ]
  },
  "4": {
    "Precision": [
      1,
      0.6896551724137931,
      0.6785714285714286,
      0.5909090909090909,
      1
    ],
    "Recall": [
      1,
      1,
      1,
      1,
      1
    ],
    "False": [
      3.45,
      3.45,
      0.0,
      0.0,
      2.558611777736755
    ],
    "Delay": [
      82.28571428571429,
      99.625,
      111.125,
      115.28571428571429,
      139.5
    ]
  },
  "5": {
    "Precision": [
      1,
      0.6896551724137931,
      0.6785714285714286,
      0.5909090909090909,
      1
    ],
    "Recall": [
      1,
      1,
      1,
      1,
      1
    ],
    "False": [
      3.45,
      3.45,
      0.0,
      0.0,
      2.558611777736755
    ],
    "Delay": [
      82.28571428571429,
      99.625,
      111.125,
      115.28571428571429,
      139.5
    ]
  }
}