{
  "1": {
    "Precision": [
      0.8212290502793296,
      0.7746478873239436,
      0.782608695652174,
      0.7264957264957265,
      0.6893203883495146
    ],
    "Recall": [
      1,
      1,
      1,
      1,
      1
    ],
    "False": [
      33.51428571428571,
      33.51428571428571,
      33.10698394862799,
      33.10698394862799,
      32.722834792413046
    ],
    "Delay": [
      9.142857142857142,
      29.666666666666668,
      32.42857142857143,
      54.142857142857146,
      58.0
    ]
  },
  "2": {
    "Precision": [
      0.8212290502793296,
      0.7746478873239436,
      0.782608695652174,
      0.7264957264957265,
      0.6893203883495146
    ],
    "Recall": [
      1,
      1,
      1,
      1,
      1
    ],
    "False": [
      33.51428571428571,
      33.51428571428571,
      33.10698394862799,
      33.10698394862799,
      32.722834792413046
    ],
    "Delay": [
      9.142857142857142,
      29.666666666666668,
      32.42857142857143,
      54.142857142857146,
      58.0
    ]
  },
  "3": {
    "Precision": [
      0.8212290502793296,
      0.7746478873239436,
      0.782608695652174,
      0.7264957264957265,
      0.6893203883495146
    ],
    "Recall": [
      1,
      1,
      1,
      1,
      1
    ],
    "False": [
      33.51428571428571,
      33.51428571428571,
      33.10698394862799,
      33.10698394862799,
      32.722834792413046
    ],
    "Delay": [
      9.142857142857142,
      29.666666666666668,
      32.42857142857143,
      54.142857142857146,
      58.0
    ]
  },
  "4": {
    "Precision": [
      0.8212290502793296,
      0.7746478873239436,
      0.782608695652174,
      0.7264957264957265,
      0.6893203883495146
    ],
    "Recall": [
      1,
      1,
      1,
      1,
      1
    ],
    "False": [
      33.51428571428571,
      33.51428571428571,
      33.10698394862799,
      33.10698394862799,
      32.722834792413046
    ],
    "Delay": [
      9.142857142857142,
      29.666666666666668,
      32.42857142857143,
      54.142857142857146,
      58.0
    ]
  },
  "5": {
    "Precision": [
      0.8212290502793296,
      0.7746478873239436,
      0.782608695652174,
      0.7264957264957265,
      0.6893203883495146
    ],
    "Recall": [
      1,
      1,
      1,
      1,
      1
    ],
    "False": [
      33.51428571428571,
      33.51428571428571,
      33.10698394862799,
      33.10698394862799,
      32.722834792413046
    ],
    "Delay": [
      9.142857142857142,
      29.666666666666668,
      32.42857142857143,
      54.142857142857146,
      58.0
    ]
  }
}