{
  "1": {
    "Precision": [
      0.7575757575757576,
      0.6804123711340206,
      0.7142857142857143,
      0.6196319018404908,
      0.5571428571428572
    ],
    "Recall": [
      1,
      1,
      1,
      1,
      1
    ],
    "False": [
      45.833333333333336,
      45.833333333333336,
      43.753328411203775,
      43.753328411203775,
      41.53523867388193
    ],
    "Delay": [
      13.583333333333334,
      37.583333333333336,
      39.5,
      49.666666666666664,
      66.0
    ]
  },
  "2": {
    "Precision": [
      0.7575757575757576,
      0.6804123711340206,
      0.7142857142857143,
      0.6196319018404908,
      0.5571428571428572
    ],
    "Recall": [
      1,
      1,
      1,
      1,
      1
    ],
    "False": [
      45.833333333333336,
      45.833333333333336,
      43.753328411203775,
      43.753328411203775,
      41.53523867388193
    ],
    "Delay": [
      13.583333333333334,
      37.583333333333336,
      39.5,
      49.666666666666664,
      66.0
    ]
  },
  "3": {
    "Precision": [
      0.7575757575757576,
      0.6804123711340206,
      0.7142857142857143,
      0.6196319018404908,
      0.5571428571428572
    ],
    "Recall": [
      1,
      1,
      1,
      1,
      1
    ],
    "False": [
      45.833333333333336,
      45.833333333333336,
      43.753328411203775,
      43.753328411203775,
      41.53523867388193
    ],
    "Delay": [
      13.583333333333334,
      37.583333333333336,
      39.5,
      49.666666666666664,
      66.0
    ]
  },
  "4": {
    "Precision": [
      0.7575757575757576,
      0.6804123711340206,
      0.7142857142857143,
      0.6196319018404908,
      0.5571428571428572
    ],
    "Recall": [
      1,
      1,
      1,
      1,
      1
    ],
    "False": [
      45.833333333333336,
      45.833333333333336,
      43.753328411203775,
      43.753328411203775,
      41.53523867388193
    ],
    "Delay": [
      13.583333333333334,
      37.583333333333336,
      39.5,
      49.666666666666664,
      66.0
    ]
  },
  "5": {
    "Precision": [
      0.7575757575757576,
      0.6804123711340206,
      0.7142857142857143,
      0.6196319018404908,
      0.5571428571428572
    ],
    "Recall": [
      1,
      1,
      1,
      1,
      1
    ],
    "False": [
      45.833333333333336,
      45.833333333333336,
      43.753328411203775,
      43.753328411203775,
      41.53523867388193
    ],
    "Delay": [
      13.583333333333334,
      37.583333333333336,
      39.5,
      49.666666666666664,
      66.0
    ]
  }
}