{
  "1": {
    "Precision": [
      0.8,
      0.7804878048780488,
      0.7631578947368421,
      0.7372262773722628,
      0.7
    ],
    "Recall": [
      1,
      1,
      1,
      1,
      1
    ],
    "False": [
      36.92,
      36.92,
      36.66223942284165,
      36.66223942284165,
      36.41149473103257
    ],
    "Delay": [
      12.2,
      36.6,
      34.2,
      51.19047619047619,
      59.4
    ]
  },
  "2": {
    "Precision": [
      0.8,
      0.7804878048780488,
      0.7631578947368421,
      0.7372262773722628,
      0.7
    ],
    "Recall": [
      1,
      1,
      1,
      1,
      1
    ],
    "False": [
      36.92,
      36.92,
      36.66223942284165,
      36.66223942284165,
      36.41149473103257
    ],
    "Delay": [
      12.2,
      36.6,
      34.2,
      51.19047619047619,
      59.4
    ]
  },
  "3": {
    "Precision": [
      0.8,
      0.7804878048780488,
      0.7631578947368421,
      0.7372262773722628,
      0.7
    ],
    "Recall": [
      1,
      1,
      1,
      1,
      1
    ],
    "False": [
      36.92,
      36.92,
      36.66223942284165,
      36.66223942284165,
      36.41149473103257
    ],
    "Delay": [
      12.2,
      36.6,
      34.2,
      51.19047619047619,
      59.4
    ]
  },
  "4": {
    "Precision": [
      0.8,
      0.7804878048780488,
      0.7631578947368421,
      0.7372262773722628,
      0.7
    ],
    "Recall": [
      1,
      1,
      1,
      1,
      1
    ],
    "False": [
      36.92,
      36.92,
      36.66223942284165,
      36.66223942284165,
      36.41149473103257
    ],
    "Delay": [
      12.2,
      36.6,
      34.2,
      51.19047619047619,
      59.4
    ]
  },
  "5": {
    "Precision": [
      0.8,
      0.7804878048780488,
      0.7631578947368421,
      0.7372262773722628,
      0.7
    ],
    "Recall": [
      1,
      1,
      1,
      1,
      1
    ],
    "False": [
      36.92,
      36.92,
      36.66223942284165,
      36.66223942284165,
      36.41149473103257
    ],
    "Delay": [
      12.2,
      36.6,
      34.2,
      51.19047619047619,
      59.4
    ]
  }
}