{
  "1": {
    "Precision": [
      0.7404580152671756,
      0.6766467065868264,
      0.6936936936936937,
      0.6208791208791209,
      0.569620253164557
    ],
    "Recall": [
      1,
      1,
      1,
      1,
      1
    ],
    "False": [
      50.6,
      50.6,
      48.2696768410867,
      48.2696768410867,
      46.07112048539462
    ],
    "Delay": [
      13.666666666666666,
      37.14545454545455,
      39.333333333333336,
      51.03389830508475,
      65.41666666666667
    ]
  },
  "2": {
    "Precision": [
      0.7404580152671756,
      0.6766467065868264,
      0.6936936936936937,
      0.6208791208791209,
      0.569620253164557
    ],
    "Recall": [
      1,
      1,
      1,
      1,
      1
    ],
    "False": [
      50.6,
      50.6,
      48.2696768410867,
      48.2696768410867,
      46.07112048539462
    ],
    "Delay": [
      13.666666666666666,
      37.14545454545455,
      39.333333333333336,
      51.03389830508475,
      65.41666666666667
    ]
  },
  "3": {
    "Precision": [
      0.7404580152671756,
      0.6766467065868264,
      0.6936936936936937,
      0.6208791208791209,
      0.569620253164557
    ],
    "Recall": [
      1,
      1,
      1,
      1,
      1
    ],
    "False": [
      50.6,
      50.6,
      48.2696768410867,
      48.2696768410867,
      46.07112048539462
    ],
    "Delay": [
      13.666666666666666,
      37.14545454545455,
      39.333333333333336,
      51.03389830508475,
      65.41666666666667
    ]
  },
  "4": {
    "Precision": [
      0.7404580152671756,
      0.6766467065868264,
      0.6936936936936937,
      0.6208791208791209,
      0.569620253164557
    ],
    "Recall": [
      1,
      1,
      1,
      1,
      1
    ],
    "False": [
      50.6,
      50.6,
      48.2696768410867,
      48.2696768410867,
      46.07112048539462
    ],
    "Delay": [
      13.666666666666666,
      37.14545454545455,
      39.333333333333336,
      51.03389830508475,
      65.41666666666667
    ]
  },
  "5": {
    "Precision": [
      0.7404580152671756,
      0.6766467065868264,
      0.6936936936936937,
      0.6208791208791209,
      0.569620253164557
    ],
    "Recall": [
      1,
      1,
      1,
      1,
      1
    ],
    "False": [
      50.6,
      50.6,
      48.2696768410867,
      48.2696768410867,
      46.07112048539462
    ],
    "Delay": [
      13.666666666666666,
      37.14545454545455,
      39.333333333333336,
      51.03389830508475,
      65.41666666666667
    ]
  }
}