{
  "1": {
    "Precision": [
      0.6187050359712231,
      0.5655737704918032,
      0.6403508771929824,
      0.5583333333333333,
      0.5891472868217055
    ],
    "Recall": [
      1,
      1,
      1,
      1,
      1
    ],
    "False": [
      48.15,
      48.15,
      47.5883470081828,
      47.5883470081828,
      47.02476887829361
    ],
    "Delay": [
      19.25,
      75.0,
      43.25,
      64.0,
      70.25
    ]
  },
  "2": {
    "Precision": [
      0.6187050359712231,
      0.5655737704918032,
      0.6403508771929824,
      0.5583333333333333,
      0.5891472868217055
    ],
    "Recall": [
      1,
      1,
      1,
      1,
      1
    ],
    "False": [
      48.15,
      48.15,
      47.5883470081828,
      47.5883470081828,
      47.02476887829361
    ],
    "Delay": [
      19.25,
      75.0,
      43.25,
      64.0,
      70.25
    ]
  },
  "3": {
    "Precision": [
      0.6187050359712231,
      0.5655737704918032,
      0.6403508771929824,
      0.5583333333333333,
      0.5891472868217055
    ],
    "Recall": [
      1,
      1,
      1,
      1,
      1
    ],
    "False": [
      48.15,
      48.15,
      47.5883470081828,
      47.5883470081828,
      47.02476887829361
    ],
    "Delay": [
      19.25,
      75.0,
      43.25,
      64.0,
      70.25
    ]
  },
  "4": {
    "Precision": [
      0.6187050359712231,
      0.5655737704918032,
      0.6403508771929824,
      0.5583333333333333,
      0.5891472868217055
    ],
    "Recall": [
      1,
      1,
      1,
      1,
      1
    ],
    "False": [
      48.15,
      48.15,
      47.5883470081828,
      47.5883470081828,
      47.02476887829361
    ],
    "Delay": [
      19.25,
      75.0,
      43.25,
      64.0,
      70.25
    ]
  },
  "5": {
    "Precision": [
      0.6187050359712231,
      0.5655737704918032,
      0.6403508771929824,
      0.5583333333333333,
      0.5891472868217055
    ],
    "Recall": [
      1,
      1,
      1,
      1,
      1
    ],
    "False": [
      48.15,
      48.15,
      47.5883470081828,
      47.5883470081828,
      47.02476887829361
    ],
    "Delay": [
      19.25,
      75.0,
      43.25,
      64.0,
      70.25
    ]
  }
}