{
  "5": {
    "Precision": [
      0.8131313131313131,
      0.8268156424581006,
      0.8170731707317073,
      0.8040540540540541,
      0.8031496062992126
    ],
    "Recall": [
      1,
      1,
      1,
      1,
      1
    ],
    "False": [
      40.42857142857143,
      33.142857142857146,
      31.571428571428573,
      29.714285714285715,
      26.285714285714285
    ],
    "Delay": [
      35.88095238095238,
      39.51190476190476,
      42.25,
      44.69047619047619,
      48.916666666666664
    ]
  },
  "15": {
    "Precision": [
      0.8131313131313131,
      0.8268156424581006,
      0.8170731707317073,
      0.8040540540540541,
      0.8031496062992126
    ],
    "Recall": [
      1,
      1,
      1,
      1,
      1
    ],
    "False": [
      40.42857142857143,
      33.142857142857146,
      31.571428571428573,
      29.714285714285715,
      26.285714285714285
    ],
    "Delay": [
      35.88095238095238,
      39.51190476190476,
      42.25,
      44.69047619047619,
      48.916666666666664
    ]
  },
  "30": {
    "Precision": [
      0.8131313131313131,
      0.8268156424581006,
      0.8170731707317073,
      0.8040540540540541,
      0.8031496062992126
    ],
    "Recall": [
      1,
      1,
      1,
      1,
      1
    ],
    "False": [
      40.42857142857143,
      33.142857142857146,
      31.571428571428573,
      29.714285714285715,
      26.285714285714285
    ],
    "Delay": [
      35.88095238095238,
      39.51190476190476,
      42.25,
      44.69047619047619,
      48.916666666666664
    ]
  },
  "40": {
    "Precision": [
      0.8131313131313131,
      0.8268156424581006,
      0.8170731707317073,
      0.8040540540540541,
      0.8031496062992126
    ],
    "Recall": [
      1,
      1,
      1,
      1,
      1
    ],
    "False": [
      40.42857142857143,
      33.142857142857146,
      31.571428571428573,
      29.714285714285715,
      26.285714285714285
    ],
    "Delay": [
      35.88095238095238,
      39.51190476190476,
      42.25,
      44.69047619047619,
      48.916666666666664
    ]
  },
  "55": {
    "Precision": [
      0.8131313131313131,
      0.8268156424581006,
      0.8170731707317073,
      0.8040540540540541,
      0.8031496062992126
    ],
    "Recall": [
      1,
      1,
      1,
      1,
      1
    ],
    "False": [
      40.42857142857143,
      33.142857142857146,
      31.571428571428573,
      29.714285714285715,
      26.285714285714285
    ],
    "Delay": [
      35.88095238095238,
      39.51190476190476,
      42.25,
      44.69047619047619,
      48.916666666666664
    ]
  }
}