{
  "5": {
    "Precision": [
      0.8246753246753247,
      0.8188405797101449,
      0.8,
      0.7966101694915254,
      0.8148148148148148
    ],
    "Recall": [
      1,
      1,
      1,
      1,
      1
    ],
    "False": [
      32.4,
      30.2,
      28.6,
      27.2,
      23.0
    ],
    "Delay": [
      35.1,
      37.172413793103445,
      39.8448275862069,
      44.5,
      44.93103448275862
    ]
  },
  "15": {
    "Precision": [
      0.8246753246753247,
      0.8188405797101449,
      0.8,
      0.7966101694915254,
      0.8148148148148148
    ],
    "Recall": [
      1,
      1,
      1,
      1,
      1
    ],
    "False": [
      32.4,
      30.2,
      28.6,
      27.2,
      23.0
    ],
    "Delay": [
      35.1,
      37.172413793103445,
      39.8448275862069,
      44.5,
      44.93103448275862
    ]
  },
  "30": {
    "Precision": [
      0.8246753246753247,
      0.8188405797101449,
      0.8,
      0.7966101694915254,
      0.8148148148148148
    ],
    "Recall": [
      1,
      1,
      1,
      1,
      1
    ],
    "False": [
      32.4,
      30.2,
      28.6,
      27.2,
      23.0
    ],
    "Delay": [
      35.1,
      37.172413793103445,
      39.8448275862069,
      44.5,
      44.93103448275862
    ]
  },
  "40": {
    "Precision": [
      0.8246753246753247,
      0.8188405797101449,
      0.8,
      0.7966101694915254,
      0.8148148148148148
    ],
    "Recall": [
      1,
      1,
      1,
      1,
      1
    ],
    "False": [
      32.4,
      30.2,
      28.6,
      27.2,
      23.0
    ],
    "Delay": [
      35.1,
      37.172413793103445,
      39.8448275862069,
      44.5,
      44.93103448275862
    ]
  },
  "55": {
    "Precision": [
      0.8246753246753247,
      0.8188405797101449,
      0.8,
      0.7966101694915254,
      0.8148148148148148
    ],
    "Recall": [
      1,
      1,
      1,
      1,
      1
    ],
    "False": [
      32.4,
      30.2,
      28.6,
      27.2,
      23.0
    ],
    "Delay": [
      35.1,
      37.172413793103445,
      39.8448275862069,
      44.5,
      44.93103448275862
    ]
  }
}