{
  "5": {
    "Precision": [
      0.726457399103139,
      0.745945945945946,
      0.7396449704142012,
      0.7410071942446043,
      0.7722772277227723
    ],
    "Recall": [
      1,
      1,
      1,
      1,
      1
    ],
    "False": [
      65.08333333333333,
      50.416666666666664,
      46.75,
      38.5,
      24.75
    ],
    "Delay": [
      41.951388888888886,
      43.0625,
      44.520833333333336,
      49.06944444444444,
      49.97080291970803
    ]
  },
  "15": {
    "Precision": [
      0.726457399103139,
      0.745945945945946,
      0.7396449704142012,
      0.7410071942446043,
      0.7722772277227723
    ],
    "Recall": [
      1,
      1,
      1,
      1,
      1
    ],
    "False": [
      65.08333333333333,
      50.416666666666664,
      46.75,
      38.5,
      24.75
    ],
    "Delay": [
      41.951388888888886,
      43.0625,
      44.520833333333336,
      49.06944444444444,
      49.97080291970803
    ]
  },
  "30": {
    "Precision": [
      0.726457399103139,
      0.745945945945946,
      0.7396449704142012,
      0.7410071942446043,
      0.7722772277227723
    ],
    "Recall": [
      1,
      1,
      1,
      1,
      1
    ],
    "False": [
      65.08333333333333,
      50.416666666666664,
      46.75,
      38.5,
      24.75
    ],
    "Delay": [
      41.951388888888886,
      43.0625,
      44.520833333333336,
      49.06944444444444,
      49.97080291970803
    ]
  },
  "40": {
    "Precision": [
      0.726457399103139,
      0.745945945945946,
      0.7396449704142012,
      0.7410071942446043,
      0.7722772277227723
    ],
    "Recall": [
      1,
      1,
      1,
      1,
      1
    ],
    "False": [
      65.08333333333333,
      50.416666666666664,
      46.75,
      38.5,
      24.75
    ],
    "Delay": [
      41.951388888888886,
      43.0625,
      44.520833333333336,
      49.06944444444444,
      49.97080291970803
    ]
  },
  "55": {
    "Precision": [
      0.726457399103139,
      0.745945945945946,
      0.7396449704142012,
      0.7410071942446043,
      0.7722772277227723
    ],
    "Recall": [
      1,
      1,
      1,
      1,
      1
    ],
    "False": [
      65.08333333333333,
      50.416666666666664,
      46.75,
      38.5,
      24.75
    ],
    "Delay": [
      41.951388888888886,
      43.0625,
      44.520833333333336,
      49.06944444444444,
      49.97080291970803
    ]
  }
}