{
  "5": {
    "Precision": [
      0.7109004739336493,
      0.7336956521739131,
      0.717948717948718,
      0.736,
      0.7211538461538461
    ],
    "Recall": [
      1,
      1,
      1,
      1,
      1
    ],
    "False": [
      66.0,
      52.25,
      45.833333333333336,
      35.75,
      30.25
    ],
    "Delay": [
      42.541666666666664,
      43.583333333333336,
      45.95774647887324,
      49.83571428571429,
      52.48872180451128
    ]
  },
  "15": {
    "Precision": [
      0.7109004739336493,
      0.7336956521739131,
      0.717948717948718,
      0.736,
      0.7211538461538461
    ],
    "Recall": [
      1,
      1,
      1,
      1,
      1
    ],
    "False": [
      66.0,
      52.25,
      45.833333333333336,
      35.75,
      30.25
    ],
    "Delay": [
      42.541666666666664,
      43.583333333333336,
      45.95774647887324,
      49.83571428571429,
      52.48872180451128
    ]
  },
  "30": {
    "Precision": [
      0.7109004739336493,
      0.7336956521739131,
      0.717948717948718,
      0.736,
      0.7211538461538461
    ],
    "Recall": [
      1,
      1,
      1,
      1,
      1
    ],
    "False": [
      66.0,
      52.25,
      45.833333333333336,
      35.75,
      30.25
    ],
    "Delay": [
      42.541666666666664,
      43.583333333333336,
      45.95774647887324,
      49.83571428571429,
      52.48872180451128
    ]
  },
  "40": {
    "Precision": [
      0.7109004739336493,
      0.7336956521739131,
      0.717948717948718,
      0.736,
      0.7211538461538461
    ],
    "Recall": [
      1,
      1,
      1,
      1,
      1
    ],
    "False": [
      66.0,
      52.25,
      45.833333333333336,
      35.75,
      30.25
    ],
    "Delay": [
      42.541666666666664,
      43.583333333333336,
      45.95774647887324,
      49.83571428571429,
      52.48872180451128
    ]
  },
  "55": {
    "Precision": [
      0.7109004739336493,
      0.7336956521739131,
      0.717948717948718,
      0.736,
      0.7211538461538461
    ],
    "Recall": [
      1,
      1,
      1,
      1,
      1
    ],
    "False": [
      66.0,
      52.25,
      45.833333333333336,
      35.75,
      30.25
    ],
    "Delay": [
      42.541666666666664,
      43.583333333333336,
      45.95774647887324,
      49.83571428571429,
      52.48872180451128
    ]
  }
}