{
  "5": {
    "Precision": [
      0.6692913385826772,
      0.6637931034482759,
      0.6576576576576577,
      0.6574074074074074,
      0.6813186813186813
    ],
    "Recall": [
      1,
      1,
      1,
      1,
      1
    ],
    "False": [
      50.25,
      46.5,
      44.25,
      42.75,
      33.75
    ],
    "Delay": [
      46.854166666666664,
      58.104166666666664,
      64.97916666666667,
      71.95744680851064,
      82.93478260869566
    ]
  },
  "15": {
    "Precision": [
      0.6692913385826772,
      0.6637931034482759,
      0.6576576576576577,
      0.6574074074074074,
      0.6813186813186813
    ],
    "Recall": [
      1,
      1,
      1,
      1,
      1
    ],
    "False": [
      50.25,
      46.5,
      44.25,
      42.75,
      33.75
    ],
    "Delay": [
      46.854166666666664,
      58.104166666666664,
      64.97916666666667,
      71.95744680851064,
      82.93478260869566
    ]
  },
  "30": {
    "Precision": [
      0.6692913385826772,
      0.6637931034482759,
      0.6576576576576577,
      0.6574074074074074,
      0.6813186813186813
    ],
    "Recall": [
      1,
      1,
      1,
      1,
      1
    ],
    "False": [
      50.25,
      46.5,
      44.25,
      42.75,
      33.75
    ],
    "Delay": [
      46.854166666666664,
      58.104166666666664,
      64.97916666666667,
      71.95744680851064,
      82.93478260869566
    ]
  },
  "40": {
    "Precision": [
      0.6692913385826772,
      0.6637931034482759,
      0.6576576576576577,
      0.6574074074074074,
      0.6813186813186813
    ],
    "Recall": [
      1,
      1,
      1,
      1,
      1
    ],
    "False": [
      50.25,
      46.5,
      44.25,
      42.75,
      33.75
    ],
    "Delay": [
      46.854166666666664,
      58.104166666666664,
      64.97916666666667,
      71.95744680851064,
      82.93478260869566
    ]
  },
  "55": {
    "Precision": [
      0.6692913385826772,
      0.6637931034482759,
      0.6576576576576577,
      0.6574074074074074,
      0.6813186813186813
    ],
    "Recall": [
      1,
      1,
      1,
      1,
      1
    ],
    "False": [
      50.25,
      46.5,
      44.25,
      42.75,
      33.75
    ],
    "Delay": [
      46.854166666666664,
      58.104166666666664,
      64.97916666666667,
      71.95744680851064,
      82.93478260869566
    ]
  }
}