{
  "1": {
    "Precision": [
      0.6766579342999909,
      0.654748238101534,
      0.6434457978175764,
      0.6225127634095663,
      0.5710290917517813
    ],
    "Recall": [
      1.0,
      1.0,
      1.0,
      1.0,
      1.0
    ],
    "False": [
      20.15,
      20.15,
      16.31809866874968,
      16.31809866874968,
      10.13169371662246
    ],
    "Delay": [
      76.76190476190476,
      94.77777777777777,
      125.28571428571429,
      146.75,
      167.3
    ]
  },
  "2": {
    "Precision": [
      0.6766579342999909,
      0.654748238101534,
      0.6434457978175764,
      0.6225127634095663,
      0.5710290917517813
    ],
    "Recall": [
      1.0,
      1.0,
      1.0,
      1.0,
      1.0
    ],
    "False": [
      20.15,
      20.15,
      16.31809866874968,
      16.31809866874968,
      10.13169371662246
    ],
    "Delay": [
      76.76190476190476,
      94.77777777777777,
      125.28571428571429,
      146.75,
      167.3
    ]
  },
  "3": {
    "Precision": [
      0.6766579342999909,
      0.654748238101534,
      0.6434457978175764,
      0.6225127634095663,
      0.5710290917517813
    ],
    "Recall": [
      1.0,
      1.0,
      1.0,
      1.0,
      1.0
    ],
    "False": [
      20.15,
      20.15,
      16.31809866874968,
      16.31809866874968,
      10.13169371662246
    ],
    "Delay": [
      76.76190476190476,
      94.77777777777777,
      125.28571428571429,
      146.75,
      167.3
    ]
  },
  "4": {
    "Precision": [
      0.6766579342999909,
      0.654748238101534,
      0.6434457978175764,
      0.6225127634095663,
      0.5710290917517813
    ],
    "Recall": [
      1.0,
      1.0,
      1.0,
      1.0,
      1.0
    ],
    "False": [
      20.15,
      20.15,
      16.31809866874968,
      16.31809866874968,
      10.13169371662246
    ],
    "Delay": [
      76.76190476190476,
      94.77777777777777,
      125.28571428571429,
      146.75,
      167.3
    ]
  },
  "5": {
    "Precision": [
      0.6766579342999909,
      0.654748238101534,
      0.6434457978175764,
      0.6225127634095663,
      0.5710290917517813
    ],
    "Recall": [
      1.0,
      1.0,
      1.0,
      1.0,
      1.0
    ],
    "False": [
      20.15,
      20.15,
      16.31809866874968,
      16.31809866874968,
      10.13169371662246
    ],
    "Delay": [
      76.76190476190476,
      94.77777777777777,
      125.28571428571429,
      146.75,
      167.3
    ]
  }
}