{
  "1": {
    "Precision": [
      0.9822497772800639,
      0.9794095280937386,
      0.9629598662207357,
      0.9568108974358975,
      0.95
    ],
    "Recall": [
      1.0,
      1.0,
      1.0,
      1.0,
      1.0
    ],
    "False": [
      1.4166666666666667,
      1.4166666666666667,
      0.0,
      0.0,
      1.1836940110719678
    ],
    "Delay": [
      55.36363636363637,
      47.5,
      62.5,
      79.125,
      114.0
    ]
  },
  "2": {
    "Precision": [
      0.9822497772800639,
      0.9794095280937386,
      0.9629598662207357,
      0.9568108974358975,
      0.95
    ],
    "Recall": [
      1.0,
      1.0,
      1.0,
      1.0,
      1.0
    ],
    "False": [
      1.4166666666666667,
      1.4166666666666667,
      0.0,
      0.0,
      1.1836940110719678
    ],
    "Delay": [
      55.36363636363637,
      47.5,
      62.5,
      79.125,
      114.0
    ]
  },
  "3": {
    "Precision": [
      0.9822497772800639,
      0.9794095280937386,
      0.9629598662207357,
      0.9568108974358975,
      0.95
    ],
    "Recall": [
      1.0,
      1.0,
      1.0,
      1.0,
      1.0
    ],
    "False": [
      1.4166666666666667,
      1.4166666666666667,
      0.0,
      0.0,
      1.1836940110719678
    ],
    "Delay": [
      55.36363636363637,
      47.5,
      62.5,
      79.125,
      114.0
    ]
  },
  "4": {
    "Precision": [
      0.9822497772800639,
      0.9794095280937386,
      0.9629598662207357,
      0.9568108974358975,
      0.95
    ],
    "Recall": [
      1.0,
      1.0,
      1.0,
      1.0,
      1.0
    ],
    "False": [
      1.4166666666666667,
      1.4166666666666667,
      0.0,
      0.0,
      1.1836940110719678
    ],
    "Delay": [
      55.36363636363637,
      47.5,
      62.5,
      79.125,
      114.0
    ]
  },
  "5": {
    "Precision": [
      0.9822497772800639,
      0.9794095280937386,
      0.9629598662207357,
      0.9568108974358975,
      0.95
    ],
    "Recall": [
      1.0,
      1.0,
      1.0,
      1.0,
      1.0
    ],
    "False": [
      1.4166666666666667,
      1.4166666666666667,
      0.0,
      0.0,
      1.1836940110719678
    ],
    "Delay": [
      55.36363636363637,
      47.5,
      62.5,
      79.125,
      114.0
    ]
  }
}