{
  "1": {
    "Precision": [
      0.8198503350310642,
      0.8107037878671643,
      0.7782220801929652,
      0.7136941278034907,
      0.6731703052262271
    ],
    "Recall": [
      1.0,
      1.0,
      1.0,
      1.0,
      1.0
    ],
    "False": [
      20.2,
      20.2,
      0.0,
      0.0,
      23.72744268516635
    ],
    "Delay": [
      47.0,
      53.0,
      72.375,
      104.58823529411765,
      129.08333333333334
    ]
  },
  "2": {
    "Precision": [
      0.8198503350310642,
      0.8107037878671643,
      0.7782220801929652,
      0.7136941278034907,
      0.6731703052262271
    ],
    "Recall": [
      1.0,
      1.0,
      1.0,
      1.0,
      1.0
    ],
    "False": [
      20.2,
      20.2,
      0.0,
      0.0,
      23.72744268516635
    ],
    "Delay": [
      47.0,
      53.0,
      72.375,
      104.58823529411765,
      129.08333333333334
    ]
  },
  "3": {
    "Precision": [
      0.8198503350310642,
      0.8107037878671643,
      0.7782220801929652,
      0.7136941278034907,
      0.6731703052262271
    ],
    "Recall": [
      1.0,
      1.0,
      1.0,
      1.0,
      1.0
    ],
    "False": [
      20.2,
      20.2,
      0.0,
      0.0,
      23.72744268516635
    ],
    "Delay": [
      47.0,
      53.0,
      72.375,
      104.58823529411765,
      129.08333333333334
    ]
  },
  "4": {
    "Precision": [
      0.8198503350310642,
      0.8107037878671643,
      0.7782220801929652,
      0.7136941278034907,
      0.6731703052262271
    ],
    "Recall": [
      1.0,
      1.0,
      1.0,
      1.0,
      1.0
    ],
    "False": [
      20.2,
      20.2,
      0.0,
      0.0,
      23.72744268516635
    ],
    "Delay": [
      47.0,
      53.0,
      72.375,
      104.58823529411765,
      129.08333333333334
    ]
  },
  "5": {
    "Precision": [
      0.8198503350310642,
      0.8107037878671643,
      0.7782220801929652,
      0.7136941278034907,
      0.6731703052262271
    ],
    "Recall": [
      1.0,
      1.0,
      1.0,
      1.0,
      1.0
    ],
    "False": [
      20.2,
      20.2,
      0.0,
      0.0,
      23.72744268516635
    ],
    "Delay": [
      47.0,
      53.0,
      72.375,
      104.58823529411765,
      129.08333333333334
    ]
  }
}