{
  "1": {
    "Precision": [
      0.8115438636334319,
      0.7956772740756121,
      0.7591567678173033,
      0.7255352233487469,
      0.6389427311132737
    ],
    "Recall": [
      1.0,
      1.0,
      1.0,
      1.0,
      1.0
    ],
    "False": [
      13.0,
      13.0,
      0.0,
      0.0,
      7.07806885137879
    ],
    "Delay": [
      83.66666666666667,
      93.66666666666667,
      108.66666666666667,
      118.66666666666667,
      133.66666666666666
    ]
  },
  "2": {
    "Precision": [
      0.8115438636334319,
      0.7956772740756121,
      0.7591567678173033,
      0.7255352233487469,
      0.6389427311132737
    ],
    "Recall": [
      1.0,
      1.0,
      1.0,
      1.0,
      1.0
    ],
    "False": [
      13.0,
      13.0,
      0.0,
      0.0,
      7.07806885137879
    ],
    "Delay": [
      83.66666666666667,
      93.66666666666667,
      108.66666666666667,
      118.66666666666667,
      133.66666666666666
    ]
  },
  "3": {
    "Precision": [
      0.8115438636334319,
      0.7956772740756121,
      0.7591567678173033,
      0.7255352233487469,
      0.6389427311132737
    ],
    "Recall": [
      1.0,
      1.0,
      1.0,
      1.0,
      1.0
    ],
    "False": [
      13.0,
      13.0,
      0.0,
      0.0,
      7.07806885137879
    ],
    "Delay": [
      83.66666666666667,
      93.66666666666667,
      108.66666666666667,
      118.66666666666667,
      133.66666666666666
    ]
  },
  "4": {
    "Precision": [
      0.8115438636334319,
      0.7956772740756121,
      0.7591567678173033,
      0.7255352233487469,
      0.6389427311132737
    ],
    "Recall": [
      1.0,
      1.0,
      1.0,
      1.0,
      1.0
    ],
    "False": [
      13.0,
      13.0,
      0.0,
      0.0,
      7.07806885137879
    ],
    "Delay": [
      83.66666666666667,
      93.66666666666667,
      108.66666666666667,
      118.66666666666667,
      133.66666666666666
    ]
  },
  "5": {
    "Precision": [
      0.8115438636334319,
      0.7956772740756121,
      0.7591567678173033,
      0.7255352233487469,
      0.6389427311132737
    ],
    "Recall": [
      1.0,
      1.0,
      1.0,
      1.0,
      1.0
    ],
    "False": [
      13.0,
      13.0,
      0.0,
      0.0,
      7.07806885137879
    ],
    "Delay": [
      83.66666666666667,
      93.66666666666667,
      108.66666666666667,
      118.66666666666667,
      133.66666666666666
    ]
  }
}