{
  "1": {
    "Precision": [
      0.7662018724538154,
      0.7283942294762503,
      0.6821538354082685,
      0.6401258255275203,
      0.5370656668350435
    ],
    "Recall": [
      1.0,
      1.0,
      1.0,
      1.0,
      1.0
    ],
    "False": [
      14.05,
      14.05,
      0.0,
      0.0,
      3.578552232134732
    ],
    "Delay": [
      97.57142857142857,
      114.6923076923077,
      129.69230769230768,
      139.69230769230768,
      154.69230769230768
    ]
  },
  "2": {
    "Precision": [
      0.7662018724538154,
      0.7283942294762503,
      0.6821538354082685,
      0.6401258255275203,
      0.5370656668350435
    ],
    "Recall": [
      1.0,
      1.0,
      1.0,
      1.0,
      1.0
    ],
    "False": [
      14.05,
      14.05,
      0.0,
      0.0,
      3.578552232134732
    ],
    "Delay": [
      97.57142857142857,
      114.6923076923077,
      129.69230769230768,
      139.69230769230768,
      154.69230769230768
    ]
  },
  "3": {
    "Precision": [
      0.7662018724538154,
      0.7283942294762503,
      0.6821538354082685,
      0.6401258255275203,
      0.5370656668350435
    ],
    "Recall": [
      1.0,
      1.0,
      1.0,
      1.0,
      1.0
    ],
    "False": [
      14.05,
      14.05,
      0.0,
      0.0,
      3.578552232134732
    ],
    "Delay": [
      97.57142857142857,
      114.6923076923077,
      129.69230769230768,
      139.69230769230768,
      154.69230769230768
    ]
  },
  "4": {
    "Precision": [
      0.7662018724538154,
      0.7283942294762503,
      0.6821538354082685,
      0.6401258255275203,
      0.5370656668350435
    ],
    "Recall": [
      1.0,
      1.0,
      1.0,
      1.0,
      1.0
    ],
    "False": [
      14.05,
      14.05,
      0.0,
      0.0,
      3.578552232134732
    ],
    "Delay": [
      97.57142857142857,
      114.6923076923077,
      129.69230769230768,
      139.69230769230768,
      154.69230769230768
    ]
  },
  "5": {
    "Precision": [
      0.7662018724538154,
      0.7283942294762503,
      0.6821538354082685,
      0.6401258255275203,
      0.5370656668350435
    ],
    "Recall": [
      1.0,
      1.0,
      1.0,
      1.0,
      1.0
    ],
    "False": [
      14.05,
      14.05,
      0.0,
      0.0,
      3.578552232134732
    ],
    "Delay": [
      97.57142857142857,
      114.6923076923077,
      129.69230769230768,
      139.69230769230768,
      154.69230769230768
    ]
  }
}