{
  "1": {
    "Precision": [
      0.7152529656402892,
      0.6931733247276416,
      0.6897552953374853,
      0.6705383772640793,
      0.6219708168495106
    ],
    "Recall": [
      1.0,
      1.0,
      1.0,
      1.0,
      1.0
    ],
    "False": [
      16.816666666666666,
      16.816666666666666,
      13.201145297490589,
      13.201145297490589,
      8.614687713303319
    ],
    "Delay": [
      69.5,
      87.52631578947368,
      124.57142857142857,
      147.58333333333334,
      169.8
    ]
  },
  "2": {
    "Precision": [
      0.7152529656402892,
      0.6931733247276416,
      0.6897552953374853,
      0.6705383772640793,
      0.6219708168495106
    ],
    "Recall": [
      1.0,
      1.0,
      1.0,
      1.0,
      1.0
    ],
    "False": [
      16.816666666666666,
      16.816666666666666,
      13.201145297490589,
      13.201145297490589,
      8.614687713303319
    ],
    "Delay": [
      69.5,
      87.52631578947368,
      124.57142857142857,
      147.58333333333334,
      169.8
    ]
  },
  "3": {
    "Precision": [
      0.7152529656402892,
      0.6931733247276416,
      0.6897552953374853,
      0.6705383772640793,
      0.6219708168495106
    ],
    "Recall": [
      1.0,
      1.0,
      1.0,
      1.0,
      1.0
    ],
    "False": [
      16.816666666666666,
      16.816666666666666,
      13.201145297490589,
      13.201145297490589,
      8.614687713303319
    ],
    "Delay": [
      69.5,
      87.52631578947368,
      124.57142857142857,
      147.58333333333334,
      169.8
    ]
  },
  "4": {
    "Precision": [
      0.7152529656402892,
      0.6931733247276416,
      0.6897552953374853,
      0.6705383772640793,
      0.6219708168495106
    ],
    "Recall": [
      1.0,
      1.0,
      1.0,
      1.0,
      1.0
    ],
    "False": [
      16.816666666666666,
      16.816666666666666,
      13.201145297490589,
      13.201145297490589,
      8.614687713303319
    ],
    "Delay": [
      69.5,
      87.52631578947368,
      124.57142857142857,
      147.58333333333334,
      169.8
    ]
  },
  "5": {
    "Precision": [
      0.7152529656402892,
      0.6931733247276416,
      0.6897552953374853,
      0.6705383772640793,
      0.6219708168495106
    ],
    "Recall": [
      1.0,
      1.0,
      1.0,
      1.0,
      1.0
    ],
    "False": [
      16.816666666666666,
      16.816666666666666,
      13.201145297490589,
      13.201145297490589,
      8.614687713303319
    ],
    "Delay": [
      69.5,
      87.52631578947368,
      124.57142857142857,
      147.58333333333334,
      169.8
    ]
  }
}