{
  "1": {
    "Precision": [
      0.9894648829431438,
      0.9869005847953217,
      0.979192546583851,
      0.9586538461538462,
      0.9583333333333334
    ],
    "Recall": [
      1.0,
      1.0,
      1.0,
      1.0,
      1.0
    ],
    "False": [
      0.8666666666666667,
      0.8666666666666667,
      0.0,
      0.0,
      1.120527306967985
    ],
    "Delay": [
      53.23076923076923,
      62.0,
      88.0,
      98.125,
      125.16666666666667
    ]
  },
  "2": {
    "Precision": [
      0.9894648829431438,
      0.9869005847953217,
      0.979192546583851,
      0.9586538461538462,
      0.9583333333333334
    ],
    "Recall": [
      1.0,
      1.0,
      1.0,
      1.0,
      1.0
    ],
    "False": [
      0.8666666666666667,
      0.8666666666666667,
      0.0,
      0.0,
      1.120527306967985
    ],
    "Delay": [
      53.23076923076923,
      62.0,
      88.0,
      98.125,
      125.16666666666667
    ]
  },
  "3": {
    "Precision": [
      0.9894648829431438,
      0.9869005847953217,
      0.979192546583851,
      0.9586538461538462,
      0.9583333333333334
    ],
    "Recall": [
      1.0,
      1.0,
      1.0,
      1.0,
      1.0
    ],
    "False": [
      0.8666666666666667,
      0.8666666666666667,
      0.0,
      0.0,
      1.120527306967985
    ],
    "Delay": [
      53.23076923076923,
      62.0,
      88.0,
      98.125,
      125.16666666666667
    ]
  },
  "4": {
    "Precision": [
      0.9894648829431438,
      0.9869005847953217,
      0.979192546583851,
      0.9586538461538462,
      0.9583333333333334
    ],
    "Recall": [
      1.0,
      1.0,
      1.0,
      1.0,
      1.0
    ],
    "False": [
      0.8666666666666667,
      0.8666666666666667,
      0.0,
      0.0,
      1.120527306967985
    ],
    "Delay": [
      53.23076923076923,
      62.0,
      88.0,
      98.125,
      125.16666666666667
    ]
  },
  "5": {
    "Precision": [
      0.9894648829431438,
      0.9869005847953217,
      0.979192546583851,
      0.9586538461538462,
      0.9583333333333334
    ],
    "Recall": [
      1.0,
      1.0,
      1.0,
      1.0,
      1.0
    ],
    "False": [
      0.8666666666666667,
      0.8666666666666667,
      0.0,
      0.0,
      1.120527306967985
    ],
    "Delay": [
      53.23076923076923,
      62.0,
      88.0,
      98.125,
      125.16666666666667
    ]
  }
}