{
  "1": {
    "Precision": [
      0.9417402857420053,
      0.9241641891129896,
      0.8996241853384711,
      0.8776707726763717,
      0.8214285714285714
    ],
    "Recall": [
      1.0,
      1.0,
      1.0,
      1.0,
      1.0
    ],
    "False": [
      2.466666666666667,
      2.466666666666667,
      0.0,
      0.0,
      1.6438356164383563
    ],
    "Delay": [
      94.94736842105263,
      38.45454545454545,
      65.14285714285714,
      87.6,
      119.0
    ]
  },
  "2": {
    "Precision": [
      0.9417402857420053,
      0.9241641891129896,
      0.8996241853384711,
      0.8776707726763717,
      0.8214285714285714
    ],
    "Recall": [
      1.0,
      1.0,
      1.0,
      1.0,
      1.0
    ],
    "False": [
      2.466666666666667,
      2.466666666666667,
      0.0,
      0.0,
      1.6438356164383563
    ],
    "Delay": [
      94.94736842105263,
      38.45454545454545,
      65.14285714285714,
      87.6,
      119.0
    ]
  },
  "3": {
    "Precision": [
      0.9417402857420053,
      0.9241641891129896,
      0.8996241853384711,
      0.8776707726763717,
      0.8214285714285714
    ],
    "Recall": [
      1.0,
      1.0,
      1.0,
      1.0,
      1.0
    ],
    "False": [
      2.466666666666667,
      2.466666666666667,
      0.0,
      0.0,
      1.6438356164383563
    ],
    "Delay": [
      94.94736842105263,
      38.45454545454545,
      65.14285714285714,
      87.6,
      119.0
    ]
  },
  "4": {
    "Precision": [
      0.9417402857420053,
      0.9241641891129896,
      0.8996241853384711,
      0.8776707726763717,
      0.8214285714285714
    ],
    "Recall": [
      1.0,
      1.0,
      1.0,
      1.0,
      1.0
    ],
    "False": [
      2.466666666666667,
      2.466666666666667,
      0.0,
      0.0,
      1.6438356164383563
    ],
    "Delay": [
      94.94736842105263,
      38.45454545454545,
      65.14285714285714,
      87.6,
      119.0
    ]
  },
  "5": {
    "Precision": [
      0.9417402857420053,
      0.9241641891129896,
      0.8996241853384711,
      0.8776707726763717,
      0.8214285714285714
    ],
    "Recall": [
      1.0,
      1.0,
      1.0,
      1.0,
      1.0
    ],
    "False": [
      2.466666666666667,
      2.466666666666667,
      0.0,
      0.0,
      1.6438356164383563
    ],
    "Delay": [
      94.94736842105263,
      38.45454545454545,
      65.14285714285714,
      87.6,
      119.0
    ]
  }
}