{
  "1": {
    "Precision": [
      0.7790483214433057,
      0.7654039710161161,
      0.7329124678955202,
      0.6751355901675188,
      0.7470795266464595
    ],
    "Recall": [
      1.0,
      1.0,
      1.0,
      1.0,
      1.0
    ],
    "False": [
      19.16,
      19.16,
      18.023551541343473,
      18.023551541343473,
      16.70219588452045
    ],
    "Delay": [
      51.333333333333336,
      55.333333333333336,
      65.0,
      73.0,
      91.0909090909091
    ]
  },
  "2": {
    "Precision": [
      0.7790483214433057,
      0.7654039710161161,
      0.7329124678955202,
      0.6751355901675188,
      0.7470795266464595
    ],
    "Recall": [
      1.0,
      1.0,
      1.0,
      1.0,
      1.0
    ],
    "False": [
      19.16,
      19.16,
      18.023551541343473,
      18.023551541343473,
      16.70219588452045
    ],
    "Delay": [
      51.333333333333336,
      55.333333333333336,
      65.0,
      73.0,
      91.0909090909091
    ]
  },
  "3": {
    "Precision": [
      0.7790483214433057,
      0.7654039710161161,
      0.7329124678955202,
      0.6751355901675188,
      0.7470795266464595
    ],
    "Recall": [
      1.0,
      1.0,
      1.0,
      1.0,
      1.0
    ],
    "False": [
      19.16,
      19.16,
      18.023551541343473,
      18.023551541343473,
      16.70219588452045
    ],
    "Delay": [
      51.333333333333336,
      55.333333333333336,
      65.0,
      73.0,
      91.0909090909091
    ]
  },
  "4": {
    "Precision": [
      0.7790483214433057,
      0.7654039710161161,
      0.7329124678955202,
      0.6751355901675188,
      0.7470795266464595
    ],
    "Recall": [
      1.0,
      1.0,
      1.0,
      1.0,
      1.0
    ],
    "False": [
      19.16,
      19.16,
      18.023551541343473,
      18.023551541343473,
      16.70219588452045
    ],
    "Delay": [
      51.333333333333336,
      55.333333333333336,
      65.0,
      73.0,
      91.0909090909091
    ]
  },
  "5": {
    "Precision": [
      0.7790483214433057,
      0.7654039710161161,
      0.7329124678955202,
      0.6751355901675188,
      0.7470795266464595
    ],
    "Recall": [
      1.0,
      1.0,
      1.0,
      1.0,
      1.0
    ],
    "False": [
      19.16,
      19.16,
      18.023551541343473,
      18.023551541343473,
      16.70219588452045
    ],
    "Delay": [
      51.333333333333336,
      55.333333333333336,
      65.0,
      73.0,
      91.0909090909091
    ]
  }
}