{
  "1": {
    "Precision": [
      0.9338141104394975,
      0.9269283046664872,
      0.9104280112224644,
      0.8941333250543776,
      0.8465079365079365
    ],
    "Recall": [
      1.0,
      1.0,
      1.0,
      1.0,
      1.0
    ],
    "False": [
      10.65,
      10.65,
      0.0,
      0.0,
      8.152832674571805
    ],
    "Delay": [
      29.285714285714285,
      39.285714285714285,
      54.285714285714285,
      64.28571428571429,
      79.28571428571429
    ]
  },
  "2": {
    "Precision": [
      0.9338141104394975,
      0.9269283046664872,
      0.9104280112224644,
      0.8941333250543776,
      0.8465079365079365
    ],
    "Recall": [
      1.0,
      1.0,
      1.0,
      1.0,
      1.0
    ],
    "False": [
      10.65,
      10.65,
      0.0,
      0.0,
      8.152832674571805
    ],
    "Delay": [
      29.285714285714285,
      39.285714285714285,
      54.285714285714285,
      64.28571428571429,
      79.28571428571429
    ]
  },
  "3": {
    "Precision": [
      0.9338141104394975,
      0.9269283046664872,
      0.9104280112224644,
      0.8941333250543776,
      0.8465079365079365
    ],
    "Recall": [
      1.0,
      1.0,
      1.0,
      1.0,
      1.0
    ],
    "False": [
      10.65,
      10.65,
      0.0,
      0.0,
      8.152832674571805
    ],
    "Delay": [
      29.285714285714285,
      39.285714285714285,
      54.285714285714285,
      64.28571428571429,
      79.28571428571429
    ]
  },
  "4": {
    "Precision": [
      0.9338141104394975,
      0.9269283046664872,
      0.9104280112224644,
      0.8941333250543776,
      0.8465079365079365
    ],
    "Recall": [
      1.0,
      1.0,
      1.0,
      1.0,
      1.0
    ],
    "False": [
      10.65,
      10.65,
      0.0,
      0.0,
      8.152832674571805
    ],
    "Delay": [
      29.285714285714285,
      39.285714285714285,
      54.285714285714285,
      64.28571428571429,
      79.28571428571429
    ]
  },
  "5": {
    "Precision": [
      0.9338141104394975,
      0.9269283046664872,
      0.9104280112224644,
      0.8941333250543776,
      0.8465079365079365
    ],
    "Recall": [
      1.0,
      1.0,
      1.0,
      1.0,
      1.0
    ],
    "False": [
      10.65,
      10.65,
      0.0,
      0.0,
      8.152832674571805
    ],
    "Delay": [
      29.285714285714285,
      39.285714285714285,
      54.285714285714285,
      64.28571428571429,
      79.28571428571429
    ]
  }
}