{
  "1": {
    "Precision": [
      0.9100922375781593,
      0.9596845530058195,
      0.9496419729791588,
      0.9392712520731844,
      0.907997002997003
    ],
    "Recall": [
      1.0,
      1.0,
      1.0,
      1.0,
      1.0
    ],
    "False": [
      2.1,
      2.1,
      0.0,
      0.0,
      1.8688524590163933
    ],
    "Delay": [
      124.61538461538461,
      61.0,
      76.0,
      86.0,
      101.0
    ]
  },
  "2": {
    "Precision": [
      0.9100922375781593,
      0.9596845530058195,
      0.9496419729791588,
      0.9392712520731844,
      0.907997002997003
    ],
    "Recall": [
      1.0,
      1.0,
      1.0,
      1.0,
      1.0
    ],
    "False": [
      2.1,
      2.1,
      0.0,
      0.0,
      1.8688524590163933
    ],
    "Delay": [
      124.61538461538461,
      61.0,
      76.0,
      86.0,
      101.0
    ]
  },
  "3": {
    "Precision": [
      0.9100922375781593,
      0.9596845530058195,
      0.9496419729791588,
      0.9392712520731844,
      0.907997002997003
    ],
    "Recall": [
      1.0,
      1.0,
      1.0,
      1.0,
      1.0
    ],
    "False": [
      2.1,
      2.1,
      0.0,
      0.0,
      1.8688524590163933
    ],
    "Delay": [
      124.61538461538461,
      61.0,
      76.0,
      86.0,
      101.0
    ]
  },
  "4": {
    "Precision": [
      0.9100922375781593,
      0.9596845530058195,
      0.9496419729791588,
      0.9392712520731844,
      0.907997002997003
    ],
    "Recall": [
      1.0,
      1.0,
      1.0,
      1.0,
      1.0
    ],
    "False": [
      2.1,
      2.1,
      0.0,
      0.0,
      1.8688524590163933
    ],
    "Delay": [
      124.61538461538461,
      61.0,
      76.0,
      86.0,
      101.0
    ]
  },
  "5": {
    "Precision": [
      0.9100922375781593,
      0.9596845530058195,
      0.9496419729791588,
      0.9392712520731844,
      0.907997002997003
    ],
    "Recall": [
      1.0,
      1.0,
      1.0,
      1.0,
      1.0
    ],
    "False": [
      2.1,
      2.1,
      0.0,
      0.0,
      1.8688524590163933
    ],
    "Delay": [
      124.61538461538461,
      61.0,
      76.0,
      86.0,
      101.0
    ]
  }
}