{
  "1": {
    "Precision": [
      0.8166239511424783,
      0.8058288739511522,
      0.777118298985423,
      0.7404915780872192,
      0.7619204371609871
    ],
    "Recall": [
      1.0,
      1.0,
      1.0,
      1.0,
      1.0
    ],
    "False": [
      19.08,
      19.08,
      17.825352503592065,
      17.825352503592065,
      16.38201641254191
    ],
    "Delay": [
      53.53846153846154,
      58.15384615384615,
      67.38461538461539,
      75.07692307692308,
      94.77777777777777
    ]
  },
  "2": {
    "Precision": [
      0.8166239511424783,
      0.8058288739511522,
      0.777118298985423,
      0.7404915780872192,
      0.7619204371609871
    ],
    "Recall": [
      1.0,
      1.0,
      1.0,
      1.0,
      1.0
    ],
    "False": [
      19.08,
      19.08,
      17.825352503592065,
      17.825352503592065,
      16.38201641254191
    ],
    "Delay": [
      53.53846153846154,
      58.15384615384615,
      67.38461538461539,
      75.07692307692308,
      94.77777777777777
    ]
  },
  "3": {
    "Precision": [
      0.8166239511424783,
      0.8058288739511522,
      0.777118298985423,
      0.7404915780872192,
      0.7619204371609871
    ],
    "Recall": [
      1.0,
      1.0,
      1.0,
      1.0,
      1.0
    ],
    "False": [
      19.08,
      19.08,
      17.825352503592065,
      17.825352503592065,
      16.38201641254191
    ],
    "Delay": [
      53.53846153846154,
      58.15384615384615,
      67.38461538461539,
      75.07692307692308,
      94.77777777777777
    ]
  },
  "4": {
    "Precision": [
      0.8166239511424783,
      0.8058288739511522,
      0.777118298985423,
      0.7404915780872192,
      0.7619204371609871
    ],
    "Recall": [
      1.0,
      1.0,
      1.0,
      1.0,
      1.0
    ],
    "False": [
      19.08,
      19.08,
      17.825352503592065,
      17.825352503592065,
      16.38201641254191
    ],
    "Delay": [
      53.53846153846154,
      58.15384615384615,
      67.38461538461539,
      75.07692307692308,
      94.77777777777777
    ]
  },
  "5": {
    "Precision": [
      0.8166239511424783,
      0.8058288739511522,
      0.777118298985423,
      0.7404915780872192,
      0.7619204371609871
    ],
    "Recall": [
      1.0,
      1.0,
      1.0,
      1.0,
      1.0
    ],
    "False": [
      19.08,
      19.08,
      17.825352503592065,
      17.825352503592065,
      16.38201641254191
    ],
    "Delay": [
      53.53846153846154,
      58.15384615384615,
      67.38461538461539,
      75.07692307692308,
      94.77777777777777
    ]
  }
}