{
  "1": {
    "Precision": [
      0.7372913607105194,
      0.7045709899920374,
      0.6810693528241074,
      0.6546280194693507,
      0.5950301944787239
    ],
    "Recall": [
      1.0,
      1.0,
      1.0,
      1.0,
      1.0
    ],
    "False": [
      15.266666666666667,
      15.266666666666667,
      11.146044612144046,
      11.146044612144046,
      7.2609525113198625
    ],
    "Delay": [
      78.42857142857143,
      97.55555555555556,
      132.07142857142858,
      156.75,
      188.3
    ]
  },
  "2": {
    "Precision": [
      0.7372913607105194,
      0.7045709899920374,
      0.6810693528241074,
      0.6546280194693507,
      0.5950301944787239
    ],
    "Recall": [
      1.0,
      1.0,
      1.0,
      1.0,
      1.0
    ],
    "False": [
      15.266666666666667,
      15.266666666666667,
      11.146044612144046,
      11.146044612144046,
      7.2609525113198625
    ],
    "Delay": [
      78.42857142857143,
      97.55555555555556,
      132.07142857142858,
      156.75,
      188.3
    ]
  },
  "3": {
    "Precision": [
      0.7372913607105194,
      0.7045709899920374,
      0.6810693528241074,
      0.6546280194693507,
      0.5950301944787239
    ],
    "Recall": [
      1.0,
      1.0,
      1.0,
      1.0,
      1.0
    ],
    "False": [
      15.266666666666667,
      15.266666666666667,
      11.146044612144046,
      11.146044612144046,
      7.2609525113198625
    ],
    "Delay": [
      78.42857142857143,
      97.55555555555556,
      132.07142857142858,
      156.75,
      188.3
    ]
  },
  "4": {
    "Precision": [
      0.7372913607105194,
      0.7045709899920374,
      0.6810693528241074,
      0.6546280194693507,
      0.5950301944787239
    ],
    "Recall": [
      1.0,
      1.0,
      1.0,
      1.0,
      1.0
    ],
    "False": [
      15.266666666666667,
      15.266666666666667,
      11.146044612144046,
      11.146044612144046,
      7.2609525113198625
    ],
    "Delay": [
      78.42857142857143,
      97.55555555555556,
      132.07142857142858,
      156.75,
      188.3
    ]
  },
  "5": {
    "Precision": [
      0.7372913607105194,
      0.7045709899920374,
      0.6810693528241074,
      0.6546280194693507,
      0.5950301944787239
    ],
    "Recall": [
      1.0,
      1.0,
      1.0,
      1.0,
      1.0
    ],
    "False": [
      15.266666666666667,
      15.266666666666667,
      11.146044612144046,
      11.146044612144046,
      7.2609525113198625
    ],
    "Delay": [
      78.42857142857143,
      97.55555555555556,
      132.07142857142858,
      156.75,
      188.3
    ]
  }
}