{
  "1": {
    "Precision": [
      0.7822018992947719,
      0.7687078662709081,
      0.7365923090665022,
      0.6790873728022284,
      0.753594570474936
    ],
    "Recall": [
      1.0,
      1.0,
      1.0,
      1.0,
      1.0
    ],
    "False": [
      18.76,
      18.76,
      17.661344708174667,
      17.661344708174667,
      16.402162478135335
    ],
    "Delay": [
      51.333333333333336,
      55.333333333333336,
      65.0,
      73.0,
      91.0909090909091
    ]
  },
  "2": {
    "Precision": [
      0.7822018992947719,
      0.7687078662709081,
      0.7365923090665022,
      0.6790873728022284,
      0.753594570474936
    ],
    "Recall": [
      1.0,
      1.0,
      1.0,
      1.0,
      1.0
    ],
    "False": [
      18.76,
      18.76,
      17.661344708174667,
      17.661344708174667,
      16.402162478135335
    ],
    "Delay": [
      51.333333333333336,
      55.333333333333336,
      65.0,
      73.0,
      91.0909090909091
    ]
  },
  "3": {
    "Precision": [
      0.7822018992947719,
      0.7687078662709081,
      0.7365923090665022,
      0.6790873728022284,
      0.753594570474936
    ],
    "Recall": [
      1.0,
      1.0,
      1.0,
      1.0,
      1.0
    ],
    "False": [
      18.76,
      18.76,
      17.661344708174667,
      17.661344708174667,
      16.402162478135335
    ],
    "Delay": [
      51.333333333333336,
      55.333333333333336,
      65.0,
      73.0,
      91.0909090909091
    ]
  },
  "4": {
    "Precision": [
      0.7822018992947719,
      0.7687078662709081,
      0.7365923090665022,
      0.6790873728022284,
      0.753594570474936
    ],
    "Recall": [
      1.0,
      1.0,
      1.0,
      1.0,
      1.0
    ],
    "False": [
      18.76,
      18.76,
      17.661344708174667,
      17.661344708174667,
      16.402162478135335
    ],
    "Delay": [
      51.333333333333336,
      55.333333333333336,
      65.0,
      73.0,
      91.0909090909091
    ]
  },
  "5": {
    "Precision": [
      0.7822018992947719,
      0.7687078662709081,
      0.7365923090665022,
      0.6790873728022284,
      0.753594570474936
    ],
    "Recall": [
      1.0,
      1.0,
      1.0,
      1.0,
      1.0
    ],
    "False": [
      18.76,
      18.76,
      17.661344708174667,
      17.661344708174667,
      16.402162478135335
    ],
    "Delay": [
      51.333333333333336,
      55.333333333333336,
      65.0,
      73.0,
      91.0909090909091
    ]
  }
}