{
  "1": {
    "Precision": [
      0.8430707304161873,
      0.8298867517392331,
      0.7992317519840253,
      0.7707040562381794,
      0.6960965972012484
    ],
    "Recall": [
      1.0,
      1.0,
      1.0,
      1.0,
      1.0
    ],
    "False": [
      11.85,
      11.85,
      0.0,
      0.0,
      6.325541690727861
    ],
    "Delay": [
      64.2,
      74.2,
      89.2,
      99.2,
      114.2
    ]
  },
  "2": {
    "Precision": [
      0.8430707304161873,
      0.8298867517392331,
      0.7992317519840253,
      0.7707040562381794,
      0.6960965972012484
    ],
    "Recall": [
      1.0,
      1.0,
      1.0,
      1.0,
      1.0
    ],
    "False": [
      11.85,
      11.85,
      0.0,
      0.0,
      6.325541690727861
    ],
    "Delay": [
      64.2,
      74.2,
      89.2,
      99.2,
      114.2
    ]
  },
  "3": {
    "Precision": [
      0.8430707304161873,
      0.8298867517392331,
      0.7992317519840253,
      0.7707040562381794,
      0.6960965972012484
    ],
    "Recall": [
      1.0,
      1.0,
      1.0,
      1.0,
      1.0
    ],
    "False": [
      11.85,
      11.85,
      0.0,
      0.0,
      6.325541690727861
    ],
    "Delay": [
      64.2,
      74.2,
      89.2,
      99.2,
      114.2
    ]
  },
  "4": {
    "Precision": [
      0.8430707304161873,
      0.8298867517392331,
      0.7992317519840253,
      0.7707040562381794,
      0.6960965972012484
    ],
    "Recall": [
      1.0,
      1.0,
      1.0,
      1.0,
      1.0
    ],
    "False": [
      11.85,
      11.85,
      0.0,
      0.0,
      6.325541690727861
    ],
    "Delay": [
      64.2,
      74.2,
      89.2,
      99.2,
      114.2
    ]
  },
  "5": {
    "Precision": [
      0.8430707304161873,
      0.8298867517392331,
      0.7992317519840253,
      0.7707040562381794,
      0.6960965972012484
    ],
    "Recall": [
      1.0,
      1.0,
      1.0,
      1.0,
      1.0
    ],
    "False": [
      11.85,
      11.85,
      0.0,
      0.0,
      6.325541690727861
    ],
    "Delay": [
      64.2,
      74.2,
      89.2,
      99.2,
      114.2
    ]
  }
}