{
  "5": {
    "Precision": [
      0.7047619047619048,
      0.7247191011235955,
      0.7232704402515723,
      0.7153846153846154,
      0.7575757575757576
    ],
    "Recall": [
      1,
      1,
      1,
      1,
      1
    ],
    "False": [
      65.08333333333333,
      52.25,
      46.75,
      39.416666666666664,
      25.666666666666668
    ],
    "Delay": [
      40.701388888888886,
      42.15972222222222,
      43.6875,
      48.375,
      48.59848484848485
    ]
  },
  "15": {
    "Precision": [
      0.7047619047619048,
      0.7247191011235955,
      0.7232704402515723,
      0.7153846153846154,
      0.7575757575757576
    ],
    "Recall": [
      1,
      1,
      1,
      1,
      1
    ],
    "False": [
      65.08333333333333,
      52.25,
      46.75,
      39.416666666666664,
      25.666666666666668
    ],
    "Delay": [
      40.701388888888886,
      42.15972222222222,
      43.6875,
      48.375,
      48.59848484848485
    ]
  },
  "30": {
    "Precision": [
      0.7047619047619048,
      0.7247191011235955,
      0.7232704402515723,
      0.7153846153846154,
      0.7575757575757576
    ],
    "Recall": [
      1,
      1,
      1,
      1,
      1
    ],
    "False": [
      65.08333333333333,
      52.25,
      46.75,
      39.416666666666664,
      25.666666666666668
    ],
    "Delay": [
      40.701388888888886,
      42.15972222222222,
      43.6875,
      48.375,
      48.59848484848485
    ]
  },
  "40": {
    "Precision": [
      0.7047619047619048,
      0.7247191011235955,
      0.7232704402515723,
      0.7153846153846154,
      0.7575757575757576
    ],
    "Recall": [
      1,
      1,
      1,
      1,
      1
    ],
    "False": [
      65.08333333333333,
      52.25,
      46.75,
      39.416666666666664,
      25.666666666666668
    ],
    "Delay": [
      40.701388888888886,
      42.15972222222222,
      43.6875,
      48.375,
      48.59848484848485
    ]
  },
  "55": {
    "Precision": [
      0.7047619047619048,
      0.7247191011235955,
      0.7232704402515723,
      0.7153846153846154,
      0.7575757575757576
    ],
    "Recall": [
      1,
      1,
      1,
      1,
      1
    ],
    "False": [
      65.08333333333333,
      52.25,
      46.75,
      39.416666666666664,
      25.666666666666668
    ],
    "Delay": [
      40.701388888888886,
      42.15972222222222,
      43.6875,
      48.375,
      48.59848484848485
    ]
  }
}