{
  "5": {
    "Precision": [
      0.6986899563318777,
      0.7258883248730964,
      0.7116564417177914,
      0.7404580152671756,
      0.7281553398058253
    ],
    "Recall": [
      1,
      1,
      1,
      1,
      1
    ],
    "False": [
      75.16666666666667,
      58.666666666666664,
      49.5,
      37.583333333333336,
      32.083333333333336
    ],
    "Delay": [
      41.56944444444444,
      42.47222222222222,
      44.725352112676056,
      47.93478260869565,
      51.61940298507463
    ]
  },
  "15": {
    "Precision": [
      0.6986899563318777,
      0.7258883248730964,
      0.7116564417177914,
      0.7404580152671756,
      0.7281553398058253
    ],
    "Recall": [
      1,
      1,
      1,
      1,
      1
    ],
    "False": [
      75.16666666666667,
      58.666666666666664,
      49.5,
      37.583333333333336,
      32.083333333333336
    ],
    "Delay": [
      41.56944444444444,
      42.47222222222222,
      44.725352112676056,
      47.93478260869565,
      51.61940298507463
    ]
  },
  "30": {
    "Precision": [
      0.6986899563318777,
      0.7258883248730964,
      0.7116564417177914,
      0.7404580152671756,
      0.7281553398058253
    ],
    "Recall": [
      1,
      1,
      1,
      1,
      1
    ],
    "False": [
      75.16666666666667,
      58.666666666666664,
      49.5,
      37.583333333333336,
      32.083333333333336
    ],
    "Delay": [
      41.56944444444444,
      42.47222222222222,
      44.725352112676056,
      47.93478260869565,
      51.61940298507463
    ]
  },
  "40": {
    "Precision": [
      0.6986899563318777,
      0.7258883248730964,
      0.7116564417177914,
      0.7404580152671756,
      0.7281553398058253
    ],
    "Recall": [
      1,
      1,
      1,
      1,
      1
    ],
    "False": [
      75.16666666666667,
      58.666666666666664,
      49.5,
      37.583333333333336,
      32.083333333333336
    ],
    "Delay": [
      41.56944444444444,
      42.47222222222222,
      44.725352112676056,
      47.93478260869565,
      51.61940298507463
    ]
  },
  "55": {
    "Precision": [
      0.6986899563318777,
      0.7258883248730964,
      0.7116564417177914,
      0.7404580152671756,
      0.7281553398058253
    ],
    "Recall": [
      1,
      1,
      1,
      1,
      1
    ],
    "False": [
      75.16666666666667,
      58.666666666666664,
      49.5,
      37.583333333333336,
      32.083333333333336
    ],
    "Delay": [
      41.56944444444444,
      42.47222222222222,
      44.725352112676056,
      47.93478260869565,
      51.61940298507463
    ]
  }
}