{
  "5": {
    "Precision": [
      0.7989949748743719,
      0.8212290502793296,
      0.8181818181818182,
      0.8053691275167785,
      0.8076923076923077
    ],
    "Recall": [
      1,
      1,
      1,
      1,
      1
    ],
    "False": [
      42.42857142857143,
      35.0,
      32.42857142857143,
      30.571428571428573,
      27.142857142857142
    ],
    "Delay": [
      35.166666666666664,
      38.26190476190476,
      40.76190476190476,
      42.726190476190474,
      44.7125
    ]
  },
  "15": {
    "Precision": [
      0.7989949748743719,
      0.8212290502793296,
      0.8181818181818182,
      0.8053691275167785,
      0.8076923076923077
    ],
    "Recall": [
      1,
      1,
      1,
      1,
      1
    ],
    "False": [
      42.42857142857143,
      35.0,
      32.42857142857143,
      30.571428571428573,
      27.142857142857142
    ],
    "Delay": [
      35.166666666666664,
      38.26190476190476,
      40.76190476190476,
      42.726190476190474,
      44.7125
    ]
  },
  "30": {
    "Precision": [
      0.7989949748743719,
      0.8212290502793296,
      0.8181818181818182,
      0.8053691275167785,
      0.8076923076923077
    ],
    "Recall": [
      1,
      1,
      1,
      1,
      1
    ],
    "False": [
      42.42857142857143,
      35.0,
      32.42857142857143,
      30.571428571428573,
      27.142857142857142
    ],
    "Delay": [
      35.166666666666664,
      38.26190476190476,
      40.76190476190476,
      42.726190476190474,
      44.7125
    ]
  },
  "40": {
    "Precision": [
      0.7989949748743719,
      0.8212290502793296,
      0.8181818181818182,
      0.8053691275167785,
      0.8076923076923077
    ],
    "Recall": [
      1,
      1,
      1,
      1,
      1
    ],
    "False": [
      42.42857142857143,
      35.0,
      32.42857142857143,
      30.571428571428573,
      27.142857142857142
    ],
    "Delay": [
      35.166666666666664,
      38.26190476190476,
      40.76190476190476,
      42.726190476190474,
      44.7125
    ]
  },
  "55": {
    "Precision": [
      0.7989949748743719,
      0.8212290502793296,
      0.8181818181818182,
      0.8053691275167785,
      0.8076923076923077
    ],
    "Recall": [
      1,
      1,
      1,
      1,
      1
    ],
    "False": [
      42.42857142857143,
      35.0,
      32.42857142857143,
      30.571428571428573,
      27.142857142857142
    ],
    "Delay": [
      35.166666666666664,
      38.26190476190476,
      40.76190476190476,
      42.726190476190474,
      44.7125
    ]
  }
}