{
  "5": {
    "Precision": [
      0.8,
      0.7904191616766467,
      0.7718120805369127,
      0.7642857142857142,
      0.7580645161290323
    ],
    "Recall": [
      1,
      1,
      1,
      1,
      1
    ],
    "False": [
      41.4,
      39.4,
      37.0,
      35.0,
      31.8
    ],
    "Delay": [
      36.1,
      38.37931034482759,
      42.258620689655174,
      46.6551724137931,
      47.51724137931034
    ]
  },
  "15": {
    "Precision": [
      0.8,
      0.7904191616766467,
      0.7718120805369127,
      0.7642857142857142,
      0.7580645161290323
    ],
    "Recall": [
      1,
      1,
      1,
      1,
      1
    ],
    "False": [
      41.4,
      39.4,
      37.0,
      35.0,
      31.8
    ],
    "Delay": [
      36.1,
      38.37931034482759,
      42.258620689655174,
      46.6551724137931,
      47.51724137931034
    ]
  },
  "30": {
    "Precision": [
      0.8,
      0.7904191616766467,
      0.7718120805369127,
      0.7642857142857142,
      0.7580645161290323
    ],
    "Recall": [
      1,
      1,
      1,
      1,
      1
    ],
    "False": [
      41.4,
      39.4,
      37.0,
      35.0,
      31.8
    ],
    "Delay": [
      36.1,
      38.37931034482759,
      42.258620689655174,
      46.6551724137931,
      47.51724137931034
    ]
  },
  "40": {
    "Precision": [
      0.8,
      0.7904191616766467,
      0.7718120805369127,
      0.7642857142857142,
      0.7580645161290323
    ],
    "Recall": [
      1,
      1,
      1,
      1,
      1
    ],
    "False": [
      41.4,
      39.4,
      37.0,
      35.0,
      31.8
    ],
    "Delay": [
      36.1,
      38.37931034482759,
      42.258620689655174,
      46.6551724137931,
      47.51724137931034
    ]
  },
  "55": {
    "Precision": [
      0.8,
      0.7904191616766467,
      0.7718120805369127,
      0.7642857142857142,
      0.7580645161290323
    ],
    "Recall": [
      1,
      1,
      1,
      1,
      1
    ],
    "False": [
      41.4,
      39.4,
      37.0,
      35.0,
      31.8
    ],
    "Delay": [
      36.1,
      38.37931034482759,
      42.258620689655174,
      46.6551724137931,
      47.51724137931034
    ]
  }
}