{
  "5": {
    "Precision": [
      0.6214285714285714,
      0.6229508196721312,
      0.6293103448275862,
      0.6403508771929824,
      0.6354166666666666
    ],
    "Recall": [
      1,
      1,
      1,
      1,
      1
    ],
    "False": [
      58.5,
      51.75,
      47.25,
      45.0,
      38.25
    ],
    "Delay": [
      48.104166666666664,
      54.145833333333336,
      59.5625,
      66.75,
      77.0625
    ]
  },
  "15": {
    "Precision": [
      0.6214285714285714,
      0.6229508196721312,
      0.6293103448275862,
      0.6403508771929824,
      0.6354166666666666
    ],
    "Recall": [
      1,
      1,
      1,
      1,
      1
    ],
    "False": [
      58.5,
      51.75,
      47.25,
      45.0,
      38.25
    ],
    "Delay": [
      48.104166666666664,
      54.145833333333336,
      59.5625,
      66.75,
      77.0625
    ]
  },
  "30": {
    "Precision": [
      0.6214285714285714,
      0.6229508196721312,
      0.6293103448275862,
      0.6403508771929824,
      0.6354166666666666
    ],
    "Recall": [
      1,
      1,
      1,
      1,
      1
    ],
    "False": [
      58.5,
      51.75,
      47.25,
      45.0,
      38.25
    ],
    "Delay": [
      48.104166666666664,
      54.145833333333336,
      59.5625,
      66.75,
      77.0625
    ]
  },
  "40": {
    "Precision": [
      0.6214285714285714,
      0.6229508196721312,
      0.6293103448275862,
      0.6403508771929824,
      0.6354166666666666
    ],
    "Recall": [
      1,
      1,
      1,
      1,
      1
    ],
    "False": [
      58.5,
      51.75,
      47.25,
      45.0,
      38.25
    ],
    "Delay": [
      48.104166666666664,
      54.145833333333336,
      59.5625,
      66.75,
      77.0625
    ]
  },
  "55": {
    "Precision": [
      0.6214285714285714,
      0.6229508196721312,
      0.6293103448275862,
      0.6403508771929824,
      0.6354166666666666
    ],
    "Recall": [
      1,
      1,
      1,
      1,
      1
    ],
    "False": [
      58.5,
      51.75,
      47.25,
      45.0,
      38.25
    ],
    "Delay": [
      48.104166666666664,
      54.145833333333336,
      59.5625,
      66.75,
      77.0625
    ]
  }
}