{
  "5": {
    "Precision": [
      0.6796875,
      0.6704545454545454,
      0.7796610169491526,
      0.8,
      0.75
    ],
    "Recall": [
      1.0,
      1.0,
      1.0,
      1.0,
      1.0
    ],
    "False": [
      50.75,
      38.333333333333336,
      24.166666666666668,
      14.666666666666666,
      9.166666666666666
    ],
    "Delay": [
      112.26829268292683,
      129.54098360655738,
      158.45238095238096,
      193.9,
      206.17857142857142
    ]
  },
  "15": {
    "Precision": [
      0.6796875,
      0.6704545454545454,
      0.7796610169491526,
      0.8,
      0.75
    ],
    "Recall": [
      1.0,
      1.0,
      1.0,
      1.0,
      1.0
    ],
    "False": [
      50.75,
      38.333333333333336,
      24.166666666666668,
      14.666666666666666,
      9.166666666666666
    ],
    "Delay": [
      112.26829268292683,
      129.54098360655738,
      158.45238095238096,
      193.9,
      206.17857142857142
    ]
  },
  "30": {
    "Precision": [
      0.6796875,
      0.6704545454545454,
      0.7796610169491526,
      0.8,
      0.75
    ],
    "Recall": [
      1.0,
      1.0,
      1.0,
      1.0,
      1.0
    ],
    "False": [
      50.75,
      38.333333333333336,
      24.166666666666668,
      14.666666666666666,
      9.166666666666666
    ],
    "Delay": [
      112.26829268292683,
      129.54098360655738,
      158.45238095238096,
      193.9,
      206.17857142857142
    ]
  },
  "40": {
    "Precision": [
      0.6796875,
      0.6704545454545454,
      0.7796610169491526,
      0.8,
      0.75
    ],
    "Recall": [
      1.0,
      1.0,
      1.0,
      1.0,
      1.0
    ],
    "False": [
      50.75,
      38.333333333333336,
      24.166666666666668,
      14.666666666666666,
      9.166666666666666
    ],
    "Delay": [
      112.26829268292683,
      129.54098360655738,
      158.45238095238096,
      193.9,
      206.17857142857142
    ]
  },
  "55": {
    "Precision": [
      0.6796875,
      0.6704545454545454,
      0.7796610169491526,
      0.8,
      0.75
    ],
    "Recall": [
      1.0,
      1.0,
      1.0,
      1.0,
      1.0
    ],
    "False": [
      50.75,
      38.333333333333336,
      24.166666666666668,
      14.666666666666666,
      9.166666666666666
    ],
    "Delay": [
      112.26829268292683,
      129.54098360655738,
      158.45238095238096,
      193.9,
      206.17857142857142
    ]
  }
}