{
  "5": {
    "Precision": [
      0.8608695652173913,
      0.8761061946902655,
      0.9032258064516129,
      0.8679245283018868,
      1
    ],
    "Recall": [
      1.0,
      1.0,
      1.0,
      1.0,
      1.0
    ],
    "False": [
      23.4,
      21.0,
      17.4,
      15.2,
      0.0
    ],
    "Delay": [
      64.16666666666667,
      64.16666666666667,
      62.58620689655172,
      70.34482758620689,
      73.91304347826087
    ]
  },
  "15": {
    "Precision": [
      0.8608695652173913,
      0.8761061946902655,
      0.9032258064516129,
      0.8679245283018868,
      1
    ],
    "Recall": [
      1.0,
      1.0,
      1.0,
      1.0,
      1.0
    ],
    "False": [
      23.4,
      21.0,
      17.4,
      15.2,
      0.0
    ],
    "Delay": [
      64.16666666666667,
      64.16666666666667,
      62.58620689655172,
      70.34482758620689,
      73.91304347826087
    ]
  },
  "30": {
    "Precision": [
      0.8608695652173913,
      0.8761061946902655,
      0.9032258064516129,
      0.8679245283018868,
      1
    ],
    "Recall": [
      1.0,
      1.0,
      1.0,
      1.0,
      1.0
    ],
    "False": [
      23.4,
      21.0,
      17.4,
      15.2,
      0.0
    ],
    "Delay": [
      64.16666666666667,
      64.16666666666667,
      62.58620689655172,
      70.34482758620689,
      73.91304347826087
    ]
  },
  "40": {
    "Precision": [
      0.8608695652173913,
      0.8761061946902655,
      0.9032258064516129,
      0.8679245283018868,
      1
    ],
    "Recall": [
      1.0,
      1.0,
      1.0,
      1.0,
      1.0
    ],
    "False": [
      23.4,
      21.0,
      17.4,
      15.2,
      0.0
    ],
    "Delay": [
      64.16666666666667,
      64.16666666666667,
      62.58620689655172,
      70.34482758620689,
      73.91304347826087
    ]
  },
  "55": {
    "Precision": [
      0.8608695652173913,
      0.8761061946902655,
      0.9032258064516129,
      0.8679245283018868,
      1
    ],
    "Recall": [
      1.0,
      1.0,
      1.0,
      1.0,
      1.0
    ],
    "False": [
      23.4,
      21.0,
      17.4,
      15.2,
      0.0
    ],
    "Delay": [
      64.16666666666667,
      64.16666666666667,
      62.58620689655172,
      70.34482758620689,
      73.91304347826087
    ]
  }
}