{
  "5": {
    "Precision": [
      0.6796875,
      0.7972972972972973,
      0.8363636363636363,
      0.8648648648648649,
      0.9375
    ],
    "Recall": [
      1.0,
      1.0,
      1.0,
      1.0,
      1.0
    ],
    "False": [
      49.833333333333336,
      26.25,
      19.333333333333332,
      9.166666666666666,
      3.6666666666666665
    ],
    "Delay": [
      110.3780487804878,
      132.21052631578948,
      150.91489361702128,
      167.175,
      177.94444444444446
    ]
  },
  "15": {
    "Precision": [
      0.6796875,
      0.7972972972972973,
      0.8363636363636363,
      0.8648648648648649,
      0.9375
    ],
    "Recall": [
      1.0,
      1.0,
      1.0,
      1.0,
      1.0
    ],
    "False": [
      49.833333333333336,
      26.25,
      19.333333333333332,
      9.166666666666666,
      3.6666666666666665
    ],
    "Delay": [
      110.3780487804878,
      132.21052631578948,
      150.91489361702128,
      167.175,
      177.94444444444446
    ]
  },
  "30": {
    "Precision": [
      0.6796875,
      0.7972972972972973,
      0.8363636363636363,
      0.8648648648648649,
      0.9375
    ],
    "Recall": [
      1.0,
      1.0,
      1.0,
      1.0,
      1.0
    ],
    "False": [
      49.833333333333336,
      26.25,
      19.333333333333332,
      9.166666666666666,
      3.6666666666666665
    ],
    "Delay": [
      110.3780487804878,
      132.21052631578948,
      150.91489361702128,
      167.175,
      177.94444444444446
    ]
  },
  "40": {
    "Precision": [
      0.6796875,
      0.7972972972972973,
      0.8363636363636363,
      0.8648648648648649,
      0.9375
    ],
    "Recall": [
      1.0,
      1.0,
      1.0,
      1.0,
      1.0
    ],
    "False": [
      49.833333333333336,
      26.25,
      19.333333333333332,
      9.166666666666666,
      3.6666666666666665
    ],
    "Delay": [
      110.3780487804878,
      132.21052631578948,
      150.91489361702128,
      167.175,
      177.94444444444446
    ]
  },
  "55": {
    "Precision": [
      0.6796875,
      0.7972972972972973,
      0.8363636363636363,
      0.8648648648648649,
      0.9375
    ],
    "Recall": [
      1.0,
      1.0,
      1.0,
      1.0,
      1.0
    ],
    "False": [
      49.833333333333336,
      26.25,
      19.333333333333332,
      9.166666666666666,
      3.6666666666666665
    ],
    "Delay": [
      110.3780487804878,
      132.21052631578948,
      150.91489361702128,
      167.175,
      177.94444444444446
    ]
  }
}