{
  "5": {
    "Precision": [
      0.24,
      0.22580645161290322,
      0.2978723404255319,
      0.3111111111111111,
      0.7777777777777778
    ],
    "Recall": [
      1.0,
      1.0,
      1.0,
      1.0,
      1.0
    ],
    "False": [
      87.25,
      60.5,
      45.75,
      43.75,
      16.833333333333332
    ],
    "Delay": [
      110.86363636363636,
      66.0,
      66.0,
      66.0,
      66.0
    ]
  },
  "15": {
    "Precision": [
      0.24,
      0.22580645161290322,
      0.2978723404255319,
      0.3111111111111111,
      0.7777777777777778
    ],
    "Recall": [
      1.0,
      1.0,
      1.0,
      1.0,
      1.0
    ],
    "False": [
      87.25,
      60.5,
      45.75,
      43.75,
      16.833333333333332
    ],
    "Delay": [
      110.86363636363636,
      66.0,
      66.0,
      66.0,
      66.0
    ]
  },
  "30": {
    "Precision": [
      0.24,
      0.22580645161290322,
      0.2978723404255319,
      0.3111111111111111,
      0.7777777777777778
    ],
    "Recall": [
      1.0,
      1.0,
      1.0,
      1.0,
      1.0
    ],
    "False": [
      87.25,
      60.5,
      45.75,
      43.75,
      16.833333333333332
    ],
    "Delay": [
      110.86363636363636,
      66.0,
      66.0,
      66.0,
      66.0
    ]
  },
  "40": {
    "Precision": [
      0.24,
      0.22580645161290322,
      0.2978723404255319,
      0.3111111111111111,
      0.7777777777777778
    ],
    "Recall": [
      1.0,
      1.0,
      1.0,
      1.0,
      1.0
    ],
    "False": [
      87.25,
      60.5,
      45.75,
      43.75,
      16.833333333333332
    ],
    "Delay": [
      110.86363636363636,
      66.0,
      66.0,
      66.0,
      66.0
    ]
  },
  "55": {
    "Precision": [
      0.24,
      0.22580645161290322,
      0.2978723404255319,
      0.3111111111111111,
      0.7777777777777778
    ],
    "Recall": [
      1.0,
      1.0,
      1.0,
      1.0,
      1.0
    ],
    "False": [
      87.25,
      60.5,
      45.75,
      43.75,
      16.833333333333332
    ],
    "Delay": [
      110.86363636363636,
      66.0,
      66.0,
      66.0,
      66.0
    ]
  }
}