{
  "5": {
    "Precision": [
      0.9775280898876404,
      1,
      1,
      1,
      1
    ],
    "Recall": [
      1.0,
      1.0,
      1.0,
      1.0,
      1.0
    ],
    "False": [
      2.7142857142857144,
      0.0,
      0.0,
      0.0,
      0.0
    ],
    "Delay": [
      123.35714285714286,
      126.46153846153847,
      126.46153846153847,
      128.44736842105263,
      124.88571428571429
    ]
  },
  "15": {
    "Precision": [
      0.9775280898876404,
      1,
      1,
      1,
      1
    ],
    "Recall": [
      1.0,
      1.0,
      1.0,
      1.0,
      1.0
    ],
    "False": [
      2.7142857142857144,
      0.0,
      0.0,
      0.0,
      0.0
    ],
    "Delay": [
      123.35714285714286,
      126.46153846153847,
      126.46153846153847,
      128.44736842105263,
      124.88571428571429
    ]
  },
  "30": {
    "Precision": [
      0.9775280898876404,
      1,
      1,
      1,
      1
    ],
    "Recall": [
      1.0,
      1.0,
      1.0,
      1.0,
      1.0
    ],
    "False": [
      2.7142857142857144,
      0.0,
      0.0,
      0.0,
      0.0
    ],
    "Delay": [
      123.35714285714286,
      126.46153846153847,
      126.46153846153847,
      128.44736842105263,
      124.88571428571429
    ]
  },
  "40": {
    "Precision": [
      0.9775280898876404,
      1,
      1,
      1,
      1
    ],
    "Recall": [
      1.0,
      1.0,
      1.0,
      1.0,
      1.0
    ],
    "False": [
      2.7142857142857144,
      0.0,
      0.0,
      0.0,
      0.0
    ],
    "Delay": [
      123.35714285714286,
      126.46153846153847,
      126.46153846153847,
      128.44736842105263,
      124.88571428571429
    ]
  },
  "55": {
    "Precision": [
      0.9775280898876404,
      1,
      1,
      1,
      1
    ],
    "Recall": [
      1.0,
      1.0,
      1.0,
      1.0,
      1.0
    ],
    "False": [
      2.7142857142857144,
      0.0,
      0.0,
      0.0,
      0.0
    ],
    "Delay": [
      123.35714285714286,
      126.46153846153847,
      126.46153846153847,
      128.44736842105263,
      124.88571428571429
    ]
  }
}