{
  "5": {
    "Precision": [
      0.9615384615384616,
      0.9615384615384616,
      0.9615384615384616,
      0.9583333333333334,
      1
    ],
    "Recall": [
      1.0,
      1.0,
      1.0,
      1.0,
      1.0
    ],
    "False": [
      2.25,
      2.25,
      2.25,
      2.25,
      1.5
    ],
    "Delay": [
      78.5,
      78.5,
      78.5,
      78.5,
      75.52173913043478
    ]
  },
  "15": {
    "Precision": [
      0.9615384615384616,
      0.9615384615384616,
      0.9615384615384616,
      0.9583333333333334,
      1
    ],
    "Recall": [
      1.0,
      1.0,
      1.0,
      1.0,
      1.0
    ],
    "False": [
      2.25,
      2.25,
      2.25,
      2.25,
      1.5
    ],
    "Delay": [
      78.5,
      78.5,
      78.5,
      78.5,
      75.52173913043478
    ]
  },
  "30": {
    "Precision": [
      0.9615384615384616,
      0.9615384615384616,
      0.9615384615384616,
      0.9583333333333334,
      1
    ],
    "Recall": [
      1.0,
      1.0,
      1.0,
      1.0,
      1.0
    ],
    "False": [
      2.25,
      2.25,
      2.25,
      2.25,
      1.5
    ],
    "Delay": [
      78.5,
      78.5,
      78.5,
      78.5,
      75.52173913043478
    ]
  },
  "40": {
    "Precision": [
      0.9615384615384616,
      0.9615384615384616,
      0.9615384615384616,
      0.9583333333333334,
      1
    ],
    "Recall": [
      1.0,
      1.0,
      1.0,
      1.0,
      1.0
    ],
    "False": [
      2.25,
      2.25,
      2.25,
      2.25,
      1.5
    ],
    "Delay": [
      78.5,
      78.5,
      78.5,
      78.5,
      75.52173913043478
    ]
  },
  "55": {
    "Precision": [
      0.9615384615384616,
      0.9615384615384616,
      0.9615384615384616,
      0.9583333333333334,
      1
    ],
    "Recall": [
      1.0,
      1.0,
      1.0,
      1.0,
      1.0
    ],
    "False": [
      2.25,
      2.25,
      2.25,
      2.25,
      1.5
    ],
    "Delay": [
      78.5,
      78.5,
      78.5,
      78.5,
      75.52173913043478
    ]
  }
}