{
  "5": {
    "Precision": [
      0.27906976744186046,
      0.23333333333333334,
      0.30434782608695654,
      0.3181818181818182,
      0.7777777777777778
    ],
    "Recall": [
      1.0,
      1.0,
      1.0,
      1.0,
      1.0
    ],
    "False": [
      74.08333333333333,
      58.5,
      44.75,
      42.75,
      16.833333333333332
    ],
    "Delay": [
      61.416666666666664,
      66.0,
      66.0,
      66.0,
      66.0
    ]
  },
  "15": {
    "Precision": [
      0.27906976744186046,
      0.23333333333333334,
      0.30434782608695654,
      0.3181818181818182,
      0.7777777777777778
    ],
    "Recall": [
      1.0,
      1.0,
      1.0,
      1.0,
      1.0
    ],
    "False": [
      74.08333333333333,
      58.5,
      44.75,
      42.75,
      16.833333333333332
    ],
    "Delay": [
      61.416666666666664,
      66.0,
      66.0,
      66.0,
      66.0
    ]
  },
  "30": {
    "Precision": [
      0.27906976744186046,
      0.23333333333333334,
      0.30434782608695654,
      0.3181818181818182,
      0.7777777777777778
    ],
    "Recall": [
      1.0,
      1.0,
      1.0,
      1.0,
      1.0
    ],
    "False": [
      74.08333333333333,
      58.5,
      44.75,
      42.75,
      16.833333333333332
    ],
    "Delay": [
      61.416666666666664,
      66.0,
      66.0,
      66.0,
      66.0
    ]
  },
  "40": {
    "Precision": [
      0.27906976744186046,
      0.23333333333333334,
      0.30434782608695654,
      0.3181818181818182,
      0.7777777777777778
    ],
    "Recall": [
      1.0,
      1.0,
      1.0,
      1.0,
      1.0
    ],
    "False": [
      74.08333333333333,
      58.5,
      44.75,
      42.75,
      16.833333333333332
    ],
    "Delay": [
      61.416666666666664,
      66.0,
      66.0,
      66.0,
      66.0
    ]
  },
  "55": {
    "Precision": [
      0.27906976744186046,
      0.23333333333333334,
      0.30434782608695654,
      0.3181818181818182,
      0.7777777777777778
    ],
    "Recall": [
      1.0,
      1.0,
      1.0,
      1.0,
      1.0
    ],
    "False": [
      74.08333333333333,
      58.5,
      44.75,
      42.75,
      16.833333333333332
    ],
    "Delay": [
      61.416666666666664,
      66.0,
      66.0,
      66.0,
      66.0
    ]
  }
}