{
  "5": {
    "Precision": [
      0.8877551020408163,
      0.9365079365079365,
      0.9583333333333334,
      0.9696969696969697,
      0.9375
    ],
    "Recall": [
      1.0,
      1.0,
      1.0,
      1.0,
      1.0
    ],
    "False": [
      18.666666666666668,
      11.166666666666666,
      8.333333333333334,
      1.8333333333333333,
      1.8333333333333333
    ],
    "Delay": [
      116.70689655172414,
      129.69767441860466,
      147.1875,
      186.6,
      189.1
    ]
  },
  "15": {
    "Precision": [
      0.8877551020408163,
      0.9365079365079365,
      0.9583333333333334,
      0.9696969696969697,
      0.9375
    ],
    "Recall": [
      1.0,
      1.0,
      1.0,
      1.0,
      1.0
    ],
    "False": [
      18.666666666666668,
      11.166666666666666,
      8.333333333333334,
      1.8333333333333333,
      1.8333333333333333
    ],
    "Delay": [
      116.70689655172414,
      129.69767441860466,
      147.1875,
      186.6,
      189.1
    ]
  },
  "30": {
    "Precision": [
      0.8877551020408163,
      0.9365079365079365,
      0.9583333333333334,
      0.9696969696969697,
      0.9375
    ],
    "Recall": [
      1.0,
      1.0,
      1.0,
      1.0,
      1.0
    ],
    "False": [
      18.666666666666668,
      11.166666666666666,
      8.333333333333334,
      1.8333333333333333,
      1.8333333333333333
    ],
    "Delay": [
      116.70689655172414,
      129.69767441860466,
      147.1875,
      186.6,
      189.1
    ]
  },
  "40": {
    "Precision": [
      0.8877551020408163,
      0.9365079365079365,
      0.9583333333333334,
      0.9696969696969697,
      0.9375
    ],
    "Recall": [
      1.0,
      1.0,
      1.0,
      1.0,
      1.0
    ],
    "False": [
      18.666666666666668,
      11.166666666666666,
      8.333333333333334,
      1.8333333333333333,
      1.8333333333333333
    ],
    "Delay": [
      116.70689655172414,
      129.69767441860466,
      147.1875,
      186.6,
      189.1
    ]
  },
  "55": {
    "Precision": [
      0.8877551020408163,
      0.9365079365079365,
      0.9583333333333334,
      0.9696969696969697,
      0.9375
    ],
    "Recall": [
      1.0,
      1.0,
      1.0,
      1.0,
      1.0
    ],
    "False": [
      18.666666666666668,
      11.166666666666666,
      8.333333333333334,
      1.8333333333333333,
      1.8333333333333333
    ],
    "Delay": [
      116.70689655172414,
      129.69767441860466,
      147.1875,
      186.6,
      189.1
    ]
  }
}