{
  "5": {
    "Precision": [
      0.8608695652173913,
      0.8761061946902655,
      0.9032258064516129,
      0.8679245283018868,
      0.7083333333333334
    ],
    "Recall": [
      1.0,
      1.0,
      1.0,
      1.0,
      1.0
    ],
    "False": [
      23.4,
      21.0,
      17.4,
      15.2,
      14.4
    ],
    "Delay": [
      64.16666666666667,
      64.16666666666667,
      70.34482758620689,
      73.10344827586206,
      107.25
    ]
  },
  "15": {
    "Precision": [
      0.8608695652173913,
      0.8761061946902655,
      0.9032258064516129,
      0.8679245283018868,
      0.7083333333333334
    ],
    "Recall": [
      1.0,
      1.0,
      1.0,
      1.0,
      1.0
    ],
    "False": [
      23.4,
      21.0,
      17.4,
      15.2,
      14.4
    ],
    "Delay": [
      64.16666666666667,
      64.16666666666667,
      70.34482758620689,
      73.10344827586206,
      107.25
    ]
  },
  "30": {
    "Precision": [
      0.8608695652173913,
      0.8761061946902655,
      0.9032258064516129,
      0.8679245283018868,
      0.7083333333333334
    ],
    "Recall": [
      1.0,
      1.0,
      1.0,
      1.0,
      1.0
    ],
    "False": [
      23.4,
      21.0,
      17.4,
      15.2,
      14.4
    ],
    "Delay": [
      64.16666666666667,
      64.16666666666667,
      70.34482758620689,
      73.10344827586206,
      107.25
    ]
  },
  "40": {
    "Precision": [
      0.8608695652173913,
      0.8761061946902655,
      0.9032258064516129,
      0.8679245283018868,
      0.7083333333333334
    ],
    "Recall": [
      1.0,
      1.0,
      1.0,
      1.0,
      1.0
    ],
    "False": [
      23.4,
      21.0,
      17.4,
      15.2,
      14.4
    ],
    "Delay": [
      64.16666666666667,
      64.16666666666667,
      70.34482758620689,
      73.10344827586206,
      107.25
    ]
  },
  "55": {
    "Precision": [
      0.8608695652173913,
      0.8761061946902655,
      0.9032258064516129,
      0.8679245283018868,
      0.7083333333333334
    ],
    "Recall": [
      1.0,
      1.0,
      1.0,
      1.0,
      1.0
    ],
    "False": [
      23.4,
      21.0,
      17.4,
      15.2,
      14.4
    ],
    "Delay": [
      64.16666666666667,
      64.16666666666667,
      70.34482758620689,
      73.10344827586206,
      107.25
    ]
  }
}