{
  "5": {
    "Precision": [
      0.9230769230769231,
      0.9333333333333333,
      0.9333333333333333,
      1,
      1
    ],
    "Recall": [
      1.0,
      1.0,
      1.0,
      1.0,
      1.0
    ],
    "False": [
      4.583333333333333,
      3.3333333333333335,
      3.0,
      1.0833333333333333,
      0.9166666666666666
    ],
    "Delay": [
      79.73469387755102,
      77.70212765957447,
      77.70212765957447,
      77.07692307692308,
      77.07692307692308
    ]
  },
  "15": {
    "Precision": [
      0.9230769230769231,
      0.9333333333333333,
      0.9333333333333333,
      1,
      1
    ],
    "Recall": [
      1.0,
      1.0,
      1.0,
      1.0,
      1.0
    ],
    "False": [
      4.583333333333333,
      3.3333333333333335,
      3.0,
      1.0833333333333333,
      0.9166666666666666
    ],
    "Delay": [
      79.73469387755102,
      77.70212765957447,
      77.70212765957447,
      77.07692307692308,
      77.07692307692308
    ]
  },
  "30": {
    "Precision": [
      0.9230769230769231,
      0.9333333333333333,
      0.9333333333333333,
      1,
      1
    ],
    "Recall": [
      1.0,
      1.0,
      1.0,
      1.0,
      1.0
    ],
    "False": [
      4.583333333333333,
      3.3333333333333335,
      3.0,
      1.0833333333333333,
      0.9166666666666666
    ],
    "Delay": [
      79.73469387755102,
      77.70212765957447,
      77.70212765957447,
      77.07692307692308,
      77.07692307692308
    ]
  },
  "40": {
    "Precision": [
      0.9230769230769231,
      0.9333333333333333,
      0.9333333333333333,
      1,
      1
    ],
    "Recall": [
      1.0,
      1.0,
      1.0,
      1.0,
      1.0
    ],
    "False": [
      4.583333333333333,
      3.3333333333333335,
      3.0,
      1.0833333333333333,
      0.9166666666666666
    ],
    "Delay": [
      79.73469387755102,
      77.70212765957447,
      77.70212765957447,
      77.07692307692308,
      77.07692307692308
    ]
  },
  "55": {
    "Precision": [
      0.9230769230769231,
      0.9333333333333333,
      0.9333333333333333,
      1,
      1
    ],
    "Recall": [
      1.0,
      1.0,
      1.0,
      1.0,
      1.0
    ],
    "False": [
      4.583333333333333,
      3.3333333333333335,
      3.0,
      1.0833333333333333,
      0.9166666666666666
    ],
    "Delay": [
      79.73469387755102,
      77.70212765957447,
      77.70212765957447,
      77.07692307692308,
      77.07692307692308
    ]
  }
}