{
  "5": {
    "Precision": [
      0.925531914893617,
      0.9365079365079365,
      0.9583333333333334,
      0.9696969696969697,
      0.9375
    ],
    "Recall": [
      1.0,
      1.0,
      1.0,
      1.0,
      1.0
    ],
    "False": [
      15.0,
      11.166666666666666,
      8.333333333333334,
      1.8333333333333333,
      1.8333333333333333
    ],
    "Delay": [
      116.72222222222223,
      139.57142857142858,
      147.1875,
      186.6,
      189.1
    ]
  },
  "15": {
    "Precision": [
      0.925531914893617,
      0.9365079365079365,
      0.9583333333333334,
      0.9696969696969697,
      0.9375
    ],
    "Recall": [
      1.0,
      1.0,
      1.0,
      1.0,
      1.0
    ],
    "False": [
      15.0,
      11.166666666666666,
      8.333333333333334,
      1.8333333333333333,
      1.8333333333333333
    ],
    "Delay": [
      116.72222222222223,
      139.57142857142858,
      147.1875,
      186.6,
      189.1
    ]
  },
  "30": {
    "Precision": [
      0.925531914893617,
      0.9365079365079365,
      0.9583333333333334,
      0.9696969696969697,
      0.9375
    ],
    "Recall": [
      1.0,
      1.0,
      1.0,
      1.0,
      1.0
    ],
    "False": [
      15.0,
      11.166666666666666,
      8.333333333333334,
      1.8333333333333333,
      1.8333333333333333
    ],
    "Delay": [
      116.72222222222223,
      139.57142857142858,
      147.1875,
      186.6,
      189.1
    ]
  },
  "40": {
    "Precision": [
      0.925531914893617,
      0.9365079365079365,
      0.9583333333333334,
      0.9696969696969697,
      0.9375
    ],
    "Recall": [
      1.0,
      1.0,
      1.0,
      1.0,
      1.0
    ],
    "False": [
      15.0,
      11.166666666666666,
      8.333333333333334,
      1.8333333333333333,
      1.8333333333333333
    ],
    "Delay": [
      116.72222222222223,
      139.57142857142858,
      147.1875,
      186.6,
      189.1
    ]
  },
  "55": {
    "Precision": [
      0.925531914893617,
      0.9365079365079365,
      0.9583333333333334,
      0.9696969696969697,
      0.9375
    ],
    "Recall": [
      1.0,
      1.0,
      1.0,
      1.0,
      1.0
    ],
    "False": [
      15.0,
      11.166666666666666,
      8.333333333333334,
      1.8333333333333333,
      1.8333333333333333
    ],
    "Delay": [
      116.72222222222223,
      139.57142857142858,
      147.1875,
      186.6,
      189.1
    ]
  }
}