{
  "5": {
    "Precision": [
      1,
      1,
      1,
      1,
      1
    ],
    "Recall": [
      1.0,
      1.0,
      1.0,
      1.0,
      1.0
    ],
    "False": [
      0.0,
      0.0,
      0.0,
      0.0,
      0.0
    ],
    "Delay": [
      115.5,
      118.45454545454545,
      118.45454545454545,
      120.5625,
      115.44827586206897
    ]
  },
  "15": {
    "Precision": [
      1,
      1,
      1,
      1,
      1
    ],
    "Recall": [
      1.0,
      1.0,
      1.0,
      1.0,
      1.0
    ],
    "False": [
      0.0,
      0.0,
      0.0,
      0.0,
      0.0
    ],
    "Delay": [
      115.5,
      118.45454545454545,
      118.45454545454545,
      120.5625,
      115.44827586206897
    ]
  },
  "30": {
    "Precision": [
      1,
      1,
      1,
      1,
      1
    ],
    "Recall": [
      1.0,
      1.0,
      1.0,
      1.0,
      1.0
    ],
    "False": [
      0.0,
      0.0,
      0.0,
      0.0,
      0.0
    ],
    "Delay": [
      115.5,
      118.45454545454545,
      118.45454545454545,
      120.5625,
      115.44827586206897
    ]
  },
  "40": {
    "Precision": [
      1,
      1,
      1,
      1,
      1
    ],
    "Recall": [
      1.0,
      1.0,
      1.0,
      1.0,
      1.0
    ],
    "False": [
      0.0,
      0.0,
      0.0,
      0.0,
      0.0
    ],
    "Delay": [
      115.5,
      118.45454545454545,
      118.45454545454545,
      120.5625,
      115.44827586206897
    ]
  },
  "55": {
    "Precision": [
      1,
      1,
      1,
      1,
      1
    ],
    "Recall": [
      1.0,
      1.0,
      1.0,
      1.0,
      1.0
    ],
    "False": [
      0.0,
      0.0,
      0.0,
      0.0,
      0.0
    ],
    "Delay": [
      115.5,
      118.45454545454545,
      118.45454545454545,
      120.5625,
      115.44827586206897
    ]
  }
}