{
  "5": {
    "Precision": [
      0.8608695652173913,
      0.8761061946902655,
      0.865979381443299,
      0.8679245283018868,
      0.7083333333333334
    ],
    "Recall": [
      1.0,
      1.0,
      1.0,
      1.0,
      1.0
    ],
    "False": [
      23.4,
      21.0,
      19.8,
      15.2,
      14.4
    ],
    "Delay": [
      64.16666666666667,
      64.16666666666667,
      70.41666666666667,
      70.34482758620689,
      74.65517241379311
    ]
  },
  "15": {
    "Precision": [
      0.8608695652173913,
      0.8761061946902655,
      0.865979381443299,
      0.8679245283018868,
      0.7083333333333334
    ],
    "Recall": [
      1.0,
      1.0,
      1.0,
      1.0,
      1.0
    ],
    "False": [
      23.4,
      21.0,
      19.8,
      15.2,
      14.4
    ],
    "Delay": [
      64.16666666666667,
      64.16666666666667,
      70.41666666666667,
      70.34482758620689,
      74.65517241379311
    ]
  },
  "30": {
    "Precision": [
      0.8608695652173913,
      0.8761061946902655,
      0.865979381443299,
      0.8679245283018868,
      0.7083333333333334
    ],
    "Recall": [
      1.0,
      1.0,
      1.0,
      1.0,
      1.0
    ],
    "False": [
      23.4,
      21.0,
      19.8,
      15.2,
      14.4
    ],
    "Delay": [
      64.16666666666667,
      64.16666666666667,
      70.41666666666667,
      70.34482758620689,
      74.65517241379311
    ]
  },
  "40": {
    "Precision": [
      0.8608695652173913,
      0.8761061946902655,
      0.865979381443299,
      0.8679245283018868,
      0.7083333333333334
    ],
    "Recall": [
      1.0,
      1.0,
      1.0,
      1.0,
      1.0
    ],
    "False": [
      23.4,
      21.0,
      19.8,
      15.2,
      14.4
    ],
    "Delay": [
      64.16666666666667,
      64.16666666666667,
      70.41666666666667,
      70.34482758620689,
      74.65517241379311
    ]
  },
  "55": {
    "Precision": [
      0.8608695652173913,
      0.8761061946902655,
      0.865979381443299,
      0.8679245283018868,
      0.7083333333333334
    ],
    "Recall": [
      1.0,
      1.0,
      1.0,
      1.0,
      1.0
    ],
    "False": [
      23.4,
      21.0,
      19.8,
      15.2,
      14.4
    ],
    "Delay": [
      64.16666666666667,
      64.16666666666667,
      70.41666666666667,
      70.34482758620689,
      74.65517241379311
    ]
  }
}