{
  "5": {
    "Precision": [
      0.6397058823529411,
      0.8082191780821918,
      0.9411764705882353,
      0.9696969696969697,
      0.9375
    ],
    "Recall": [
      1.0,
      1.0,
      1.0,
      1.0,
      1.0
    ],
    "False": [
      59.916666666666664,
      24.0,
      9.25,
      1.8333333333333333,
      1.8333333333333333
    ],
    "Delay": [
      112.03076923076924,
      104.31111111111112,
      119.71428571428571,
      102.77777777777777,
      102.77777777777777
    ]
  },
  "15": {
    "Precision": [
      0.6397058823529411,
      0.8082191780821918,
      0.9411764705882353,
      0.9696969696969697,
      0.9375
    ],
    "Recall": [
      1.0,
      1.0,
      1.0,
      1.0,
      1.0
    ],
    "False": [
      59.916666666666664,
      24.0,
      9.25,
      1.8333333333333333,
      1.8333333333333333
    ],
    "Delay": [
      112.03076923076924,
      104.31111111111112,
      119.71428571428571,
      102.77777777777777,
      102.77777777777777
    ]
  },
  "30": {
    "Precision": [
      0.6397058823529411,
      0.8082191780821918,
      0.9411764705882353,
      0.9696969696969697,
      0.9375
    ],
    "Recall": [
      1.0,
      1.0,
      1.0,
      1.0,
      1.0
    ],
    "False": [
      59.916666666666664,
      24.0,
      9.25,
      1.8333333333333333,
      1.8333333333333333
    ],
    "Delay": [
      112.03076923076924,
      104.31111111111112,
      119.71428571428571,
      102.77777777777777,
      102.77777777777777
    ]
  },
  "40": {
    "Precision": [
      0.6397058823529411,
      0.8082191780821918,
      0.9411764705882353,
      0.9696969696969697,
      0.9375
    ],
    "Recall": [
      1.0,
      1.0,
      1.0,
      1.0,
      1.0
    ],
    "False": [
      59.916666666666664,
      24.0,
      9.25,
      1.8333333333333333,
      1.8333333333333333
    ],
    "Delay": [
      112.03076923076924,
      104.31111111111112,
      119.71428571428571,
      102.77777777777777,
      102.77777777777777
    ]
  },
  "55": {
    "Precision": [
      0.6397058823529411,
      0.8082191780821918,
      0.9411764705882353,
      0.9696969696969697,
      0.9375
    ],
    "Recall": [
      1.0,
      1.0,
      1.0,
      1.0,
      1.0
    ],
    "False": [
      59.916666666666664,
      24.0,
      9.25,
      1.8333333333333333,
      1.8333333333333333
    ],
    "Delay": [
      112.03076923076924,
      104.31111111111112,
      119.71428571428571,
      102.77777777777777,
      102.77777777777777
    ]
  }
}