{
  "5": {
    "Precision": [
      0.8083832335329342,
      0.8079470198675497,
      0.7910447761194029,
      0.7768595041322314,
      0.7777777777777778
    ],
    "Recall": [
      1,
      1,
      1,
      1,
      1
    ],
    "False": [
      36.285714285714285,
      30.714285714285715,
      29.142857142857142,
      28.142857142857142,
      24.571428571428573
    ],
    "Delay": [
      35.285714285714285,
      38.976190476190474,
      41.595238095238095,
      43.916666666666664,
      48.5
    ]
  },
  "15": {
    "Precision": [
      0.8083832335329342,
      0.8079470198675497,
      0.7910447761194029,
      0.7768595041322314,
      0.7777777777777778
    ],
    "Recall": [
      1,
      1,
      1,
      1,
      1
    ],
    "False": [
      36.285714285714285,
      30.714285714285715,
      29.142857142857142,
      28.142857142857142,
      24.571428571428573
    ],
    "Delay": [
      35.285714285714285,
      38.976190476190474,
      41.595238095238095,
      43.916666666666664,
      48.5
    ]
  },
  "30": {
    "Precision": [
      0.8083832335329342,
      0.8079470198675497,
      0.7910447761194029,
      0.7768595041322314,
      0.7777777777777778
    ],
    "Recall": [
      1,
      1,
      1,
      1,
      1
    ],
    "False": [
      36.285714285714285,
      30.714285714285715,
      29.142857142857142,
      28.142857142857142,
      24.571428571428573
    ],
    "Delay": [
      35.285714285714285,
      38.976190476190474,
      41.595238095238095,
      43.916666666666664,
      48.5
    ]
  },
  "40": {
    "Precision": [
      0.8083832335329342,
      0.8079470198675497,
      0.7910447761194029,
      0.7768595041322314,
      0.7777777777777778
    ],
    "Recall": [
      1,
      1,
      1,
      1,
      1
    ],
    "False": [
      36.285714285714285,
      30.714285714285715,
      29.142857142857142,
      28.142857142857142,
      24.571428571428573
    ],
    "Delay": [
      35.285714285714285,
      38.976190476190474,
      41.595238095238095,
      43.916666666666664,
      48.5
    ]
  },
  "55": {
    "Precision": [
      0.8083832335329342,
      0.8079470198675497,
      0.7910447761194029,
      0.7768595041322314,
      0.7777777777777778
    ],
    "Recall": [
      1,
      1,
      1,
      1,
      1
    ],
    "False": [
      36.285714285714285,
      30.714285714285715,
      29.142857142857142,
      28.142857142857142,
      24.571428571428573
    ],
    "Delay": [
      35.285714285714285,
      38.976190476190474,
      41.595238095238095,
      43.916666666666664,
      48.5
    ]
  }
}