{
  "5": {
    "Precision": [
      0.7330097087378641,
      0.7383720930232558,
      0.7419354838709677,
      0.734375,
      0.7731958762886598
    ],
    "Recall": [
      1,
      1,
      1,
      1,
      1
    ],
    "False": [
      58.666666666666664,
      47.666666666666664,
      42.166666666666664,
      35.75,
      22.916666666666668
    ],
    "Delay": [
      41.53472222222222,
      43.0625,
      44.625,
      49.97222222222222,
      49.969465648854964
    ]
  },
  "15": {
    "Precision": [
      0.7330097087378641,
      0.7383720930232558,
      0.7419354838709677,
      0.734375,
      0.7731958762886598
    ],
    "Recall": [
      1,
      1,
      1,
      1,
      1
    ],
    "False": [
      58.666666666666664,
      47.666666666666664,
      42.166666666666664,
      35.75,
      22.916666666666668
    ],
    "Delay": [
      41.53472222222222,
      43.0625,
      44.625,
      49.97222222222222,
      49.969465648854964
    ]
  },
  "30": {
    "Precision": [
      0.7330097087378641,
      0.7383720930232558,
      0.7419354838709677,
      0.734375,
      0.7731958762886598
    ],
    "Recall": [
      1,
      1,
      1,
      1,
      1
    ],
    "False": [
      58.666666666666664,
      47.666666666666664,
      42.166666666666664,
      35.75,
      22.916666666666668
    ],
    "Delay": [
      41.53472222222222,
      43.0625,
      44.625,
      49.97222222222222,
      49.969465648854964
    ]
  },
  "40": {
    "Precision": [
      0.7330097087378641,
      0.7383720930232558,
      0.7419354838709677,
      0.734375,
      0.7731958762886598
    ],
    "Recall": [
      1,
      1,
      1,
      1,
      1
    ],
    "False": [
      58.666666666666664,
      47.666666666666664,
      42.166666666666664,
      35.75,
      22.916666666666668
    ],
    "Delay": [
      41.53472222222222,
      43.0625,
      44.625,
      49.97222222222222,
      49.969465648854964
    ]
  },
  "55": {
    "Precision": [
      0.7330097087378641,
      0.7383720930232558,
      0.7419354838709677,
      0.734375,
      0.7731958762886598
    ],
    "Recall": [
      1,
      1,
      1,
      1,
      1
    ],
    "False": [
      58.666666666666664,
      47.666666666666664,
      42.166666666666664,
      35.75,
      22.916666666666668
    ],
    "Delay": [
      41.53472222222222,
      43.0625,
      44.625,
      49.97222222222222,
      49.969465648854964
    ]
  }
}