{
  "5": {
    "Precision": [
      0.6704545454545454,
      0.7162162162162162,
      0.712707182320442,
      0.7342657342657343,
      0.7394957983193278
    ],
    "Recall": [
      1,
      1,
      1,
      1,
      1
    ],
    "False": [
      92.58333333333333,
      66.91666666666667,
      54.083333333333336,
      40.333333333333336,
      32.083333333333336
    ],
    "Delay": [
      40.06993006993007,
      41.25874125874126,
      42.97202797202797,
      45.607142857142854,
      48.2992700729927
    ]
  },
  "15": {
    "Precision": [
      0.6704545454545454,
      0.7162162162162162,
      0.712707182320442,
      0.7342657342657343,
      0.7394957983193278
    ],
    "Recall": [
      1,
      1,
      1,
      1,
      1
    ],
    "False": [
      92.58333333333333,
      66.91666666666667,
      54.083333333333336,
      40.333333333333336,
      32.083333333333336
    ],
    "Delay": [
      40.06993006993007,
      41.25874125874126,
      42.97202797202797,
      45.607142857142854,
      48.2992700729927
    ]
  },
  "30": {
    "Precision": [
      0.6704545454545454,
      0.7162162162162162,
      0.712707182320442,
      0.7342657342657343,
      0.7394957983193278
    ],
    "Recall": [
      1,
      1,
      1,
      1,
      1
    ],
    "False": [
      92.58333333333333,
      66.91666666666667,
      54.083333333333336,
      40.333333333333336,
      32.083333333333336
    ],
    "Delay": [
      40.06993006993007,
      41.25874125874126,
      42.97202797202797,
      45.607142857142854,
      48.2992700729927
    ]
  },
  "40": {
    "Precision": [
      0.6704545454545454,
      0.7162162162162162,
      0.712707182320442,
      0.7342657342657343,
      0.7394957983193278
    ],
    "Recall": [
      1,
      1,
      1,
      1,
      1
    ],
    "False": [
      92.58333333333333,
      66.91666666666667,
      54.083333333333336,
      40.333333333333336,
      32.083333333333336
    ],
    "Delay": [
      40.06993006993007,
      41.25874125874126,
      42.97202797202797,
      45.607142857142854,
      48.2992700729927
    ]
  },
  "55": {
    "Precision": [
      0.6704545454545454,
      0.7162162162162162,
      0.712707182320442,
      0.7342657342657343,
      0.7394957983193278
    ],
    "Recall": [
      1,
      1,
      1,
      1,
      1
    ],
    "False": [
      92.58333333333333,
      66.91666666666667,
      54.083333333333336,
      40.333333333333336,
      32.083333333333336
    ],
    "Delay": [
      40.06993006993007,
      41.25874125874126,
      42.97202797202797,
      45.607142857142854,
      48.2992700729927
    ]
  }
}