{
  "5": {
    "Precision": [
      0.8176795580110497,
      0.8132530120481928,
      0.7986577181208053,
      0.7943262411347518,
      0.8
    ],
    "Recall": [
      1,
      1,
      1,
      1,
      1
    ],
    "False": [
      37.8,
      35.0,
      32.8,
      30.8,
      26.6
    ],
    "Delay": [
      36.1,
      39.67796610169491,
      42.728813559322035,
      46.6271186440678,
      47.05084745762712
    ]
  },
  "15": {
    "Precision": [
      0.8176795580110497,
      0.8132530120481928,
      0.7986577181208053,
      0.7943262411347518,
      0.8
    ],
    "Recall": [
      1,
      1,
      1,
      1,
      1
    ],
    "False": [
      37.8,
      35.0,
      32.8,
      30.8,
      26.6
    ],
    "Delay": [
      36.1,
      39.67796610169491,
      42.728813559322035,
      46.6271186440678,
      47.05084745762712
    ]
  },
  "30": {
    "Precision": [
      0.8176795580110497,
      0.8132530120481928,
      0.7986577181208053,
      0.7943262411347518,
      0.8
    ],
    "Recall": [
      1,
      1,
      1,
      1,
      1
    ],
    "False": [
      37.8,
      35.0,
      32.8,
      30.8,
      26.6
    ],
    "Delay": [
      36.1,
      39.67796610169491,
      42.728813559322035,
      46.6271186440678,
      47.05084745762712
    ]
  },
  "40": {
    "Precision": [
      0.8176795580110497,
      0.8132530120481928,
      0.7986577181208053,
      0.7943262411347518,
      0.8
    ],
    "Recall": [
      1,
      1,
      1,
      1,
      1
    ],
    "False": [
      37.8,
      35.0,
      32.8,
      30.8,
      26.6
    ],
    "Delay": [
      36.1,
      39.67796610169491,
      42.728813559322035,
      46.6271186440678,
      47.05084745762712
    ]
  },
  "55": {
    "Precision": [
      0.8176795580110497,
      0.8132530120481928,
      0.7986577181208053,
      0.7943262411347518,
      0.8
    ],
    "Recall": [
      1,
      1,
      1,
      1,
      1
    ],
    "False": [
      37.8,
      35.0,
      32.8,
      30.8,
      26.6
    ],
    "Delay": [
      36.1,
      39.67796610169491,
      42.728813559322035,
      46.6271186440678,
      47.05084745762712
    ]
  }
}