{
  "5": {
    "Precision": [
      0.6385542168674698,
      0.6492537313432836,
      0.6585365853658537,
      0.6440677966101694,
      0.6565656565656566
    ],
    "Recall": [
      1,
      1,
      1,
      1,
      1
    ],
    "False": [
      63.0,
      50.25,
      45.75,
      45.0,
      36.75
    ],
    "Delay": [
      45.5,
      47.479166666666664,
      49.145833333333336,
      50.708333333333336,
      52.479166666666664
    ]
  },
  "15": {
    "Precision": [
      0.6385542168674698,
      0.6492537313432836,
      0.6585365853658537,
      0.6440677966101694,
      0.6565656565656566
    ],
    "Recall": [
      1,
      1,
      1,
      1,
      1
    ],
    "False": [
      63.0,
      50.25,
      45.75,
      45.0,
      36.75
    ],
    "Delay": [
      45.5,
      47.479166666666664,
      49.145833333333336,
      50.708333333333336,
      52.479166666666664
    ]
  },
  "30": {
    "Precision": [
      0.6385542168674698,
      0.6492537313432836,
      0.6585365853658537,
      0.6440677966101694,
      0.6565656565656566
    ],
    "Recall": [
      1,
      1,
      1,
      1,
      1
    ],
    "False": [
      63.0,
      50.25,
      45.75,
      45.0,
      36.75
    ],
    "Delay": [
      45.5,
      47.479166666666664,
      49.145833333333336,
      50.708333333333336,
      52.479166666666664
    ]
  },
  "40": {
    "Precision": [
      0.6385542168674698,
      0.6492537313432836,
      0.6585365853658537,
      0.6440677966101694,
      0.6565656565656566
    ],
    "Recall": [
      1,
      1,
      1,
      1,
      1
    ],
    "False": [
      63.0,
      50.25,
      45.75,
      45.0,
      36.75
    ],
    "Delay": [
      45.5,
      47.479166666666664,
      49.145833333333336,
      50.708333333333336,
      52.479166666666664
    ]
  },
  "55": {
    "Precision": [
      0.6385542168674698,
      0.6492537313432836,
      0.6585365853658537,
      0.6440677966101694,
      0.6565656565656566
    ],
    "Recall": [
      1,
      1,
      1,
      1,
      1
    ],
    "False": [
      63.0,
      50.25,
      45.75,
      45.0,
      36.75
    ],
    "Delay": [
      45.5,
      47.479166666666664,
      49.145833333333336,
      50.708333333333336,
      52.479166666666664
    ]
  }
}