{
  "1": {
    "Precision": [
      0.9615384615384616,
      0.9565217391304348,
      0.9333333333333333,
      0.9166666666666666,
      0.875
    ],
    "Recall": [
      1,
      1,
      1,
      1,
      1
    ],
    "False": [
      27.633333333333333,
      27.633333333333333,
      11.59640574623281,
      11.59640574623281,
      5.78824287984873
    ],
    "Delay": [
      46.1578947368421,
      54.054054054054056,
      66.53125,
      74.8,
      89.03571428571429
    ]
  },
  "2": {
    "Precision": [
      0.9615384615384616,
      0.9565217391304348,
      0.9333333333333333,
      0.9166666666666666,
      0.875
    ],
    "Recall": [
      1,
      1,
      1,
      1,
      1
    ],
    "False": [
      27.633333333333333,
      27.633333333333333,
      11.59640574623281,
      11.59640574623281,
      5.78824287984873
    ],
    "Delay": [
      46.1578947368421,
      54.054054054054056,
      66.53125,
      74.8,
      89.03571428571429
    ]
  },
  "3": {
    "Precision": [
      0.9615384615384616,
      0.9565217391304348,
      0.9333333333333333,
      0.9166666666666666,
      0.875
    ],
    "Recall": [
      1,
      1,
      1,
      1,
      1
    ],
    "False": [
      27.633333333333333,
      27.633333333333333,
      11.59640574623281,
      11.59640574623281,
      5.78824287984873
    ],
    "Delay": [
      46.1578947368421,
      54.054054054054056,
      66.53125,
      74.8,
      89.03571428571429
    ]
  },
  "4": {
    "Precision": [
      0.9615384615384616,
      0.9565217391304348,
      0.9333333333333333,
      0.9166666666666666,
      0.875
    ],
    "Recall": [
      1,
      1,
      1,
      1,
      1
    ],
    "False": [
      27.633333333333333,
      27.633333333333333,
      11.59640574623281,
      11.59640574623281,
      5.78824287984873
    ],
    "Delay": [
      46.1578947368421,
      54.054054054054056,
      66.53125,
      74.8,
      89.03571428571429
    ]
  },
  "5": {
    "Precision": [
      0.9615384615384616,
      0.9565217391304348,
      0.9333333333333333,
      0.9166666666666666,
      0.875
    ],
    "Recall": [
      1,
      1,
      1,
      1,
      1
    ],
    "False": [
      27.633333333333333,
      27.633333333333333,
      11.59640574623281,
      11.59640574623281,
      5.78824287984873
    ],
    "Delay": [
      46.1578947368421,
      54.054054054054056,
      66.53125,
      74.8,
      89.03571428571429
    ]
  }
}