{
  "1": {
    "Precision": [
      0.8135593220338984,
      0.7962962962962963,
      0.7027027027027027,
      0.717948717948718,
      0.6071428571428571
    ],
    "Recall": [
      1,
      1,
      1,
      1,
      1
    ],
    "False": [
      46.75,
      46.75,
      39.833155620451706,
      39.833155620451706,
      31.14999169938339
    ],
    "Delay": [
      27.333333333333332,
      39.0,
      52.98245614035088,
      65.46551724137932,
      78.17241379310344
    ]
  },
  "2": {
    "Precision": [
      0.8135593220338984,
      0.7962962962962963,
      0.7027027027027027,
      0.717948717948718,
      0.6071428571428571
    ],
    "Recall": [
      1,
      1,
      1,
      1,
      1
    ],
    "False": [
      46.75,
      46.75,
      39.833155620451706,
      39.833155620451706,
      31.14999169938339
    ],
    "Delay": [
      27.333333333333332,
      39.0,
      52.98245614035088,
      65.46551724137932,
      78.17241379310344
    ]
  },
  "3": {
    "Precision": [
      0.8135593220338984,
      0.7962962962962963,
      0.7027027027027027,
      0.717948717948718,
      0.6071428571428571
    ],
    "Recall": [
      1,
      1,
      1,
      1,
      1
    ],
    "False": [
      46.75,
      46.75,
      39.833155620451706,
      39.833155620451706,
      31.14999169938339
    ],
    "Delay": [
      27.333333333333332,
      39.0,
      52.98245614035088,
      65.46551724137932,
      78.17241379310344
    ]
  },
  "4": {
    "Precision": [
      0.8135593220338984,
      0.7962962962962963,
      0.7027027027027027,
      0.717948717948718,
      0.6071428571428571
    ],
    "Recall": [
      1,
      1,
      1,
      1,
      1
    ],
    "False": [
      46.75,
      46.75,
      39.833155620451706,
      39.833155620451706,
      31.14999169938339
    ],
    "Delay": [
      27.333333333333332,
      39.0,
      52.98245614035088,
      65.46551724137932,
      78.17241379310344
    ]
  },
  "5": {
    "Precision": [
      0.8135593220338984,
      0.7962962962962963,
      0.7027027027027027,
      0.717948717948718,
      0.6071428571428571
    ],
    "Recall": [
      1,
      1,
      1,
      1,
      1
    ],
    "False": [
      46.75,
      46.75,
      39.833155620451706,
      39.833155620451706,
      31.14999169938339
    ],
    "Delay": [
      27.333333333333332,
      39.0,
      52.98245614035088,
      65.46551724137932,
      78.17241379310344
    ]
  }
}