{
  "1": {
    "Precision": [
      0.7550200803212851,
      0.7415730337078652,
      0.7160493827160493,
      0.6960352422907489,
      0.6650485436893204
    ],
    "Recall": [
      1,
      1,
      1,
      1,
      1
    ],
    "False": [
      90.36,
      90.36,
      87.79953430609514,
      87.79953430609514,
      85.46131549992235
    ],
    "Delay": [
      8.4,
      17.6,
      32.6,
      42.6,
      58.0
    ]
  },
  "2": {
    "Precision": [
      0.7550200803212851,
      0.7415730337078652,
      0.7160493827160493,
      0.6960352422907489,
      0.6650485436893204
    ],
    "Recall": [
      1,
      1,
      1,
      1,
      1
    ],
    "False": [
      90.36,
      90.36,
      87.79953430609514,
      87.79953430609514,
      85.46131549992235
    ],
    "Delay": [
      8.4,
      17.6,
      32.6,
      42.6,
      58.0
    ]
  },
  "3": {
    "Precision": [
      0.7550200803212851,
      0.7415730337078652,
      0.7160493827160493,
      0.6960352422907489,
      0.6650485436893204
    ],
    "Recall": [
      1,
      1,
      1,
      1,
      1
    ],
    "False": [
      90.36,
      90.36,
      87.79953430609514,
      87.79953430609514,
      85.46131549992235
    ],
    "Delay": [
      8.4,
      17.6,
      32.6,
      42.6,
      58.0
    ]
  },
  "4": {
    "Precision": [
      0.7550200803212851,
      0.7415730337078652,
      0.7160493827160493,
      0.6960352422907489,
      0.6650485436893204
    ],
    "Recall": [
      1,
      1,
      1,
      1,
      1
    ],
    "False": [
      90.36,
      90.36,
      87.79953430609514,
      87.79953430609514,
      85.46131549992235
    ],
    "Delay": [
      8.4,
      17.6,
      32.6,
      42.6,
      58.0
    ]
  },
  "5": {
    "Precision": [
      0.7550200803212851,
      0.7415730337078652,
      0.7160493827160493,
      0.6960352422907489,
      0.6650485436893204
    ],
    "Recall": [
      1,
      1,
      1,
      1,
      1
    ],
    "False": [
      90.36,
      90.36,
      87.79953430609514,
      87.79953430609514,
      85.46131549992235
    ],
    "Delay": [
      8.4,
      17.6,
      32.6,
      42.6,
      58.0
    ]
  }
}