{
  "1": {
    "Precision": [
      0.8075471698113208,
      0.7943548387096774,
      0.7638888888888888,
      0.7384615384615385,
      0.6982248520710059
    ],
    "Recall": [
      1,
      1,
      1,
      1,
      1
    ],
    "False": [
      97.88571428571429,
      97.88571428571429,
      92.50118120924071,
      92.50118120924071,
      87.57910820153214
    ],
    "Delay": [
      11.0,
      21.0,
      36.0,
      46.42857142857143,
      61.57142857142857
    ]
  },
  "2": {
    "Precision": [
      0.8075471698113208,
      0.7943548387096774,
      0.7638888888888888,
      0.7384615384615385,
      0.6982248520710059
    ],
    "Recall": [
      1,
      1,
      1,
      1,
      1
    ],
    "False": [
      97.88571428571429,
      97.88571428571429,
      92.50118120924071,
      92.50118120924071,
      87.57910820153214
    ],
    "Delay": [
      11.0,
      21.0,
      36.0,
      46.42857142857143,
      61.57142857142857
    ]
  },
  "3": {
    "Precision": [
      0.8075471698113208,
      0.7943548387096774,
      0.7638888888888888,
      0.7384615384615385,
      0.6982248520710059
    ],
    "Recall": [
      1,
      1,
      1,
      1,
      1
    ],
    "False": [
      97.88571428571429,
      97.88571428571429,
      92.50118120924071,
      92.50118120924071,
      87.57910820153214
    ],
    "Delay": [
      11.0,
      21.0,
      36.0,
      46.42857142857143,
      61.57142857142857
    ]
  },
  "4": {
    "Precision": [
      0.8075471698113208,
      0.7943548387096774,
      0.7638888888888888,
      0.7384615384615385,
      0.6982248520710059
    ],
    "Recall": [
      1,
      1,
      1,
      1,
      1
    ],
    "False": [
      97.88571428571429,
      97.88571428571429,
      92.50118120924071,
      92.50118120924071,
      87.57910820153214
    ],
    "Delay": [
      11.0,
      21.0,
      36.0,
      46.42857142857143,
      61.57142857142857
    ]
  },
  "5": {
    "Precision": [
      0.8075471698113208,
      0.7943548387096774,
      0.7638888888888888,
      0.7384615384615385,
      0.6982248520710059
    ],
    "Recall": [
      1,
      1,
      1,
      1,
      1
    ],
    "False": [
      97.88571428571429,
      97.88571428571429,
      92.50118120924071,
      92.50118120924071,
      87.57910820153214
    ],
    "Delay": [
      11.0,
      21.0,
      36.0,
      46.42857142857143,
      61.57142857142857
    ]
  }
}