{
  "1": {
    "Precision": [
      0.375,
      1,
      1,
      0.375,
      0.16666666666666666
    ],
    "False": [
      1.75,
      1.75,
      0.0,
      0.0,
      1.981132075471698
    ]
  },
  "2": {
    "Precision": [
      0.375,
      1,
      1,
      0.375,
      0.16666666666666666
    ],
    "False": [
      1.75,
      1.75,
      0.0,
      0.0,
      1.981132075471698
    ]
  },
  "3": {
    "Precision": [
      0.375,
      1,
      1,
      0.375,
      0.16666666666666666
    ],
    "False": [
      1.75,
      1.75,
      0.0,
      0.0,
      1.981132075471698
    ]
  },
  "4": {
    "Precision": [
      0.375,
      1,
      1,
      0.375,
      0.16666666666666666
    ],
    "False": [
      1.75,
      1.75,
      0.0,
      0.0,
      1.981132075471698
    ]
  },
  "5": {
    "Precision": [
      0.375,
      1,
      1,
      0.375,
      0.16666666666666666
    ],
    "False": [
      1.75,
      1.75,
      0.0,
      0.0,
      1.981132075471698
    ]
  }
}