{
  "1": {
    "Precision": [
      0.7272727272727273,
      0.6704545454545454,
      0.6907216494845361,
      0.6209150326797386,
      0.5606060606060606
    ],
    "Recall": [
      1,
      1,
      1,
      1,
      1
    ],
    "False": [
      53.53333333333333,
      53.53333333333333,
      50.937400469721304,
      50.937400469721304,
      48.40061913472234
    ],
    "Delay": [
      12.333333333333334,
      31.73076923076923,
      38.583333333333336,
      48.75,
      64.83333333333333
    ]
  },
  "2": {
    "Precision": [
      0.7272727272727273,
      0.6704545454545454,
      0.6907216494845361,
      0.6209150326797386,
      0.5606060606060606
    ],
    "Recall": [
      1,
      1,
      1,
      1,
      1
    ],
    "False": [
      53.53333333333333,
      53.53333333333333,
      50.937400469721304,
      50.937400469721304,
      48.40061913472234
    ],
    "Delay": [
      12.333333333333334,
      31.73076923076923,
      38.583333333333336,
      48.75,
      64.83333333333333
    ]
  },
  "3": {
    "Precision": [
      0.7272727272727273,
      0.6704545454545454,
      0.6907216494845361,
      0.6209150326797386,
      0.5606060606060606
    ],
    "Recall": [
      1,
      1,
      1,
      1,
      1
    ],
    "False": [
      53.53333333333333,
      53.53333333333333,
      50.937400469721304,
      50.937400469721304,
      48.40061913472234
    ],
    "Delay": [
      12.333333333333334,
      31.73076923076923,
      38.583333333333336,
      48.75,
      64.83333333333333
    ]
  },
  "4": {
    "Precision": [
      0.7272727272727273,
      0.6704545454545454,
      0.6907216494845361,
      0.6209150326797386,
      0.5606060606060606
    ],
    "Recall": [
      1,
      1,
      1,
      1,
      1
    ],
    "False": [
      53.53333333333333,
      53.53333333333333,
      50.937400469721304,
      50.937400469721304,
      48.40061913472234
    ],
    "Delay": [
      12.333333333333334,
      31.73076923076923,
      38.583333333333336,
      48.75,
      64.83333333333333
    ]
  },
  "5": {
    "Precision": [
      0.7272727272727273,
      0.6704545454545454,
      0.6907216494845361,
      0.6209150326797386,
      0.5606060606060606
    ],
    "Recall": [
      1,
      1,
      1,
      1,
      1
    ],
    "False": [
      53.53333333333333,
      53.53333333333333,
      50.937400469721304,
      50.937400469721304,
      48.40061913472234
    ],
    "Delay": [
      12.333333333333334,
      31.73076923076923,
      38.583333333333336,
      48.75,
      64.83333333333333
    ]
  }
}