{
  "1": {
    "Precision": [
      0.7751937984496124,
      0.7339449541284404,
      0.7603305785123967,
      0.6704545454545454,
      0.6813186813186813
    ],
    "Recall": [
      1,
      1,
      1,
      1,
      1
    ],
    "False": [
      25.742857142857144,
      25.742857142857144,
      25.55034772050448,
      25.55034772050448,
      25.37435133795134
    ],
    "Delay": [
      10.428571428571429,
      31.142857142857142,
      32.42857142857143,
      57.285714285714285,
      58.0
    ]
  },
  "2": {
    "Precision": [
      0.7751937984496124,
      0.7339449541284404,
      0.7603305785123967,
      0.6704545454545454,
      0.6813186813186813
    ],
    "Recall": [
      1,
      1,
      1,
      1,
      1
    ],
    "False": [
      25.742857142857144,
      25.742857142857144,
      25.55034772050448,
      25.55034772050448,
      25.37435133795134
    ],
    "Delay": [
      10.428571428571429,
      31.142857142857142,
      32.42857142857143,
      57.285714285714285,
      58.0
    ]
  },
  "3": {
    "Precision": [
      0.7751937984496124,
      0.7339449541284404,
      0.7603305785123967,
      0.6704545454545454,
      0.6813186813186813
    ],
    "Recall": [
      1,
      1,
      1,
      1,
      1
    ],
    "False": [
      25.742857142857144,
      25.742857142857144,
      25.55034772050448,
      25.55034772050448,
      25.37435133795134
    ],
    "Delay": [
      10.428571428571429,
      31.142857142857142,
      32.42857142857143,
      57.285714285714285,
      58.0
    ]
  },
  "4": {
    "Precision": [
      0.7751937984496124,
      0.7339449541284404,
      0.7603305785123967,
      0.6704545454545454,
      0.6813186813186813
    ],
    "Recall": [
      1,
      1,
      1,
      1,
      1
    ],
    "False": [
      25.742857142857144,
      25.742857142857144,
      25.55034772050448,
      25.55034772050448,
      25.37435133795134
    ],
    "Delay": [
      10.428571428571429,
      31.142857142857142,
      32.42857142857143,
      57.285714285714285,
      58.0
    ]
  },
  "5": {
    "Precision": [
      0.7751937984496124,
      0.7339449541284404,
      0.7603305785123967,
      0.6704545454545454,
      0.6813186813186813
    ],
    "Recall": [
      1,
      1,
      1,
      1,
      1
    ],
    "False": [
      25.742857142857144,
      25.742857142857144,
      25.55034772050448,
      25.55034772050448,
      25.37435133795134
    ],
    "Delay": [
      10.428571428571429,
      31.142857142857142,
      32.42857142857143,
      57.285714285714285,
      58.0
    ]
  }
}