{
  "1": {
    "Precision": [
      0.9090909090909091,
      0.9090909090909091,
      0.9090909090909091,
      0.9090909090909091,
      0.8888888888888888
    ],
    "Recall": [
      1,
      1,
      1,
      1,
      1
    ],
    "False": [
      2.84,
      2.84,
      2.300111813199427,
      2.300111813199427,
      1.8115942028985506
    ],
    "Delay": [
      14.2,
      38.0,
      37.25,
      57.7,
      66.55555555555556
    ]
  },
  "2": {
    "Precision": [
      0.9090909090909091,
      0.9090909090909091,
      0.9090909090909091,
      0.9090909090909091,
      0.8888888888888888
    ],
    "Recall": [
      1,
      1,
      1,
      1,
      1
    ],
    "False": [
      2.84,
      2.84,
      2.300111813199427,
      2.300111813199427,
      1.8115942028985506
    ],
    "Delay": [
      14.2,
      38.0,
      37.25,
      57.7,
      66.55555555555556
    ]
  },
  "3": {
    "Precision": [
      0.9090909090909091,
      0.9090909090909091,
      0.9090909090909091,
      0.9090909090909091,
      0.8888888888888888
    ],
    "Recall": [
      1,
      1,
      1,
      1,
      1
    ],
    "False": [
      2.84,
      2.84,
      2.300111813199427,
      2.300111813199427,
      1.8115942028985506
    ],
    "Delay": [
      14.2,
      38.0,
      37.25,
      57.7,
      66.55555555555556
    ]
  },
  "4": {
    "Precision": [
      0.9090909090909091,
      0.9090909090909091,
      0.9090909090909091,
      0.9090909090909091,
      0.8888888888888888
    ],
    "Recall": [
      1,
      1,
      1,
      1,
      1
    ],
    "False": [
      2.84,
      2.84,
      2.300111813199427,
      2.300111813199427,
      1.8115942028985506
    ],
    "Delay": [
      14.2,
      38.0,
      37.25,
      57.7,
      66.55555555555556
    ]
  },
  "5": {
    "Precision": [
      0.9090909090909091,
      0.9090909090909091,
      0.9090909090909091,
      0.9090909090909091,
      0.8888888888888888
    ],
    "Recall": [
      1,
      1,
      1,
      1,
      1
    ],
    "False": [
      2.84,
      2.84,
      2.300111813199427,
      2.300111813199427,
      1.8115942028985506
    ],
    "Delay": [
      14.2,
      38.0,
      37.25,
      57.7,
      66.55555555555556
    ]
  }
}