{
  "1": {
    "Precision": [
      0.7647058823529411,
      0.6919191919191919,
      0.7142857142857143,
      0.6347305389221557,
      0.5611510791366906
    ],
    "Recall": [
      1,
      1,
      1,
      1,
      1
    ],
    "False": [
      45.46666666666667,
      45.46666666666667,
      43.401420179135265,
      43.401420179135265,
      41.22855234428786
    ],
    "Delay": [
      13.583333333333334,
      37.5,
      39.416666666666664,
      52.166666666666664,
      65.91666666666667
    ]
  },
  "2": {
    "Precision": [
      0.7647058823529411,
      0.6919191919191919,
      0.7142857142857143,
      0.6347305389221557,
      0.5611510791366906
    ],
    "Recall": [
      1,
      1,
      1,
      1,
      1
    ],
    "False": [
      45.46666666666667,
      45.46666666666667,
      43.401420179135265,
      43.401420179135265,
      41.22855234428786
    ],
    "Delay": [
      13.583333333333334,
      37.5,
      39.416666666666664,
      52.166666666666664,
      65.91666666666667
    ]
  },
  "3": {
    "Precision": [
      0.7647058823529411,
      0.6919191919191919,
      0.7142857142857143,
      0.6347305389221557,
      0.5611510791366906
    ],
    "Recall": [
      1,
      1,
      1,
      1,
      1
    ],
    "False": [
      45.46666666666667,
      45.46666666666667,
      43.401420179135265,
      43.401420179135265,
      41.22855234428786
    ],
    "Delay": [
      13.583333333333334,
      37.5,
      39.416666666666664,
      52.166666666666664,
      65.91666666666667
    ]
  },
  "4": {
    "Precision": [
      0.7647058823529411,
      0.6919191919191919,
      0.7142857142857143,
      0.6347305389221557,
      0.5611510791366906
    ],
    "Recall": [
      1,
      1,
      1,
      1,
      1
    ],
    "False": [
      45.46666666666667,
      45.46666666666667,
      43.401420179135265,
      43.401420179135265,
      41.22855234428786
    ],
    "Delay": [
      13.583333333333334,
      37.5,
      39.416666666666664,
      52.166666666666664,
      65.91666666666667
    ]
  },
  "5": {
    "Precision": [
      0.7647058823529411,
      0.6919191919191919,
      0.7142857142857143,
      0.6347305389221557,
      0.5611510791366906
    ],
    "Recall": [
      1,
      1,
      1,
      1,
      1
    ],
    "False": [
      45.46666666666667,
      45.46666666666667,
      43.401420179135265,
      43.401420179135265,
      41.22855234428786
    ],
    "Delay": [
      13.583333333333334,
      37.5,
      39.416666666666664,
      52.166666666666664,
      65.91666666666667
    ]
  }
}