{
  "1": {
    "Precision": [
      0.6492537313432836,
      0.5803571428571429,
      0.6631578947368421,
      0.591304347826087,
      0.6016949152542372
    ],
    "Recall": [
      1,
      1,
      1,
      1,
      1
    ],
    "False": [
      46.05,
      46.05,
      45.48422907286284,
      45.48422907286284,
      44.906588867822414
    ],
    "Delay": [
      19.25,
      99.63157894736842,
      43.25,
      67.0,
      70.25
    ]
  },
  "2": {
    "Precision": [
      0.6492537313432836,
      0.5803571428571429,
      0.6631578947368421,
      0.591304347826087,
      0.6016949152542372
    ],
    "Recall": [
      1,
      1,
      1,
      1,
      1
    ],
    "False": [
      46.05,
      46.05,
      45.48422907286284,
      45.48422907286284,
      44.906588867822414
    ],
    "Delay": [
      19.25,
      99.63157894736842,
      43.25,
      67.0,
      70.25
    ]
  },
  "3": {
    "Precision": [
      0.6492537313432836,
      0.5803571428571429,
      0.6631578947368421,
      0.591304347826087,
      0.6016949152542372
    ],
    "Recall": [
      1,
      1,
      1,
      1,
      1
    ],
    "False": [
      46.05,
      46.05,
      45.48422907286284,
      45.48422907286284,
      44.906588867822414
    ],
    "Delay": [
      19.25,
      99.63157894736842,
      43.25,
      67.0,
      70.25
    ]
  },
  "4": {
    "Precision": [
      0.6492537313432836,
      0.5803571428571429,
      0.6631578947368421,
      0.591304347826087,
      0.6016949152542372
    ],
    "Recall": [
      1,
      1,
      1,
      1,
      1
    ],
    "False": [
      46.05,
      46.05,
      45.48422907286284,
      45.48422907286284,
      44.906588867822414
    ],
    "Delay": [
      19.25,
      99.63157894736842,
      43.25,
      67.0,
      70.25
    ]
  },
  "5": {
    "Precision": [
      0.6492537313432836,
      0.5803571428571429,
      0.6631578947368421,
      0.591304347826087,
      0.6016949152542372
    ],
    "Recall": [
      1,
      1,
      1,
      1,
      1
    ],
    "False": [
      46.05,
      46.05,
      45.48422907286284,
      45.48422907286284,
      44.906588867822414
    ],
    "Delay": [
      19.25,
      99.63157894736842,
      43.25,
      67.0,
      70.25
    ]
  }
}