{
  "1": {
    "Precision": [
      0.995505617977528,
      0.9943661971830986,
      0.9914893617021278,
      0.978494623655914,
      0.7777777777777778
    ],
    "False": [
      0.4,
      0.4,
      0.0,
      0.0,
      2.0
    ]
  },
  "2": {
    "Precision": [
      0.995505617977528,
      0.9943661971830986,
      0.9914893617021278,
      0.978494623655914,
      0.7777777777777778
    ],
    "False": [
      0.4,
      0.4,
      0.0,
      0.0,
      2.0
    ]
  },
  "3": {
    "Precision": [
      0.995505617977528,
      0.9943661971830986,
      0.9914893617021278,
      0.978494623655914,
      0.7777777777777778
    ],
    "False": [
      0.4,
      0.4,
      0.0,
      0.0,
      2.0
    ]
  },
  "4": {
    "Precision": [
      0.995505617977528,
      0.9943661971830986,
      0.9914893617021278,
      0.978494623655914,
      0.7777777777777778
    ],
    "False": [
      0.4,
      0.4,
      0.0,
      0.0,
      2.0
    ]
  },
  "5": {
    "Precision": [
      0.995505617977528,
      0.9943661971830986,
      0.9914893617021278,
      0.978494623655914,
      0.7777777777777778
    ],
    "False": [
      0.4,
      0.4,
      0.0,
      0.0,
      2.0
    ]
  }
}