{
  "1": {
    "Precision": [
      0.8578052228956967,
      0.8573650902837215,
      0.8432562900573827,
      0.8012713828826202,
      0.7579823369565217
    ],
    "Recall": [
      1.0,
      1.0,
      1.0,
      1.0,
      1.0
    ],
    "False": [
      15.4,
      15.4,
      0.0,
      0.0,
      16.986196522711722
    ],
    "Delay": [
      47.0,
      53.0,
      64.0,
      74.6923076923077,
      92.75
    ]
  },
  "2": {
    "Precision": [
      0.8578052228956967,
      0.8573650902837215,
      0.8432562900573827,
      0.8012713828826202,
      0.7579823369565217
    ],
    "Recall": [
      1.0,
      1.0,
      1.0,
      1.0,
      1.0
    ],
    "False": [
      15.4,
      15.4,
      0.0,
      0.0,
      16.986196522711722
    ],
    "Delay": [
      47.0,
      53.0,
      64.0,
      74.6923076923077,
      92.75
    ]
  },
  "3": {
    "Precision": [
      0.8578052228956967,
      0.8573650902837215,
      0.8432562900573827,
      0.8012713828826202,
      0.7579823369565217
    ],
    "Recall": [
      1.0,
      1.0,
      1.0,
      1.0,
      1.0
    ],
    "False": [
      15.4,
      15.4,
      0.0,
      0.0,
      16.986196522711722
    ],
    "Delay": [
      47.0,
      53.0,
      64.0,
      74.6923076923077,
      92.75
    ]
  },
  "4": {
    "Precision": [
      0.8578052228956967,
      0.8573650902837215,
      0.8432562900573827,
      0.8012713828826202,
      0.7579823369565217
    ],
    "Recall": [
      1.0,
      1.0,
      1.0,
      1.0,
      1.0
    ],
    "False": [
      15.4,
      15.4,
      0.0,
      0.0,
      16.986196522711722
    ],
    "Delay": [
      47.0,
      53.0,
      64.0,
      74.6923076923077,
      92.75
    ]
  },
  "5": {
    "Precision": [
      0.8578052228956967,
      0.8573650902837215,
      0.8432562900573827,
      0.8012713828826202,
      0.7579823369565217
    ],
    "Recall": [
      1.0,
      1.0,
      1.0,
      1.0,
      1.0
    ],
    "False": [
      15.4,
      15.4,
      0.0,
      0.0,
      16.986196522711722
    ],
    "Delay": [
      47.0,
      53.0,
      64.0,
      74.6923076923077,
      92.75
    ]
  }
}