{
  "1": {
    "Precision": [
      0.6618722798109913,
      0.6264854493915302,
      0.5751554627278109,
      0.5429779516254214,
      0.46328088580010734
    ],
    "Recall": [
      1.0,
      1.0,
      1.0,
      1.0,
      1.0
    ],
    "False": [
      27.416666666666668,
      27.416666666666668,
      22.529450943772435,
      22.529450943772435,
      18.04192672709545
    ],
    "Delay": [
      94.70370370370371,
      117.52,
      149.5,
      169.0,
      195.25
    ]
  },
  "2": {
    "Precision": [
      0.6618722798109913,
      0.6264854493915302,
      0.5751554627278109,
      0.5429779516254214,
      0.46328088580010734
    ],
    "Recall": [
      1.0,
      1.0,
      1.0,
      1.0,
      1.0
    ],
    "False": [
      27.416666666666668,
      27.416666666666668,
      22.529450943772435,
      22.529450943772435,
      18.04192672709545
    ],
    "Delay": [
      94.70370370370371,
      117.52,
      149.5,
      169.0,
      195.25
    ]
  },
  "3": {
    "Precision": [
      0.6618722798109913,
      0.6264854493915302,
      0.5751554627278109,
      0.5429779516254214,
      0.46328088580010734
    ],
    "Recall": [
      1.0,
      1.0,
      1.0,
      1.0,
      1.0
    ],
    "False": [
      27.416666666666668,
      27.416666666666668,
      22.529450943772435,
      22.529450943772435,
      18.04192672709545
    ],
    "Delay": [
      94.70370370370371,
      117.52,
      149.5,
      169.0,
      195.25
    ]
  },
  "4": {
    "Precision": [
      0.6618722798109913,
      0.6264854493915302,
      0.5751554627278109,
      0.5429779516254214,
      0.46328088580010734
    ],
    "Recall": [
      1.0,
      1.0,
      1.0,
      1.0,
      1.0
    ],
    "False": [
      27.416666666666668,
      27.416666666666668,
      22.529450943772435,
      22.529450943772435,
      18.04192672709545
    ],
    "Delay": [
      94.70370370370371,
      117.52,
      149.5,
      169.0,
      195.25
    ]
  },
  "5": {
    "Precision": [
      0.6618722798109913,
      0.6264854493915302,
      0.5751554627278109,
      0.5429779516254214,
      0.46328088580010734
    ],
    "Recall": [
      1.0,
      1.0,
      1.0,
      1.0,
      1.0
    ],
    "False": [
      27.416666666666668,
      27.416666666666668,
      22.529450943772435,
      22.529450943772435,
      18.04192672709545
    ],
    "Delay": [
      94.70370370370371,
      117.52,
      149.5,
      169.0,
      195.25
    ]
  }
}