{
  "1": {
    "Precision": [
      0.953599240265907,
      0.9452809670200976,
      0.925136165577342,
      0.9007381507381508,
      0.8047619047619048
    ],
    "Recall": [
      1.0,
      1.0,
      1.0,
      1.0,
      1.0
    ],
    "False": [
      1.8,
      1.8,
      0.0,
      0.0,
      1.6363636363636365
    ],
    "Delay": [
      51.0,
      61.0,
      76.0,
      86.0,
      101.0
    ]
  },
  "2": {
    "Precision": [
      0.953599240265907,
      0.9452809670200976,
      0.925136165577342,
      0.9007381507381508,
      0.8047619047619048
    ],
    "Recall": [
      1.0,
      1.0,
      1.0,
      1.0,
      1.0
    ],
    "False": [
      1.8,
      1.8,
      0.0,
      0.0,
      1.6363636363636365
    ],
    "Delay": [
      51.0,
      61.0,
      76.0,
      86.0,
      101.0
    ]
  },
  "3": {
    "Precision": [
      0.953599240265907,
      0.9452809670200976,
      0.925136165577342,
      0.9007381507381508,
      0.8047619047619048
    ],
    "Recall": [
      1.0,
      1.0,
      1.0,
      1.0,
      1.0
    ],
    "False": [
      1.8,
      1.8,
      0.0,
      0.0,
      1.6363636363636365
    ],
    "Delay": [
      51.0,
      61.0,
      76.0,
      86.0,
      101.0
    ]
  },
  "4": {
    "Precision": [
      0.953599240265907,
      0.9452809670200976,
      0.925136165577342,
      0.9007381507381508,
      0.8047619047619048
    ],
    "Recall": [
      1.0,
      1.0,
      1.0,
      1.0,
      1.0
    ],
    "False": [
      1.8,
      1.8,
      0.0,
      0.0,
      1.6363636363636365
    ],
    "Delay": [
      51.0,
      61.0,
      76.0,
      86.0,
      101.0
    ]
  },
  "5": {
    "Precision": [
      0.953599240265907,
      0.9452809670200976,
      0.925136165577342,
      0.9007381507381508,
      0.8047619047619048
    ],
    "Recall": [
      1.0,
      1.0,
      1.0,
      1.0,
      1.0
    ],
    "False": [
      1.8,
      1.8,
      0.0,
      0.0,
      1.6363636363636365
    ],
    "Delay": [
      51.0,
      61.0,
      76.0,
      86.0,
      101.0
    ]
  }
}