{
  "1": {
    "Precision": [
      0.7263364841190922,
      0.6886381446942097,
      0.6402796008682274,
      0.6101496715438668,
      0.5444724791534763
    ],
    "Recall": [
      1.0,
      1.0,
      1.0,
      1.0,
      1.0
    ],
    "False": [
      21.65,
      21.65,
      14.962603999321143,
      14.962603999321143,
      9.10008464277362
    ],
    "Delay": [
      88.44827586206897,
      105.73076923076923,
      142.95,
      163.38888888888889,
      193.13333333333333
    ]
  },
  "2": {
    "Precision": [
      0.7263364841190922,
      0.6886381446942097,
      0.6402796008682274,
      0.6101496715438668,
      0.5444724791534763
    ],
    "Recall": [
      1.0,
      1.0,
      1.0,
      1.0,
      1.0
    ],
    "False": [
      21.65,
      21.65,
      14.962603999321143,
      14.962603999321143,
      9.10008464277362
    ],
    "Delay": [
      88.44827586206897,
      105.73076923076923,
      142.95,
      163.38888888888889,
      193.13333333333333
    ]
  },
  "3": {
    "Precision": [
      0.7263364841190922,
      0.6886381446942097,
      0.6402796008682274,
      0.6101496715438668,
      0.5444724791534763
    ],
    "Recall": [
      1.0,
      1.0,
      1.0,
      1.0,
      1.0
    ],
    "False": [
      21.65,
      21.65,
      14.962603999321143,
      14.962603999321143,
      9.10008464277362
    ],
    "Delay": [
      88.44827586206897,
      105.73076923076923,
      142.95,
      163.38888888888889,
      193.13333333333333
    ]
  },
  "4": {
    "Precision": [
      0.7263364841190922,
      0.6886381446942097,
      0.6402796008682274,
      0.6101496715438668,
      0.5444724791534763
    ],
    "Recall": [
      1.0,
      1.0,
      1.0,
      1.0,
      1.0
    ],
    "False": [
      21.65,
      21.65,
      14.962603999321143,
      14.962603999321143,
      9.10008464277362
    ],
    "Delay": [
      88.44827586206897,
      105.73076923076923,
      142.95,
      163.38888888888889,
      193.13333333333333
    ]
  },
  "5": {
    "Precision": [
      0.7263364841190922,
      0.6886381446942097,
      0.6402796008682274,
      0.6101496715438668,
      0.5444724791534763
    ],
    "Recall": [
      1.0,
      1.0,
      1.0,
      1.0,
      1.0
    ],
    "False": [
      21.65,
      21.65,
      14.962603999321143,
      14.962603999321143,
      9.10008464277362
    ],
    "Delay": [
      88.44827586206897,
      105.73076923076923,
      142.95,
      163.38888888888889,
      193.13333333333333
    ]
  }
}