{
  "1": {
    "Precision": [
      0.952590811965812,
      0.9440958498023715,
      0.923516281512605,
      0.8985576923076923,
      0.7991071428571429
    ],
    "Recall": [
      1.0,
      1.0,
      1.0,
      1.0,
      1.0
    ],
    "False": [
      1.5,
      1.5,
      0.0,
      0.0,
      1.5789473684210527
    ],
    "Delay": [
      51.0,
      61.0,
      76.0,
      86.0,
      101.0
    ]
  },
  "2": {
    "Precision": [
      0.952590811965812,
      0.9440958498023715,
      0.923516281512605,
      0.8985576923076923,
      0.7991071428571429
    ],
    "Recall": [
      1.0,
      1.0,
      1.0,
      1.0,
      1.0
    ],
    "False": [
      1.5,
      1.5,
      0.0,
      0.0,
      1.5789473684210527
    ],
    "Delay": [
      51.0,
      61.0,
      76.0,
      86.0,
      101.0
    ]
  },
  "3": {
    "Precision": [
      0.952590811965812,
      0.9440958498023715,
      0.923516281512605,
      0.8985576923076923,
      0.7991071428571429
    ],
    "Recall": [
      1.0,
      1.0,
      1.0,
      1.0,
      1.0
    ],
    "False": [
      1.5,
      1.5,
      0.0,
      0.0,
      1.5789473684210527
    ],
    "Delay": [
      51.0,
      61.0,
      76.0,
      86.0,
      101.0
    ]
  },
  "4": {
    "Precision": [
      0.952590811965812,
      0.9440958498023715,
      0.923516281512605,
      0.8985576923076923,
      0.7991071428571429
    ],
    "Recall": [
      1.0,
      1.0,
      1.0,
      1.0,
      1.0
    ],
    "False": [
      1.5,
      1.5,
      0.0,
      0.0,
      1.5789473684210527
    ],
    "Delay": [
      51.0,
      61.0,
      76.0,
      86.0,
      101.0
    ]
  },
  "5": {
    "Precision": [
      0.952590811965812,
      0.9440958498023715,
      0.923516281512605,
      0.8985576923076923,
      0.7991071428571429
    ],
    "Recall": [
      1.0,
      1.0,
      1.0,
      1.0,
      1.0
    ],
    "False": [
      1.5,
      1.5,
      0.0,
      0.0,
      1.5789473684210527
    ],
    "Delay": [
      51.0,
      61.0,
      76.0,
      86.0,
      101.0
    ]
  }
}