{
  "1": {
    "Precision": [
      0.9942022471910112,
      0.9930164319248826,
      0.9894946808510638,
      0.9802167338709677,
      0.7
    ],
    "False": [
      0.5428571428571428,
      0.5428571428571428,
      0.0,
      0.0,
      2.625
    ]
  },
  "2": {
    "Precision": [
      0.9942022471910112,
      0.9930164319248826,
      0.9894946808510638,
      0.9802167338709677,
      0.7
    ],
    "False": [
      0.5428571428571428,
      0.5428571428571428,
      0.0,
      0.0,
      2.625
    ]
  },
  "3": {
    "Precision": [
      0.9942022471910112,
      0.9930164319248826,
      0.9894946808510638,
      0.9802167338709677,
      0.7
    ],
    "False": [
      0.5428571428571428,
      0.5428571428571428,
      0.0,
      0.0,
      2.625
    ]
  },
  "4": {
    "Precision": [
      0.9942022471910112,
      0.9930164319248826,
      0.9894946808510638,
      0.9802167338709677,
      0.7
    ],
    "False": [
      0.5428571428571428,
      0.5428571428571428,
      0.0,
      0.0,
      2.625
    ]
  },
  "5": {
    "Precision": [
      0.9942022471910112,
      0.9930164319248826,
      0.9894946808510638,
      0.9802167338709677,
      0.7
    ],
    "False": [
      0.5428571428571428,
      0.5428571428571428,
      0.0,
      0.0,
      2.625
    ]
  }
}