{
  "1": {
    "Precision": [
      0.14179271708683472,
      0.1987067492323384,
      0.26313126376254065,
      0.2738746867059125,
      0.31308922099877323
    ],
    "Recall": [
      1.0,
      1.0,
      1.0,
      1.0,
      1.0
    ],
    "False": [
      50.81666666666667,
      50.81666666666667,
      44.040952127716395,
      44.040952127716395,
      34.47631983433648
    ],
    "Delay": [
      65.0,
      65.0,
      65.0,
      83.0,
      94.85714285714286
    ]
  },
  "2": {
    "Precision": [
      0.14179271708683472,
      0.1987067492323384,
      0.26313126376254065,
      0.2738746867059125,
      0.31308922099877323
    ],
    "Recall": [
      1.0,
      1.0,
      1.0,
      1.0,
      1.0
    ],
    "False": [
      50.81666666666667,
      50.81666666666667,
      44.040952127716395,
      44.040952127716395,
      34.47631983433648
    ],
    "Delay": [
      65.0,
      65.0,
      65.0,
      83.0,
      94.85714285714286
    ]
  },
  "3": {
    "Precision": [
      0.14179271708683472,
      0.1987067492323384,
      0.26313126376254065,
      0.2738746867059125,
      0.31308922099877323
    ],
    "Recall": [
      1.0,
      1.0,
      1.0,
      1.0,
      1.0
    ],
    "False": [
      50.81666666666667,
      50.81666666666667,
      44.040952127716395,
      44.040952127716395,
      34.47631983433648
    ],
    "Delay": [
      65.0,
      65.0,
      65.0,
      83.0,
      94.85714285714286
    ]
  },
  "4": {
    "Precision": [
      0.14179271708683472,
      0.1987067492323384,
      0.26313126376254065,
      0.2738746867059125,
      0.31308922099877323
    ],
    "Recall": [
      1.0,
      1.0,
      1.0,
      1.0,
      1.0
    ],
    "False": [
      50.81666666666667,
      50.81666666666667,
      44.040952127716395,
      44.040952127716395,
      34.47631983433648
    ],
    "Delay": [
      65.0,
      65.0,
      65.0,
      83.0,
      94.85714285714286
    ]
  },
  "5": {
    "Precision": [
      0.14179271708683472,
      0.1987067492323384,
      0.26313126376254065,
      0.2738746867059125,
      0.31308922099877323
    ],
    "Recall": [
      1.0,
      1.0,
      1.0,
      1.0,
      1.0
    ],
    "False": [
      50.81666666666667,
      50.81666666666667,
      44.040952127716395,
      44.040952127716395,
      34.47631983433648
    ],
    "Delay": [
      65.0,
      65.0,
      65.0,
      83.0,
      94.85714285714286
    ]
  }
}