{
  "1": {
    "Precision": [
      0.873740257602464,
      0.8503873104877239,
      0.8122978658213977,
      0.7957845088951764,
      0.7829099080743818
    ],
    "Recall": [
      1.0,
      1.0,
      1.0,
      1.0,
      1.0
    ],
    "False": [
      8.366666666666667,
      8.366666666666667,
      5.484620757877856,
      5.484620757877856,
      3.4127672602949435
    ],
    "Delay": [
      118.92307692307692,
      98.38888888888889,
      135.64285714285714,
      162.58333333333334,
      217.75
    ]
  },
  "2": {
    "Precision": [
      0.873740257602464,
      0.8503873104877239,
      0.8122978658213977,
      0.7957845088951764,
      0.7829099080743818
    ],
    "Recall": [
      1.0,
      1.0,
      1.0,
      1.0,
      1.0
    ],
    "False": [
      8.366666666666667,
      8.366666666666667,
      5.484620757877856,
      5.484620757877856,
      3.4127672602949435
    ],
    "Delay": [
      118.92307692307692,
      98.38888888888889,
      135.64285714285714,
      162.58333333333334,
      217.75
    ]
  },
  "3": {
    "Precision": [
      0.873740257602464,
      0.8503873104877239,
      0.8122978658213977,
      0.7957845088951764,
      0.7829099080743818
    ],
    "Recall": [
      1.0,
      1.0,
      1.0,
      1.0,
      1.0
    ],
    "False": [
      8.366666666666667,
      8.366666666666667,
      5.484620757877856,
      5.484620757877856,
      3.4127672602949435
    ],
    "Delay": [
      118.92307692307692,
      98.38888888888889,
      135.64285714285714,
      162.58333333333334,
      217.75
    ]
  },
  "4": {
    "Precision": [
      0.873740257602464,
      0.8503873104877239,
      0.8122978658213977,
      0.7957845088951764,
      0.7829099080743818
    ],
    "Recall": [
      1.0,
      1.0,
      1.0,
      1.0,
      1.0
    ],
    "False": [
      8.366666666666667,
      8.366666666666667,
      5.484620757877856,
      5.484620757877856,
      3.4127672602949435
    ],
    "Delay": [
      118.92307692307692,
      98.38888888888889,
      135.64285714285714,
      162.58333333333334,
      217.75
    ]
  },
  "5": {
    "Precision": [
      0.873740257602464,
      0.8503873104877239,
      0.8122978658213977,
      0.7957845088951764,
      0.7829099080743818
    ],
    "Recall": [
      1.0,
      1.0,
      1.0,
      1.0,
      1.0
    ],
    "False": [
      8.366666666666667,
      8.366666666666667,
      5.484620757877856,
      5.484620757877856,
      3.4127672602949435
    ],
    "Delay": [
      118.92307692307692,
      98.38888888888889,
      135.64285714285714,
      162.58333333333334,
      217.75
    ]
  }
}