{
  "1": {
    "Precision": [
      0.9977272727272727,
      0.9971428571428571,
      0.9956521739130434,
      0.9888888888888889,
      0.875
    ],
    "False": [
      0.2,
      0.2,
      0.0,
      0.0,
      1.0
    ]
  },
  "2": {
    "Precision": [
      0.9977272727272727,
      0.9971428571428571,
      0.9956521739130434,
      0.9888888888888889,
      0.875
    ],
    "False": [
      0.2,
      0.2,
      0.0,
      0.0,
      1.0
    ]
  },
  "3": {
    "Precision": [
      0.9977272727272727,
      0.9971428571428571,
      0.9956521739130434,
      0.9888888888888889,
      0.875
    ],
    "False": [
      0.2,
      0.2,
      0.0,
      0.0,
      1.0
    ]
  },
  "4": {
    "Precision": [
      0.9977272727272727,
      0.9971428571428571,
      0.9956521739130434,
      0.9888888888888889,
      0.875
    ],
    "False": [
      0.2,
      0.2,
      0.0,
      0.0,
      1.0
    ]
  },
  "5": {
    "Precision": [
      0.9977272727272727,
      0.9971428571428571,
      0.9956521739130434,
      0.9888888888888889,
      0.875
    ],
    "False": [
      0.2,
      0.2,
      0.0,
      0.0,
      1.0
    ]
  }
}