{
  "1": {
    "Precision": [
      0.6603809523809524,
      0.7518095238095238,
      0.8213772338772338,
      0.8488060278501456,
      0.9027737077737077
    ],
    "Recall": [
      1.0,
      1.0,
      1.0,
      1.0,
      1.0
    ],
    "False": [
      2.5833333333333335,
      2.5833333333333335,
      0.0,
      0.0,
      1.7230953899246033
    ],
    "Delay": [
      49.0,
      59.0,
      84.25,
      99.61111111111111,
      118.0
    ]
  },
  "2": {
    "Precision": [
      0.6603809523809524,
      0.7518095238095238,
      0.8213772338772338,
      0.8488060278501456,
      0.9027737077737077
    ],
    "Recall": [
      1.0,
      1.0,
      1.0,
      1.0,
      1.0
    ],
    "False": [
      2.5833333333333335,
      2.5833333333333335,
      0.0,
      0.0,
      1.7230953899246033
    ],
    "Delay": [
      49.0,
      59.0,
      84.25,
      99.61111111111111,
      118.0
    ]
  },
  "3": {
    "Precision": [
      0.6603809523809524,
      0.7518095238095238,
      0.8213772338772338,
      0.8488060278501456,
      0.9027737077737077
    ],
    "Recall": [
      1.0,
      1.0,
      1.0,
      1.0,
      1.0
    ],
    "False": [
      2.5833333333333335,
      2.5833333333333335,
      0.0,
      0.0,
      1.7230953899246033
    ],
    "Delay": [
      49.0,
      59.0,
      84.25,
      99.61111111111111,
      118.0
    ]
  },
  "4": {
    "Precision": [
      0.6603809523809524,
      0.7518095238095238,
      0.8213772338772338,
      0.8488060278501456,
      0.9027737077737077
    ],
    "Recall": [
      1.0,
      1.0,
      1.0,
      1.0,
      1.0
    ],
    "False": [
      2.5833333333333335,
      2.5833333333333335,
      0.0,
      0.0,
      1.7230953899246033
    ],
    "Delay": [
      49.0,
      59.0,
      84.25,
      99.61111111111111,
      118.0
    ]
  },
  "5": {
    "Precision": [
      0.6603809523809524,
      0.7518095238095238,
      0.8213772338772338,
      0.8488060278501456,
      0.9027737077737077
    ],
    "Recall": [
      1.0,
      1.0,
      1.0,
      1.0,
      1.0
    ],
    "False": [
      2.5833333333333335,
      2.5833333333333335,
      0.0,
      0.0,
      1.7230953899246033
    ],
    "Delay": [
      49.0,
      59.0,
      84.25,
      99.61111111111111,
      118.0
    ]
  }
}