{
  "1": {
    "Precision": [
      0.8833506804252588,
      0.8635866161075225,
      0.8301847664272307,
      0.8214518187042639,
      0.808356524427953
    ],
    "Recall": [
      1.0,
      1.0,
      1.0,
      1.0,
      1.0
    ],
    "False": [
      7.633333333333334,
      7.633333333333334,
      5.241113647908087,
      5.241113647908087,
      3.37782742250768
    ],
    "Delay": [
      120.92,
      99.52941176470588,
      138.84615384615384,
      167.9090909090909,
      231.85714285714286
    ]
  },
  "2": {
    "Precision": [
      0.8833506804252588,
      0.8635866161075225,
      0.8301847664272307,
      0.8214518187042639,
      0.808356524427953
    ],
    "Recall": [
      1.0,
      1.0,
      1.0,
      1.0,
      1.0
    ],
    "False": [
      7.633333333333334,
      7.633333333333334,
      5.241113647908087,
      5.241113647908087,
      3.37782742250768
    ],
    "Delay": [
      120.92,
      99.52941176470588,
      138.84615384615384,
      167.9090909090909,
      231.85714285714286
    ]
  },
  "3": {
    "Precision": [
      0.8833506804252588,
      0.8635866161075225,
      0.8301847664272307,
      0.8214518187042639,
      0.808356524427953
    ],
    "Recall": [
      1.0,
      1.0,
      1.0,
      1.0,
      1.0
    ],
    "False": [
      7.633333333333334,
      7.633333333333334,
      5.241113647908087,
      5.241113647908087,
      3.37782742250768
    ],
    "Delay": [
      120.92,
      99.52941176470588,
      138.84615384615384,
      167.9090909090909,
      231.85714285714286
    ]
  },
  "4": {
    "Precision": [
      0.8833506804252588,
      0.8635866161075225,
      0.8301847664272307,
      0.8214518187042639,
      0.808356524427953
    ],
    "Recall": [
      1.0,
      1.0,
      1.0,
      1.0,
      1.0
    ],
    "False": [
      7.633333333333334,
      7.633333333333334,
      5.241113647908087,
      5.241113647908087,
      3.37782742250768
    ],
    "Delay": [
      120.92,
      99.52941176470588,
      138.84615384615384,
      167.9090909090909,
      231.85714285714286
    ]
  },
  "5": {
    "Precision": [
      0.8833506804252588,
      0.8635866161075225,
      0.8301847664272307,
      0.8214518187042639,
      0.808356524427953
    ],
    "Recall": [
      1.0,
      1.0,
      1.0,
      1.0,
      1.0
    ],
    "False": [
      7.633333333333334,
      7.633333333333334,
      5.241113647908087,
      5.241113647908087,
      3.37782742250768
    ],
    "Delay": [
      120.92,
      99.52941176470588,
      138.84615384615384,
      167.9090909090909,
      231.85714285714286
    ]
  }
}