{
  "1": {
    "Precision": [
      0.7564906123008718,
      0.6880100494610739,
      0.6260796227919907,
      0.5815555643849993,
      0.5262723792542605
    ],
    "Recall": [
      1.0,
      1.0,
      1.0,
      1.0,
      1.0
    ],
    "False": [
      19.366666666666667,
      19.366666666666667,
      8.270387432321655,
      8.270387432321655,
      3.6731487546704646
    ],
    "Delay": [
      96.0909090909091,
      62.333333333333336,
      109.92307692307692,
      128.27272727272728,
      153.875
    ]
  },
  "2": {
    "Precision": [
      0.7564906123008718,
      0.6880100494610739,
      0.6260796227919907,
      0.5815555643849993,
      0.5262723792542605
    ],
    "Recall": [
      1.0,
      1.0,
      1.0,
      1.0,
      1.0
    ],
    "False": [
      19.366666666666667,
      19.366666666666667,
      8.270387432321655,
      8.270387432321655,
      3.6731487546704646
    ],
    "Delay": [
      96.0909090909091,
      62.333333333333336,
      109.92307692307692,
      128.27272727272728,
      153.875
    ]
  },
  "3": {
    "Precision": [
      0.7564906123008718,
      0.6880100494610739,
      0.6260796227919907,
      0.5815555643849993,
      0.5262723792542605
    ],
    "Recall": [
      1.0,
      1.0,
      1.0,
      1.0,
      1.0
    ],
    "False": [
      19.366666666666667,
      19.366666666666667,
      8.270387432321655,
      8.270387432321655,
      3.6731487546704646
    ],
    "Delay": [
      96.0909090909091,
      62.333333333333336,
      109.92307692307692,
      128.27272727272728,
      153.875
    ]
  },
  "4": {
    "Precision": [
      0.7564906123008718,
      0.6880100494610739,
      0.6260796227919907,
      0.5815555643849993,
      0.5262723792542605
    ],
    "Recall": [
      1.0,
      1.0,
      1.0,
      1.0,
      1.0
    ],
    "False": [
      19.366666666666667,
      19.366666666666667,
      8.270387432321655,
      8.270387432321655,
      3.6731487546704646
    ],
    "Delay": [
      96.0909090909091,
      62.333333333333336,
      109.92307692307692,
      128.27272727272728,
      153.875
    ]
  },
  "5": {
    "Precision": [
      0.7564906123008718,
      0.6880100494610739,
      0.6260796227919907,
      0.5815555643849993,
      0.5262723792542605
    ],
    "Recall": [
      1.0,
      1.0,
      1.0,
      1.0,
      1.0
    ],
    "False": [
      19.366666666666667,
      19.366666666666667,
      8.270387432321655,
      8.270387432321655,
      3.6731487546704646
    ],
    "Delay": [
      96.0909090909091,
      62.333333333333336,
      109.92307692307692,
      128.27272727272728,
      153.875
    ]
  }
}