{
  "1": {
    "Precision": [
      0.9489696106362773,
      0.9397254114645419,
      0.9171996576408341,
      0.8896270396270397,
      0.776984126984127
    ],
    "Recall": [
      1.0,
      1.0,
      1.0,
      1.0,
      1.0
    ],
    "False": [
      2.1,
      2.1,
      0.0,
      0.0,
      1.8688524590163933
    ],
    "Delay": [
      51.0,
      61.0,
      76.0,
      86.0,
      101.0
    ]
  },
  "2": {
    "Precision": [
      0.9489696106362773,
      0.9397254114645419,
      0.9171996576408341,
      0.8896270396270397,
      0.776984126984127
    ],
    "Recall": [
      1.0,
      1.0,
      1.0,
      1.0,
      1.0
    ],
    "False": [
      2.1,
      2.1,
      0.0,
      0.0,
      1.8688524590163933
    ],
    "Delay": [
      51.0,
      61.0,
      76.0,
      86.0,
      101.0
    ]
  },
  "3": {
    "Precision": [
      0.9489696106362773,
      0.9397254114645419,
      0.9171996576408341,
      0.8896270396270397,
      0.776984126984127
    ],
    "Recall": [
      1.0,
      1.0,
      1.0,
      1.0,
      1.0
    ],
    "False": [
      2.1,
      2.1,
      0.0,
      0.0,
      1.8688524590163933
    ],
    "Delay": [
      51.0,
      61.0,
      76.0,
      86.0,
      101.0
    ]
  },
  "4": {
    "Precision": [
      0.9489696106362773,
      0.9397254114645419,
      0.9171996576408341,
      0.8896270396270397,
      0.776984126984127
    ],
    "Recall": [
      1.0,
      1.0,
      1.0,
      1.0,
      1.0
    ],
    "False": [
      2.1,
      2.1,
      0.0,
      0.0,
      1.8688524590163933
    ],
    "Delay": [
      51.0,
      61.0,
      76.0,
      86.0,
      101.0
    ]
  },
  "5": {
    "Precision": [
      0.9489696106362773,
      0.9397254114645419,
      0.9171996576408341,
      0.8896270396270397,
      0.776984126984127
    ],
    "Recall": [
      1.0,
      1.0,
      1.0,
      1.0,
      1.0
    ],
    "False": [
      2.1,
      2.1,
      0.0,
      0.0,
      1.8688524590163933
    ],
    "Delay": [
      51.0,
      61.0,
      76.0,
      86.0,
      101.0
    ]
  }
}