{
  "1": {
    "Precision": [
      0.1454050711193568,
      0.203964468670351,
      0.270420338796914,
      0.31085714285714283,
      0.36763281951855764
    ],
    "Recall": [
      1.0,
      1.0,
      1.0,
      1.0,
      1.0
    ],
    "False": [
      47.38333333333333,
      47.38333333333333,
      41.94734012508606,
      41.94734012508606,
      33.62112765159996
    ],
    "Delay": [
      65.0,
      65.0,
      65.0,
      65.0,
      65.0
    ]
  },
  "2": {
    "Precision": [
      0.1454050711193568,
      0.203964468670351,
      0.270420338796914,
      0.31085714285714283,
      0.36763281951855764
    ],
    "Recall": [
      1.0,
      1.0,
      1.0,
      1.0,
      1.0
    ],
    "False": [
      47.38333333333333,
      47.38333333333333,
      41.94734012508606,
      41.94734012508606,
      33.62112765159996
    ],
    "Delay": [
      65.0,
      65.0,
      65.0,
      65.0,
      65.0
    ]
  },
  "3": {
    "Precision": [
      0.1454050711193568,
      0.203964468670351,
      0.270420338796914,
      0.31085714285714283,
      0.36763281951855764
    ],
    "Recall": [
      1.0,
      1.0,
      1.0,
      1.0,
      1.0
    ],
    "False": [
      47.38333333333333,
      47.38333333333333,
      41.94734012508606,
      41.94734012508606,
      33.62112765159996
    ],
    "Delay": [
      65.0,
      65.0,
      65.0,
      65.0,
      65.0
    ]
  },
  "4": {
    "Precision": [
      0.1454050711193568,
      0.203964468670351,
      0.270420338796914,
      0.31085714285714283,
      0.36763281951855764
    ],
    "Recall": [
      1.0,
      1.0,
      1.0,
      1.0,
      1.0
    ],
    "False": [
      47.38333333333333,
      47.38333333333333,
      41.94734012508606,
      41.94734012508606,
      33.62112765159996
    ],
    "Delay": [
      65.0,
      65.0,
      65.0,
      65.0,
      65.0
    ]
  },
  "5": {
    "Precision": [
      0.1454050711193568,
      0.203964468670351,
      0.270420338796914,
      0.31085714285714283,
      0.36763281951855764
    ],
    "Recall": [
      1.0,
      1.0,
      1.0,
      1.0,
      1.0
    ],
    "False": [
      47.38333333333333,
      47.38333333333333,
      41.94734012508606,
      41.94734012508606,
      33.62112765159996
    ],
    "Delay": [
      65.0,
      65.0,
      65.0,
      65.0,
      65.0
    ]
  }
}